region_id,name,kind,type,year,quarter,download_mbps,upload_mbps,latency_ms,tile_median_download_mbps,tests,devices,tiles
C-baku,Baku,city,fixed,2019,1,16.236,16.824,23.69,5.632,79639.0,23576.0,2238
C-ganja,Ganja,city,fixed,2019,1,6.054,5.445,89.59,3.957,929.0,364.0,119
C-lankaran,Lankaran,city,fixed,2019,1,3.682,3.203,62.1,2.774,136.0,59.0,34
C-mingachevir,Mingachevir,city,fixed,2019,1,9.318,9.062,31.58,4.818,201.0,110.0,43
C-nakhchivan,Nakhchivan,city,fixed,2019,1,2.273,1.397,140.26,2.209,321.0,77.0,43
C-shaki,Shaki,city,fixed,2019,1,4.9,5.314,71.8,2.886,111.0,50.0,20
C-shirvan,Shirvan,city,fixed,2019,1,7.149,3.807,39.41,5.508,73.0,29.0,15
C-sumqayit,Sumqayit,city,fixed,2019,1,14.134,14.389,35.35,7.314,3055.0,879.0,140
C-yevlakh,Yevlakh,city,fixed,2019,1,3.321,1.805,52.6,1.693,60.0,27.0,17
D-absheron,Absheron,district,fixed,2019,1,9.404,8.74,32.83,3.95,4420.0,1264.0,300
D-agdam,Agdam,district,fixed,2019,1,0.631,0.581,309.88,0.648,8.0,4.0,3
D-agdash,Agdash,district,fixed,2019,1,1.842,0.748,57.82,1.359,77.0,35.0,32
D-aghjabadi,Aghjabadi,district,fixed,2019,1,1.753,1.085,46.46,1.546,106.0,42.0,36
D-agstafa,Agstafa,district,fixed,2019,1,1.74,1.162,176.0,1.364,62.0,35.0,30
D-agsu,Agsu,district,fixed,2019,1,7.532,4.622,28.84,3.21,50.0,39.0,27
D-astara,Astara,district,fixed,2019,1,1.892,0.644,101.28,1.177,156.0,47.0,39
D-babek,Babek,district,fixed,2019,1,4.552,2.386,114.41,1.12,27.0,19.0,18
D-balakan,Balakan,district,fixed,2019,1,2.75,1.288,92.4,1.633,77.0,35.0,31
D-barda,Barda,district,fixed,2019,1,3.945,2.635,50.57,2.133,188.0,66.0,55
D-beylagan,Beylagan,district,fixed,2019,1,2.996,0.823,41.37,2.607,49.0,17.0,15
D-bilasuvar,Bilasuvar,district,fixed,2019,1,2.084,0.973,63.0,1.506,76.0,45.0,34
D-dashkasan,Dashkasan,district,fixed,2019,1,3.707,2.41,49.88,3.746,8.0,5.0,5
D-fuzuli,Fuzuli,district,fixed,2019,1,11.339,5.238,49.09,8.095,70.0,19.0,19
D-gadabay,Gadabay,district,fixed,2019,1,2.019,0.882,99.33,2.42,210.0,21.0,16
D-gobustan,Gobustan,district,fixed,2019,1,1.677,0.422,52.0,0.942,22.0,7.0,7
D-goranboy,Goranboy,district,fixed,2019,1,6.88,13.681,55.64,2.011,129.0,56.0,31
D-goychay,Goychay,district,fixed,2019,1,2.501,1.412,54.39,2.158,217.0,88.0,62
D-goygol,Goygol,district,fixed,2019,1,4.909,2.597,76.44,2.935,413.0,175.0,131
D-hajigabul,Hajigabul,district,fixed,2019,1,8.204,9.052,28.75,2.382,264.0,74.0,44
D-imishli,Imishli,district,fixed,2019,1,2.023,2.204,110.1,1.264,94.0,46.0,36
D-ismailli,Ismailli,district,fixed,2019,1,3.576,4.177,43.52,1.473,110.0,53.0,50
D-jalilabad,Jalilabad,district,fixed,2019,1,1.926,1.007,64.87,1.162,251.0,56.0,44
D-julfa,Julfa,district,fixed,2019,1,3.226,0.642,213.14,0.706,14.0,8.0,7
D-kalbajar,Kalbajar,district,fixed,2019,1,7.62,7.521,27.0,7.62,2.0,1.0,1
D-kangarli,Kangarli,district,fixed,2019,1,6.658,16.206,160.77,3.854,26.0,14.0,14
D-khachmaz,Khachmaz,district,fixed,2019,1,7.628,7.304,53.08,2.233,449.0,136.0,80
D-khizi,Khizi,district,fixed,2019,1,9.098,10.307,38.41,3.457,74.0,39.0,33
D-kurdamir,Kurdamir,district,fixed,2019,1,3.307,3.01,57.02,2.11,61.0,35.0,34
D-lachin,Lachin,district,fixed,2019,1,3.632,0.919,68.67,0.841,3.0,3.0,3
D-lankaran,Lankaran,district,fixed,2019,1,2.601,1.46,53.27,1.792,246.0,92.0,75
D-lerik,Lerik,district,fixed,2019,1,1.369,0.855,41.86,1.183,22.0,13.0,13
D-masally,Masally,district,fixed,2019,1,2.467,2.013,73.44,1.307,273.0,95.0,83
D-neftchala,Neftchala,district,fixed,2019,1,1.604,1.221,36.42,1.114,98.0,55.0,46
D-oghuz,Oghuz,district,fixed,2019,1,5.625,4.098,59.76,1.341,62.0,26.0,24
D-ordubad,Ordubad,district,fixed,2019,1,4.329,2.868,193.36,0.872,50.0,14.0,10
D-qabala,Qabala,district,fixed,2019,1,5.712,5.505,54.98,2.075,407.0,201.0,109
D-qakh,Qakh,district,fixed,2019,1,2.342,1.314,79.05,2.341,21.0,14.0,12
D-qazakh,Qazakh,district,fixed,2019,1,2.87,1.922,57.8,1.276,175.0,53.0,47
D-quba,Quba,district,fixed,2019,1,7.166,5.949,62.81,3.613,588.0,233.0,114
D-qubadli,Qubadli,district,fixed,2019,1,0.977,2.591,19.0,0.977,12.0,1.0,1
D-qusar,Qusar,district,fixed,2019,1,6.712,5.892,44.69,2.538,370.0,175.0,91
D-saatly,Saatly,district,fixed,2019,1,2.201,0.741,62.95,1.944,308.0,48.0,37
D-sabirabad,Sabirabad,district,fixed,2019,1,3.327,1.68,78.08,2.991,303.0,62.0,40
D-sadarak,Sadarak,district,fixed,2019,1,4.982,6.187,13.0,4.982,1.0,1.0,1
D-salyan,Salyan,district,fixed,2019,1,3.336,1.724,100.83,1.255,132.0,61.0,46
D-samukh,Samukh,district,fixed,2019,1,2.255,1.306,70.23,2.208,87.0,34.0,28
D-shabran,Shabran,district,fixed,2019,1,9.737,20.124,33.04,2.808,51.0,38.0,19
D-shahbuz,Shahbuz,district,fixed,2019,1,4.794,0.931,106.33,0.773,3.0,3.0,3
D-shaki,Shaki,district,fixed,2019,1,2.734,1.234,89.64,1.034,109.0,43.0,39
D-shamakhi,Shamakhi,district,fixed,2019,1,6.232,4.282,302.39,2.976,322.0,114.0,93
D-shamkir,Shamkir,district,fixed,2019,1,5.31,4.187,93.04,1.844,566.0,197.0,136
D-sharur,Sharur,district,fixed,2019,1,8.119,1.671,171.22,2.208,65.0,34.0,30
D-siazan,Siazan,district,fixed,2019,1,1.399,0.716,47.11,0.967,72.0,24.0,19
D-tartar,Tartar,district,fixed,2019,1,1.382,0.903,67.57,0.925,21.0,17.0,17
D-tovuz,Tovuz,district,fixed,2019,1,4.179,1.936,115.02,1.654,128.0,67.0,56
D-ujar,Ujar,district,fixed,2019,1,2.464,2.346,78.64,0.959,58.0,32.0,31
D-yardymli,Yardymli,district,fixed,2019,1,1.751,0.988,47.94,1.234,16.0,6.0,6
D-yevlakh,Yevlakh,district,fixed,2019,1,2.032,1.747,78.31,1.621,96.0,38.0,35
D-zaqatala,Zaqatala,district,fixed,2019,1,1.526,1.053,77.98,1.034,96.0,37.0,36
D-zardab,Zardab,district,fixed,2019,1,3.688,1.143,45.1,3.103,59.0,20.0,17
C-baku,Baku,city,fixed,2019,2,16.172,16.584,25.12,6.163,68641.0,21998.0,2363
C-ganja,Ganja,city,fixed,2019,2,5.808,5.503,81.59,3.466,942.0,339.0,117
C-lankaran,Lankaran,city,fixed,2019,2,4.032,2.947,76.49,3.178,177.0,81.0,35
C-mingachevir,Mingachevir,city,fixed,2019,2,10.66,10.504,31.92,5.944,129.0,57.0,29
C-nakhchivan,Nakhchivan,city,fixed,2019,2,3.617,4.076,105.02,2.67,187.0,102.0,44
C-shaki,Shaki,city,fixed,2019,2,7.93,6.282,96.76,1.684,95.0,45.0,24
C-shirvan,Shirvan,city,fixed,2019,2,5.123,3.953,46.81,2.794,48.0,18.0,14
C-sumqayit,Sumqayit,city,fixed,2019,2,13.514,13.316,29.26,9.427,2744.0,782.0,141
C-yevlakh,Yevlakh,city,fixed,2019,2,7.025,5.75,62.76,1.466,38.0,19.0,14
D-absheron,Absheron,district,fixed,2019,2,10.052,8.737,32.89,4.285,4304.0,1114.0,291
D-agdash,Agdash,district,fixed,2019,2,1.463,1.078,54.18,1.214,57.0,25.0,19
D-aghjabadi,Aghjabadi,district,fixed,2019,2,3.447,3.061,42.04,1.246,68.0,42.0,39
D-agstafa,Agstafa,district,fixed,2019,2,3.446,2.395,73.97,2.161,78.0,35.0,27
D-agsu,Agsu,district,fixed,2019,2,9.373,3.462,54.94,2.716,62.0,38.0,27
D-astara,Astara,district,fixed,2019,2,2.23,1.146,76.47,1.367,98.0,39.0,33
D-babek,Babek,district,fixed,2019,2,3.225,1.357,202.94,1.107,34.0,22.0,22
D-balakan,Balakan,district,fixed,2019,2,4.283,2.485,82.82,1.173,87.0,42.0,37
D-barda,Barda,district,fixed,2019,2,6.923,5.225,35.08,3.01,145.0,50.0,40
D-beylagan,Beylagan,district,fixed,2019,2,2.283,0.974,82.41,2.619,32.0,12.0,12
D-bilasuvar,Bilasuvar,district,fixed,2019,2,3.947,2.483,38.57,1.947,46.0,29.0,25
D-dashkasan,Dashkasan,district,fixed,2019,2,1.707,0.645,54.5,0.586,6.0,4.0,3
D-fuzuli,Fuzuli,district,fixed,2019,2,6.669,6.89,37.56,4.842,9.0,8.0,8
D-gadabay,Gadabay,district,fixed,2019,2,1.685,0.545,128.08,1.031,72.0,27.0,25
D-gobustan,Gobustan,district,fixed,2019,2,2.426,0.735,53.59,2.242,32.0,14.0,14
D-goranboy,Goranboy,district,fixed,2019,2,5.717,10.078,48.36,1.061,83.0,42.0,24
D-goychay,Goychay,district,fixed,2019,2,3.754,3.39,33.23,1.416,104.0,50.0,43
D-goygol,Goygol,district,fixed,2019,2,3.317,2.785,74.83,2.648,388.0,135.0,89
D-hajigabul,Hajigabul,district,fixed,2019,2,6.41,7.701,35.53,2.612,137.0,48.0,35
D-imishli,Imishli,district,fixed,2019,2,2.852,3.1,116.48,2.171,87.0,49.0,35
D-ismailli,Ismailli,district,fixed,2019,2,6.721,5.364,45.03,3.161,107.0,55.0,49
D-jalilabad,Jalilabad,district,fixed,2019,2,3.02,1.124,57.32,1.028,259.0,61.0,53
D-julfa,Julfa,district,fixed,2019,2,10.714,2.743,105.0,2.313,4.0,3.0,3
D-kangarli,Kangarli,district,fixed,2019,2,14.329,19.588,118.67,11.705,3.0,3.0,3
D-khachmaz,Khachmaz,district,fixed,2019,2,9.101,11.825,43.17,3.389,412.0,152.0,97
D-khizi,Khizi,district,fixed,2019,2,7.427,9.882,51.46,1.972,81.0,33.0,22
D-khojaly,Khojaly,district,fixed,2019,2,1.387,1.26,8.33,1.694,3.0,3.0,3
D-khojavend,Khojavend,district,fixed,2019,2,0.929,0.822,27.4,0.94,5.0,3.0,3
D-kurdamir,Kurdamir,district,fixed,2019,2,8.878,10.147,48.96,2.326,107.0,39.0,35
D-lankaran,Lankaran,district,fixed,2019,2,2.452,1.803,48.9,1.384,307.0,103.0,86
D-lerik,Lerik,district,fixed,2019,2,1.725,1.03,40.1,0.945,49.0,11.0,11
D-masally,Masally,district,fixed,2019,2,2.654,1.549,74.6,1.191,121.0,69.0,60
D-neftchala,Neftchala,district,fixed,2019,2,3.806,1.618,45.6,1.187,107.0,37.0,31
D-oghuz,Oghuz,district,fixed,2019,2,4.068,3.23,78.13,2.469,45.0,32.0,29
D-ordubad,Ordubad,district,fixed,2019,2,3.136,2.085,470.08,1.281,12.0,9.0,8
D-qabala,Qabala,district,fixed,2019,2,6.809,6.556,63.39,3.065,481.0,260.0,101
D-qakh,Qakh,district,fixed,2019,2,4.874,2.95,72.85,3.856,33.0,22.0,19
D-qazakh,Qazakh,district,fixed,2019,2,4.434,3.929,58.48,1.541,150.0,51.0,47
D-quba,Quba,district,fixed,2019,2,9.612,11.036,65.64,2.399,580.0,256.0,133
D-qubadli,Qubadli,district,fixed,2019,2,2.806,1.091,39.0,2.806,1.0,1.0,1
D-qusar,Qusar,district,fixed,2019,2,7.405,11.208,66.12,3.542,344.0,143.0,111
D-saatly,Saatly,district,fixed,2019,2,2.622,1.08,56.45,1.797,125.0,38.0,31
D-sabirabad,Sabirabad,district,fixed,2019,2,3.326,1.615,59.54,2.135,200.0,54.0,37
D-salyan,Salyan,district,fixed,2019,2,3.022,1.864,70.43,1.75,51.0,25.0,22
D-samukh,Samukh,district,fixed,2019,2,1.167,0.761,83.22,1.14,50.0,18.0,18
D-shabran,Shabran,district,fixed,2019,2,8.405,44.536,23.22,1.952,45.0,30.0,12
D-shahbuz,Shahbuz,district,fixed,2019,2,4.667,3.646,200.54,5.042,13.0,5.0,5
D-shaki,Shaki,district,fixed,2019,2,21.498,43.006,65.7,0.999,70.0,50.0,27
D-shamakhi,Shamakhi,district,fixed,2019,2,6.684,5.99,179.49,3.403,194.0,79.0,64
D-shamkir,Shamkir,district,fixed,2019,2,4.982,5.089,72.67,2.027,476.0,169.0,120
D-sharur,Sharur,district,fixed,2019,2,3.726,1.899,150.23,2.608,13.0,9.0,9
D-siazan,Siazan,district,fixed,2019,2,1.29,1.899,46.92,1.684,51.0,12.0,11
D-tartar,Tartar,district,fixed,2019,2,5.064,4.596,62.89,1.017,19.0,10.0,9
D-tovuz,Tovuz,district,fixed,2019,2,4.024,1.457,156.72,1.74,142.0,70.0,54
D-ujar,Ujar,district,fixed,2019,2,1.759,1.328,39.76,1.027,17.0,9.0,9
D-yardymli,Yardymli,district,fixed,2019,2,3.591,4.364,16.5,1.006,54.0,11.0,10
D-yevlakh,Yevlakh,district,fixed,2019,2,2.636,2.721,57.19,1.946,26.0,14.0,12
D-zaqatala,Zaqatala,district,fixed,2019,2,1.722,0.901,78.39,1.31,51.0,31.0,30
D-zardab,Zardab,district,fixed,2019,2,2.428,1.035,47.77,1.805,26.0,11.0,8
C-baku,Baku,city,fixed,2019,3,17.293,18.245,23.55,4.744,111794.0,37034.0,2682
C-ganja,Ganja,city,fixed,2019,3,7.032,7.124,64.44,5.15,2923.0,988.0,146
C-lankaran,Lankaran,city,fixed,2019,3,4.307,2.419,164.02,3.014,315.0,95.0,40
C-mingachevir,Mingachevir,city,fixed,2019,3,7.435,9.564,55.02,5.86,500.0,194.0,46
C-nakhchivan,Nakhchivan,city,fixed,2019,3,3.906,3.639,124.35,1.921,179.0,118.0,47
C-shaki,Shaki,city,fixed,2019,3,4.214,3.731,90.91,2.244,198.0,108.0,32
C-shirvan,Shirvan,city,fixed,2019,3,10.07,9.649,21.62,2.388,489.0,140.0,27
C-sumqayit,Sumqayit,city,fixed,2019,3,13.882,14.745,23.41,4.794,5943.0,1953.0,188
C-yevlakh,Yevlakh,city,fixed,2019,3,2.467,0.976,46.97,1.558,115.0,46.0,27
D-absheron,Absheron,district,fixed,2019,3,11.475,10.702,27.78,4.258,7687.0,2282.0,369
D-agdam,Agdam,district,fixed,2019,3,2.11,0.649,50.85,1.584,33.0,19.0,17
D-agdash,Agdash,district,fixed,2019,3,2.736,0.928,50.91,2.374,54.0,37.0,29
D-aghjabadi,Aghjabadi,district,fixed,2019,3,7.454,8.012,35.95,2.479,239.0,85.0,53
D-agstafa,Agstafa,district,fixed,2019,3,2.103,1.311,80.66,1.51,153.0,71.0,49
D-agsu,Agsu,district,fixed,2019,3,6.861,2.319,47.32,2.545,196.0,96.0,48
D-astara,Astara,district,fixed,2019,3,3.235,1.54,47.08,1.69,104.0,61.0,47
D-babek,Babek,district,fixed,2019,3,4.411,7.614,219.5,1.56,88.0,35.0,26
D-balakan,Balakan,district,fixed,2019,3,3.327,2.173,72.09,2.286,189.0,86.0,56
D-barda,Barda,district,fixed,2019,3,5.012,4.727,43.36,2.696,443.0,147.0,94
D-beylagan,Beylagan,district,fixed,2019,3,5.919,2.669,58.29,2.064,132.0,55.0,43
D-bilasuvar,Bilasuvar,district,fixed,2019,3,2.813,1.086,54.63,2.768,156.0,65.0,49
D-dashkasan,Dashkasan,district,fixed,2019,3,8.006,11.315,42.72,6.152,250.0,32.0,9
D-fuzuli,Fuzuli,district,fixed,2019,3,3.451,1.645,44.34,3.176,44.0,23.0,23
D-gadabay,Gadabay,district,fixed,2019,3,1.936,0.775,111.05,1.35,200.0,76.0,60
D-gobustan,Gobustan,district,fixed,2019,3,2.849,0.759,58.28,2.467,43.0,18.0,16
D-goranboy,Goranboy,district,fixed,2019,3,4.936,13.339,56.57,1.426,196.0,96.0,56
D-goychay,Goychay,district,fixed,2019,3,3.734,3.254,70.21,2.064,259.0,93.0,62
D-goygol,Goygol,district,fixed,2019,3,3.717,2.891,83.04,2.507,1203.0,368.0,170
D-hajigabul,Hajigabul,district,fixed,2019,3,7.67,7.577,35.83,2.519,427.0,153.0,66
D-imishli,Imishli,district,fixed,2019,3,2.84,1.686,70.8,1.907,251.0,77.0,45
D-ismailli,Ismailli,district,fixed,2019,3,4.465,3.135,42.68,1.784,334.0,119.0,79
D-jalilabad,Jalilabad,district,fixed,2019,3,3.197,2.079,87.23,1.854,291.0,97.0,81
D-julfa,Julfa,district,fixed,2019,3,3.438,3.19,192.69,0.821,13.0,8.0,8
D-kangarli,Kangarli,district,fixed,2019,3,2.405,0.57,230.12,1.665,8.0,4.0,4
D-khachmaz,Khachmaz,district,fixed,2019,3,11.085,15.086,42.66,2.938,1044.0,371.0,160
D-khizi,Khizi,district,fixed,2019,3,8.682,10.467,49.97,2.922,106.0,48.0,35
D-khojaly,Khojaly,district,fixed,2019,3,17.57,17.768,7.67,17.156,6.0,4.0,4
D-kurdamir,Kurdamir,district,fixed,2019,3,3.97,2.542,73.52,2.287,114.0,43.0,33
D-lachin,Lachin,district,fixed,2019,3,24.43,11.541,23.0,24.43,1.0,1.0,1
D-lankaran,Lankaran,district,fixed,2019,3,17.044,20.9,42.74,2.033,641.0,263.0,149
D-lerik,Lerik,district,fixed,2019,3,2.809,1.348,53.01,1.435,77.0,43.0,33
D-masally,Masally,district,fixed,2019,3,2.989,2.295,51.65,1.473,310.0,146.0,106
D-neftchala,Neftchala,district,fixed,2019,3,2.368,1.278,40.16,2.272,285.0,105.0,75
D-oghuz,Oghuz,district,fixed,2019,3,2.117,1.238,69.23,1.401,117.0,67.0,52
D-ordubad,Ordubad,district,fixed,2019,3,1.799,0.627,256.42,0.871,33.0,24.0,20
D-qabala,Qabala,district,fixed,2019,3,6.351,6.056,55.87,2.449,1166.0,642.0,198
D-qakh,Qakh,district,fixed,2019,3,3.339,3.479,112.06,1.943,145.0,69.0,35
D-qazakh,Qazakh,district,fixed,2019,3,1.97,1.118,58.89,1.518,251.0,85.0,64
D-quba,Quba,district,fixed,2019,3,11.966,14.735,54.71,2.579,1518.0,602.0,217
D-qubadli,Qubadli,district,fixed,2019,3,38.904,32.826,18.0,39.438,4.0,3.0,3
D-qusar,Qusar,district,fixed,2019,3,5.333,5.979,49.35,2.493,749.0,316.0,175
D-saatly,Saatly,district,fixed,2019,3,3.931,2.354,63.45,2.567,192.0,60.0,43
D-sabirabad,Sabirabad,district,fixed,2019,3,3.374,4.269,66.89,2.931,240.0,89.0,55
D-sadarak,Sadarak,district,fixed,2019,3,1.684,0.344,104.0,1.684,1.0,1.0,1
D-salyan,Salyan,district,fixed,2019,3,1.975,0.733,74.05,1.535,133.0,68.0,47
D-samukh,Samukh,district,fixed,2019,3,1.76,1.016,71.84,1.424,249.0,76.0,60
D-shabran,Shabran,district,fixed,2019,3,6.893,20.27,34.74,2.59,148.0,71.0,36
D-shahbuz,Shahbuz,district,fixed,2019,3,3.048,3.552,88.0,2.327,3.0,3.0,3
D-shaki,Shaki,district,fixed,2019,3,11.104,22.833,74.99,1.485,370.0,216.0,95
D-shamakhi,Shamakhi,district,fixed,2019,3,7.851,9.092,72.92,2.662,453.0,191.0,105
D-shamkir,Shamkir,district,fixed,2019,3,4.939,5.28,71.38,2.057,748.0,283.0,167
D-sharur,Sharur,district,fixed,2019,3,3.452,2.036,727.4,0.633,15.0,11.0,10
D-siazan,Siazan,district,fixed,2019,3,2.703,1.887,40.39,2.644,54.0,28.0,24
D-tartar,Tartar,district,fixed,2019,3,7.391,6.937,51.3,2.139,155.0,41.0,27
D-tovuz,Tovuz,district,fixed,2019,3,2.4,1.45,66.35,1.39,330.0,125.0,93
D-ujar,Ujar,district,fixed,2019,3,2.498,2.137,61.71,1.641,68.0,33.0,27
D-yardymli,Yardymli,district,fixed,2019,3,2.342,1.766,54.13,1.469,52.0,16.0,13
D-yevlakh,Yevlakh,district,fixed,2019,3,3.066,5.009,166.69,2.053,131.0,57.0,46
D-zaqatala,Zaqatala,district,fixed,2019,3,1.744,0.983,66.09,1.462,184.0,65.0,54
D-zardab,Zardab,district,fixed,2019,3,1.743,0.79,55.49,1.518,45.0,24.0,20
C-baku,Baku,city,fixed,2019,4,18.894,20.425,22.22,4.191,199797.0,58112.0,2810
C-ganja,Ganja,city,fixed,2019,4,9.104,10.914,67.71,5.58,4720.0,1570.0,146
C-lankaran,Lankaran,city,fixed,2019,4,4.429,3.396,47.71,2.663,483.0,155.0,41
C-mingachevir,Mingachevir,city,fixed,2019,4,8.869,12.405,51.05,6.466,1238.0,452.0,63
C-nakhchivan,Nakhchivan,city,fixed,2019,4,5.875,6.162,75.82,1.743,330.0,180.0,55
C-shaki,Shaki,city,fixed,2019,4,4.499,6.716,77.95,2.68,474.0,168.0,39
C-shirvan,Shirvan,city,fixed,2019,4,9.392,8.925,20.5,3.644,1020.0,258.0,26
C-sumqayit,Sumqayit,city,fixed,2019,4,14.239,16.674,25.87,4.326,12688.0,3602.0,230
C-yevlakh,Yevlakh,city,fixed,2019,4,3.168,2.495,42.65,2.808,159.0,65.0,32
D-absheron,Absheron,district,fixed,2019,4,12.541,12.154,23.3,4.298,14548.0,4091.0,413
D-agdam,Agdam,district,fixed,2019,4,2.8,1.194,54.43,2.185,127.0,45.0,36
D-agdash,Agdash,district,fixed,2019,4,3.102,0.681,44.08,2.834,133.0,48.0,38
D-aghjabadi,Aghjabadi,district,fixed,2019,4,11.678,13.337,44.22,2.58,375.0,118.0,68
D-agstafa,Agstafa,district,fixed,2019,4,3.818,4.738,63.17,2.33,343.0,115.0,54
D-agsu,Agsu,district,fixed,2019,4,4.382,2.255,40.1,2.546,342.0,139.0,61
D-astara,Astara,district,fixed,2019,4,2.417,0.769,55.63,2.121,137.0,69.0,52
D-babek,Babek,district,fixed,2019,4,3.538,3.514,92.37,1.43,141.0,53.0,40
D-balakan,Balakan,district,fixed,2019,4,2.624,0.726,95.94,1.671,415.0,148.0,92
D-barda,Barda,district,fixed,2019,4,4.41,3.882,60.18,2.243,677.0,194.0,93
D-beylagan,Beylagan,district,fixed,2019,4,3.407,1.134,59.92,2.21,226.0,68.0,53
D-bilasuvar,Bilasuvar,district,fixed,2019,4,3.109,1.616,58.29,2.468,279.0,95.0,67
D-dashkasan,Dashkasan,district,fixed,2019,4,6.979,8.977,69.13,6.882,749.0,68.0,9
D-fuzuli,Fuzuli,district,fixed,2019,4,2.888,3.319,46.42,3.123,127.0,28.0,25
D-gadabay,Gadabay,district,fixed,2019,4,2.428,0.625,104.69,2.011,314.0,55.0,36
D-gobustan,Gobustan,district,fixed,2019,4,2.369,0.72,54.0,2.25,81.0,35.0,32
D-goranboy,Goranboy,district,fixed,2019,4,11.019,12.217,60.94,2.109,372.0,172.0,76
D-goychay,Goychay,district,fixed,2019,4,4.667,3.622,47.46,2.214,479.0,180.0,84
D-goygol,Goygol,district,fixed,2019,4,4.537,4.235,87.53,2.792,1796.0,504.0,194
D-hajigabul,Hajigabul,district,fixed,2019,4,7.017,6.638,26.88,3.002,652.0,241.0,82
D-imishli,Imishli,district,fixed,2019,4,4.02,3.233,87.23,2.235,480.0,124.0,51
D-ismailli,Ismailli,district,fixed,2019,4,2.426,1.311,56.26,1.993,266.0,96.0,71
D-jalilabad,Jalilabad,district,fixed,2019,4,2.723,1.378,40.5,2.328,524.0,123.0,85
D-julfa,Julfa,district,fixed,2019,4,1.479,0.306,135.42,0.858,26.0,17.0,15
D-kangarli,Kangarli,district,fixed,2019,4,8.761,9.957,149.82,1.961,17.0,10.0,9
D-khachmaz,Khachmaz,district,fixed,2019,4,11.591,12.104,35.46,2.906,2035.0,645.0,219
D-khizi,Khizi,district,fixed,2019,4,7.995,8.895,32.01,3.475,141.0,67.0,44
D-khojaly,Khojaly,district,fixed,2019,4,18.348,20.136,10.71,19.273,17.0,6.0,3
D-khojavend,Khojavend,district,fixed,2019,4,2.061,1.469,27.0,2.061,3.0,1.0,1
D-kurdamir,Kurdamir,district,fixed,2019,4,7.552,4.102,35.78,2.551,462.0,79.0,45
D-lachin,Lachin,district,fixed,2019,4,12.297,1.333,23.6,9.5,5.0,2.0,2
D-lankaran,Lankaran,district,fixed,2019,4,11.098,14.446,42.39,2.426,686.0,303.0,169
D-lerik,Lerik,district,fixed,2019,4,2.517,0.685,74.18,3.087,39.0,18.0,17
D-masally,Masally,district,fixed,2019,4,2.657,0.864,49.48,2.3,563.0,177.0,128
D-neftchala,Neftchala,district,fixed,2019,4,4.705,3.823,37.89,2.463,1127.0,300.0,133
D-oghuz,Oghuz,district,fixed,2019,4,2.453,1.066,75.03,1.578,117.0,55.0,44
D-ordubad,Ordubad,district,fixed,2019,4,1.126,0.215,103.78,0.836,46.0,22.0,18
D-qabala,Qabala,district,fixed,2019,4,5.509,4.352,49.71,2.515,1452.0,500.0,205
D-qakh,Qakh,district,fixed,2019,4,2.686,0.998,81.13,2.642,83.0,36.0,29
D-qazakh,Qazakh,district,fixed,2019,4,3.359,1.816,73.37,2.254,391.0,122.0,77
D-quba,Quba,district,fixed,2019,4,8.491,9.585,45.1,2.576,2062.0,701.0,239
D-qubadli,Qubadli,district,fixed,2019,4,16.744,15.248,9.85,15.304,26.0,3.0,3
D-qusar,Qusar,district,fixed,2019,4,8.68,10.07,44.63,2.62,1539.0,472.0,202
D-saatly,Saatly,district,fixed,2019,4,4.458,2.725,56.36,3.232,357.0,112.0,70
D-sabirabad,Sabirabad,district,fixed,2019,4,2.406,1.459,70.5,2.502,642.0,179.0,78
D-sadarak,Sadarak,district,fixed,2019,4,1.178,0.424,113.0,1.178,1.0,1.0,1
D-salyan,Salyan,district,fixed,2019,4,2.822,1.44,48.47,2.185,552.0,132.0,69
D-samukh,Samukh,district,fixed,2019,4,2.959,2.876,84.17,2.097,412.0,107.0,72
D-shabran,Shabran,district,fixed,2019,4,5.17,20.587,30.45,1.591,240.0,88.0,45
D-shahbuz,Shahbuz,district,fixed,2019,4,3.413,0.827,29.0,3.413,5.0,1.0,1
D-shaki,Shaki,district,fixed,2019,4,3.718,3.831,60.02,2.108,494.0,161.0,115
D-shamakhi,Shamakhi,district,fixed,2019,4,8.122,6.692,35.3,3.249,652.0,237.0,133
D-shamkir,Shamkir,district,fixed,2019,4,5.285,7.059,78.93,2.601,1440.0,466.0,197
D-sharur,Sharur,district,fixed,2019,4,1.59,0.312,64.67,1.416,45.0,31.0,26
D-siazan,Siazan,district,fixed,2019,4,3.079,1.459,39.64,2.592,163.0,60.0,35
D-tartar,Tartar,district,fixed,2019,4,3.783,2.931,63.87,2.193,142.0,57.0,34
D-tovuz,Tovuz,district,fixed,2019,4,2.389,1.241,87.26,1.786,378.0,150.0,90
D-ujar,Ujar,district,fixed,2019,4,2.035,0.782,59.13,1.71,214.0,56.0,46
D-yardymli,Yardymli,district,fixed,2019,4,3.184,2.85,58.45,1.792,106.0,22.0,17
D-yevlakh,Yevlakh,district,fixed,2019,4,6.212,5.618,47.94,2.3,176.0,79.0,51
D-zangilan,Zangilan,district,fixed,2019,4,18.298,6.876,30.5,18.298,2.0,2.0,2
D-zaqatala,Zaqatala,district,fixed,2019,4,2.439,0.836,75.64,1.881,450.0,133.0,103
D-zardab,Zardab,district,fixed,2019,4,2.458,0.61,49.38,2.314,114.0,40.0,30
C-baku,Baku,city,fixed,2020,1,19.019,20.559,21.65,4.428,89249.0,24302.0,2247
C-ganja,Ganja,city,fixed,2020,1,9.474,8.88,53.98,6.458,1834.0,494.0,124
C-khankendi,Khankendi,city,fixed,2020,1,10.669,3.811,8.0,10.669,6.0,3.0,1
C-lankaran,Lankaran,city,fixed,2020,1,3.095,1.618,49.28,2.687,168.0,67.0,33
C-mingachevir,Mingachevir,city,fixed,2020,1,8.497,9.848,19.41,6.362,185.0,83.0,39
C-nakhchivan,Nakhchivan,city,fixed,2020,1,3.753,2.602,93.1,1.954,309.0,130.0,52
C-shaki,Shaki,city,fixed,2020,1,3.65,3.525,88.22,2.952,69.0,28.0,16
C-shirvan,Shirvan,city,fixed,2020,1,16.011,14.816,15.8,9.562,104.0,35.0,13
C-sumqayit,Sumqayit,city,fixed,2020,1,15.019,16.389,26.41,7.194,3784.0,968.0,148
C-yevlakh,Yevlakh,city,fixed,2020,1,3.51,0.682,42.16,2.746,110.0,16.0,12
D-absheron,Absheron,district,fixed,2020,1,11.399,11.083,30.91,4.026,4434.0,1263.0,308
D-agdam,Agdam,district,fixed,2020,1,7.207,1.328,39.36,3.364,44.0,14.0,13
D-agdash,Agdash,district,fixed,2020,1,1.619,0.495,52.76,1.546,37.0,18.0,16
D-aghjabadi,Aghjabadi,district,fixed,2020,1,14.884,9.53,30.25,1.797,247.0,37.0,35
D-agstafa,Agstafa,district,fixed,2020,1,2.911,0.582,49.11,3.462,37.0,20.0,17
D-agsu,Agsu,district,fixed,2020,1,3.824,2.951,59.96,1.95,142.0,48.0,36
D-astara,Astara,district,fixed,2020,1,3.28,1.125,133.79,1.893,47.0,29.0,25
D-babek,Babek,district,fixed,2020,1,3.942,2.628,148.64,1.604,61.0,19.0,16
D-balakan,Balakan,district,fixed,2020,1,3.16,1.054,57.93,3.077,46.0,24.0,21
D-barda,Barda,district,fixed,2020,1,4.272,4.223,45.65,2.64,199.0,65.0,53
D-beylagan,Beylagan,district,fixed,2020,1,5.46,1.223,45.9,2.623,52.0,17.0,17
D-bilasuvar,Bilasuvar,district,fixed,2020,1,2.067,0.941,55.44,1.46,85.0,28.0,27
D-dashkasan,Dashkasan,district,fixed,2020,1,4.216,3.562,83.17,4.54,18.0,8.0,4
D-fuzuli,Fuzuli,district,fixed,2020,1,3.368,3.377,32.14,3.086,83.0,16.0,12
D-gadabay,Gadabay,district,fixed,2020,1,3.6,0.582,54.1,3.266,21.0,8.0,7
D-gobustan,Gobustan,district,fixed,2020,1,1.385,0.627,79.56,1.48,16.0,8.0,8
D-goranboy,Goranboy,district,fixed,2020,1,16.731,16.689,26.01,4.26,83.0,38.0,22
D-goychay,Goychay,district,fixed,2020,1,3.404,2.384,70.71,1.868,137.0,46.0,30
D-goygol,Goygol,district,fixed,2020,1,4.476,3.613,93.73,3.08,728.0,176.0,111
D-hajigabul,Hajigabul,district,fixed,2020,1,8.648,7.264,34.4,3.737,110.0,39.0,24
D-imishli,Imishli,district,fixed,2020,1,2.235,1.09,91.37,1.815,117.0,41.0,26
D-ismailli,Ismailli,district,fixed,2020,1,3.181,3.371,118.33,1.353,92.0,39.0,38
D-jalilabad,Jalilabad,district,fixed,2020,1,2.306,0.568,60.39,1.505,147.0,52.0,47
D-julfa,Julfa,district,fixed,2020,1,3.356,0.864,184.0,3.356,2.0,2.0,1
D-kangarli,Kangarli,district,fixed,2020,1,2.105,1.212,66.8,1.424,85.0,12.0,12
D-khachmaz,Khachmaz,district,fixed,2020,1,11.33,14.844,53.43,3.25,373.0,139.0,78
D-khizi,Khizi,district,fixed,2020,1,5.227,10.026,39.59,3.158,17.0,10.0,7
D-khojaly,Khojaly,district,fixed,2020,1,16.264,21.763,7.0,16.506,5.0,4.0,2
D-kurdamir,Kurdamir,district,fixed,2020,1,9.662,7.741,40.39,2.579,49.0,26.0,25
D-lachin,Lachin,district,fixed,2020,1,12.014,7.569,20.0,12.014,1.0,1.0,1
D-lankaran,Lankaran,district,fixed,2020,1,5.028,8.412,39.7,2.175,166.0,96.0,70
D-lerik,Lerik,district,fixed,2020,1,3.31,0.746,39.0,2.547,6.0,3.0,3
D-masally,Masally,district,fixed,2020,1,1.875,0.653,64.3,1.782,195.0,70.0,63
D-neftchala,Neftchala,district,fixed,2020,1,1.851,1.039,35.32,1.494,102.0,38.0,34
D-oghuz,Oghuz,district,fixed,2020,1,2.594,0.644,71.1,2.207,20.0,7.0,7
D-ordubad,Ordubad,district,fixed,2020,1,3.585,0.461,149.68,1.618,22.0,12.0,11
D-qabala,Qabala,district,fixed,2020,1,4.875,4.004,46.04,3.04,492.0,157.0,87
D-qakh,Qakh,district,fixed,2020,1,4.613,13.505,113.86,3.264,29.0,11.0,10
D-qazakh,Qazakh,district,fixed,2020,1,4.305,2.444,52.97,3.421,95.0,42.0,35
D-quba,Quba,district,fixed,2020,1,10.244,11.601,61.44,2.917,528.0,195.0,90
D-qubadli,Qubadli,district,fixed,2020,1,28.456,39.439,5.0,28.456,8.0,1.0,1
D-qusar,Qusar,district,fixed,2020,1,5.965,5.875,73.7,2.508,321.0,150.0,84
D-saatly,Saatly,district,fixed,2020,1,3.043,2.567,46.87,2.352,52.0,34.0,28
D-sabirabad,Sabirabad,district,fixed,2020,1,2.808,6.093,64.91,2.109,137.0,41.0,33
D-sadarak,Sadarak,district,fixed,2020,1,1.703,0.366,172.2,1.765,5.0,4.0,4
D-salyan,Salyan,district,fixed,2020,1,3.214,2.195,52.55,1.816,96.0,37.0,22
D-samukh,Samukh,district,fixed,2020,1,2.425,1.128,50.36,2.211,42.0,25.0,23
D-shabran,Shabran,district,fixed,2020,1,4.886,13.187,61.27,2.573,81.0,25.0,17
D-shahbuz,Shahbuz,district,fixed,2020,1,9.771,2.708,113.5,0.757,4.0,3.0,3
D-shaki,Shaki,district,fixed,2020,1,2.49,0.732,40.02,1.896,49.0,16.0,15
D-shamakhi,Shamakhi,district,fixed,2020,1,5.99,5.233,34.43,2.822,183.0,71.0,45
D-shamkir,Shamkir,district,fixed,2020,1,5.441,4.902,99.13,3.136,547.0,158.0,106
D-sharur,Sharur,district,fixed,2020,1,4.05,0.793,177.11,2.08,27.0,17.0,13
D-siazan,Siazan,district,fixed,2020,1,8.348,7.01,29.26,2.5,72.0,21.0,15
D-tartar,Tartar,district,fixed,2020,1,3.633,1.172,50.08,3.266,24.0,12.0,11
D-tovuz,Tovuz,district,fixed,2020,1,3.223,0.779,75.24,3.299,124.0,40.0,29
D-ujar,Ujar,district,fixed,2020,1,1.773,0.878,70.92,1.427,48.0,16.0,15
D-yardymli,Yardymli,district,fixed,2020,1,7.009,9.683,35.52,2.438,84.0,9.0,8
D-yevlakh,Yevlakh,district,fixed,2020,1,2.845,1.492,42.29,2.269,55.0,20.0,18
D-zaqatala,Zaqatala,district,fixed,2020,1,2.985,0.812,44.91,2.648,57.0,27.0,26
D-zardab,Zardab,district,fixed,2020,1,2.341,0.619,56.67,2.539,15.0,9.0,9
C-baku,Baku,city,fixed,2020,2,19.16,20.744,25.17,4.59,117590.0,26451.0,2545
C-ganja,Ganja,city,fixed,2020,2,8.415,8.083,58.46,6.526,1825.0,490.0,127
C-khankendi,Khankendi,city,fixed,2020,2,3.444,3.443,6.2,2.809,5.0,4.0,2
C-lankaran,Lankaran,city,fixed,2020,2,3.109,2.004,37.91,3.134,245.0,75.0,32
C-mingachevir,Mingachevir,city,fixed,2020,2,11.287,12.289,25.57,8.146,281.0,106.0,46
C-nakhchivan,Nakhchivan,city,fixed,2020,2,5.364,4.974,66.96,2.448,358.0,133.0,55
C-shaki,Shaki,city,fixed,2020,2,2.648,4.327,89.37,2.678,98.0,35.0,25
C-shirvan,Shirvan,city,fixed,2020,2,11.413,10.892,16.26,4.096,90.0,37.0,14
C-sumqayit,Sumqayit,city,fixed,2020,2,16.363,18.756,21.38,10.328,4836.0,1019.0,140
C-yevlakh,Yevlakh,city,fixed,2020,2,2.252,0.78,52.29,2.448,247.0,21.0,14
D-absheron,Absheron,district,fixed,2020,2,12.041,12.058,41.47,3.794,7201.0,1590.0,362
D-agdam,Agdam,district,fixed,2020,2,1.986,0.895,49.12,2.251,56.0,18.0,17
D-agdash,Agdash,district,fixed,2020,2,2.878,0.962,41.12,2.579,58.0,26.0,26
D-aghjabadi,Aghjabadi,district,fixed,2020,2,15.53,12.614,33.3,2.464,619.0,47.0,43
D-agstafa,Agstafa,district,fixed,2020,2,3.544,2.864,94.52,2.766,90.0,46.0,32
D-agsu,Agsu,district,fixed,2020,2,3.22,2.101,64.31,2.183,118.0,42.0,29
D-astara,Astara,district,fixed,2020,2,2.506,0.747,47.62,1.92,130.0,43.0,33
D-babek,Babek,district,fixed,2020,2,2.351,0.681,76.1,2.154,31.0,18.0,17
D-balakan,Balakan,district,fixed,2020,2,2.74,0.495,164.07,2.694,55.0,34.0,26
D-barda,Barda,district,fixed,2020,2,5.192,6.24,72.77,2.771,257.0,80.0,58
D-beylagan,Beylagan,district,fixed,2020,2,7.777,8.704,47.79,3.168,136.0,33.0,23
D-bilasuvar,Bilasuvar,district,fixed,2020,2,3.593,3.934,51.0,1.479,61.0,27.0,26
D-dashkasan,Dashkasan,district,fixed,2020,2,4.563,4.181,123.82,3.805,22.0,8.0,4
D-fuzuli,Fuzuli,district,fixed,2020,2,3.206,1.214,50.12,2.938,52.0,16.0,14
D-gadabay,Gadabay,district,fixed,2020,2,2.645,0.611,86.66,2.234,64.0,30.0,26
D-gobustan,Gobustan,district,fixed,2020,2,1.099,0.457,71.48,1.045,31.0,15.0,15
D-goranboy,Goranboy,district,fixed,2020,2,4.244,3.616,85.29,2.318,96.0,32.0,27
D-goychay,Goychay,district,fixed,2020,2,4.735,4.312,45.19,2.465,356.0,67.0,45
D-goygol,Goygol,district,fixed,2020,2,5.648,4.432,78.11,3.26,854.0,215.0,124
D-hajigabul,Hajigabul,district,fixed,2020,2,5.499,4.07,39.75,3.393,193.0,59.0,35
D-imishli,Imishli,district,fixed,2020,2,1.831,0.675,122.88,1.87,172.0,62.0,45
D-ismailli,Ismailli,district,fixed,2020,2,2.647,1.762,56.84,1.586,201.0,75.0,65
D-jabrayil,Jabrayil,district,fixed,2020,2,1.067,0.384,132.0,1.067,1.0,1.0,1
D-jalilabad,Jalilabad,district,fixed,2020,2,2.227,0.768,62.42,1.5,223.0,68.0,59
D-julfa,Julfa,district,fixed,2020,2,2.778,0.646,71.67,3.199,6.0,5.0,5
D-kangarli,Kangarli,district,fixed,2020,2,1.507,0.677,76.63,0.622,150.0,12.0,12
D-khachmaz,Khachmaz,district,fixed,2020,2,7.964,7.785,49.96,3.128,764.0,204.0,125
D-khizi,Khizi,district,fixed,2020,2,2.828,7.221,54.43,1.636,61.0,16.0,11
D-khojaly,Khojaly,district,fixed,2020,2,4.565,4.668,8.06,2.917,18.0,10.0,9
D-kurdamir,Kurdamir,district,fixed,2020,2,6.392,7.523,84.69,1.877,194.0,40.0,29
D-lankaran,Lankaran,district,fixed,2020,2,3.723,3.388,35.44,2.658,268.0,99.0,83
D-lerik,Lerik,district,fixed,2020,2,1.842,0.682,50.1,1.841,20.0,15.0,15
D-masally,Masally,district,fixed,2020,2,2.237,0.893,71.04,1.894,421.0,142.0,130
D-neftchala,Neftchala,district,fixed,2020,2,5.025,4.721,43.27,2.168,109.0,50.0,36
D-oghuz,Oghuz,district,fixed,2020,2,2.528,0.597,72.03,2.5,35.0,26.0,25
D-ordubad,Ordubad,district,fixed,2020,2,2.408,0.492,78.45,2.248,65.0,25.0,17
D-qabala,Qabala,district,fixed,2020,2,3.711,3.293,45.0,2.679,340.0,131.0,91
D-qakh,Qakh,district,fixed,2020,2,2.738,1.527,41.1,3.212,87.0,28.0,18
D-qazakh,Qazakh,district,fixed,2020,2,2.96,0.986,80.79,2.948,96.0,47.0,42
D-quba,Quba,district,fixed,2020,2,7.047,12.037,57.05,3.023,539.0,191.0,111
D-qusar,Qusar,district,fixed,2020,2,4.756,4.123,56.41,3.071,362.0,106.0,83
D-saatly,Saatly,district,fixed,2020,2,2.454,1.06,59.56,1.947,212.0,68.0,56
D-sabirabad,Sabirabad,district,fixed,2020,2,5.951,7.759,61.13,3.402,237.0,68.0,41
D-salyan,Salyan,district,fixed,2020,2,9.588,10.151,35.8,1.975,354.0,68.0,40
D-samukh,Samukh,district,fixed,2020,2,2.75,0.988,71.48,2.631,66.0,25.0,19
D-shabran,Shabran,district,fixed,2020,2,4.629,5.026,50.39,2.904,104.0,37.0,30
D-shahbuz,Shahbuz,district,fixed,2020,2,3.026,0.634,62.67,3.534,3.0,2.0,2
D-shaki,Shaki,district,fixed,2020,2,2.909,0.772,55.83,3.078,239.0,71.0,62
D-shamakhi,Shamakhi,district,fixed,2020,2,5.565,6.232,32.8,3.046,253.0,93.0,63
D-shamkir,Shamkir,district,fixed,2020,2,8.388,9.437,107.22,3.268,1092.0,237.0,139
D-sharur,Sharur,district,fixed,2020,2,3.72,0.705,41.6,3.192,102.0,28.0,22
D-siazan,Siazan,district,fixed,2020,2,4.128,3.601,27.78,3.902,105.0,20.0,11
D-tartar,Tartar,district,fixed,2020,2,4.513,1.707,68.95,3.265,96.0,25.0,24
D-tovuz,Tovuz,district,fixed,2020,2,4.862,3.377,66.62,3.089,117.0,60.0,51
D-ujar,Ujar,district,fixed,2020,2,1.735,0.61,46.89,1.411,46.0,23.0,20
D-yardymli,Yardymli,district,fixed,2020,2,3.472,1.929,29.86,1.725,57.0,10.0,9
D-yevlakh,Yevlakh,district,fixed,2020,2,2.194,0.897,48.21,2.275,78.0,27.0,25
D-zaqatala,Zaqatala,district,fixed,2020,2,2.655,0.626,67.93,2.598,44.0,22.0,21
D-zardab,Zardab,district,fixed,2020,2,4.564,3.467,61.48,1.465,27.0,9.0,9
C-baku,Baku,city,fixed,2020,3,21.288,23.218,22.84,5.196,65307.0,19063.0,2317
C-ganja,Ganja,city,fixed,2020,3,9.881,10.241,71.39,6.412,879.0,326.0,119
C-lankaran,Lankaran,city,fixed,2020,3,4.35,5.831,33.54,3.383,162.0,67.0,36
C-mingachevir,Mingachevir,city,fixed,2020,3,11.151,13.979,23.93,5.507,152.0,79.0,41
C-nakhchivan,Nakhchivan,city,fixed,2020,3,11.246,10.159,36.52,3.37,198.0,70.0,41
C-shaki,Shaki,city,fixed,2020,3,2.684,2.453,78.03,3.212,109.0,44.0,26
C-shirvan,Shirvan,city,fixed,2020,3,10.685,10.715,21.2,7.148,60.0,33.0,13
C-sumqayit,Sumqayit,city,fixed,2020,3,18.819,20.905,21.17,10.136,2629.0,700.0,140
C-yevlakh,Yevlakh,city,fixed,2020,3,2.061,0.582,55.41,1.554,408.0,18.0,15
D-absheron,Absheron,district,fixed,2020,3,11.757,11.792,36.81,4.425,4781.0,1239.0,301
D-agdam,Agdam,district,fixed,2020,3,2.478,0.847,49.16,2.275,38.0,10.0,7
D-agdash,Agdash,district,fixed,2020,3,2.606,0.604,39.35,2.417,55.0,23.0,19
D-aghjabadi,Aghjabadi,district,fixed,2020,3,8.349,6.575,38.16,3.262,137.0,47.0,42
D-agstafa,Agstafa,district,fixed,2020,3,5.445,3.353,60.71,3.124,72.0,44.0,29
D-agsu,Agsu,district,fixed,2020,3,1.968,0.649,50.34,1.9,41.0,16.0,15
D-astara,Astara,district,fixed,2020,3,2.68,1.218,43.51,1.556,90.0,43.0,32
D-babek,Babek,district,fixed,2020,3,2.981,0.73,93.36,2.192,44.0,16.0,13
D-balakan,Balakan,district,fixed,2020,3,3.113,0.651,50.51,3.204,96.0,46.0,35
D-barda,Barda,district,fixed,2020,3,3.416,1.56,45.68,2.828,95.0,43.0,35
D-beylagan,Beylagan,district,fixed,2020,3,4.201,1.162,38.53,3.158,36.0,27.0,22
D-bilasuvar,Bilasuvar,district,fixed,2020,3,1.616,3.049,46.44,1.17,87.0,28.0,25
D-dashkasan,Dashkasan,district,fixed,2020,3,10.607,12.889,83.8,3.865,30.0,12.0,11
D-fuzuli,Fuzuli,district,fixed,2020,3,7.156,7.82,24.37,3.937,38.0,12.0,11
D-gadabay,Gadabay,district,fixed,2020,3,2.202,0.406,148.63,1.599,129.0,30.0,25
D-gobustan,Gobustan,district,fixed,2020,3,1.637,0.643,42.33,1.652,21.0,6.0,5
D-goranboy,Goranboy,district,fixed,2020,3,7.083,8.59,93.45,3.147,60.0,32.0,25
D-goychay,Goychay,district,fixed,2020,3,5.236,4.63,39.86,2.122,95.0,53.0,33
D-goygol,Goygol,district,fixed,2020,3,4.38,2.861,66.95,3.343,421.0,161.0,113
D-hajigabul,Hajigabul,district,fixed,2020,3,10.07,9.114,28.3,3.26,176.0,41.0,26
D-imishli,Imishli,district,fixed,2020,3,2.706,2.413,37.23,2.361,97.0,42.0,29
D-ismailli,Ismailli,district,fixed,2020,3,3.879,3.465,65.62,1.587,167.0,72.0,59
D-jalilabad,Jalilabad,district,fixed,2020,3,2.132,1.075,104.49,1.559,188.0,54.0,49
D-julfa,Julfa,district,fixed,2020,3,1.902,0.448,147.67,1.576,3.0,3.0,3
D-kangarli,Kangarli,district,fixed,2020,3,3.518,5.542,116.3,3.348,10.0,3.0,3
D-khachmaz,Khachmaz,district,fixed,2020,3,8.956,10.041,49.17,4.068,485.0,168.0,119
D-khizi,Khizi,district,fixed,2020,3,7.307,9.724,48.65,2.713,23.0,15.0,13
D-khojaly,Khojaly,district,fixed,2020,3,4.684,1.156,105.0,4.684,2.0,2.0,2
D-khojavend,Khojavend,district,fixed,2020,3,1.681,0.45,23.0,1.681,1.0,1.0,1
D-kurdamir,Kurdamir,district,fixed,2020,3,7.805,10.843,51.75,2.521,182.0,23.0,16
D-lankaran,Lankaran,district,fixed,2020,3,7.488,8.276,30.87,2.313,256.0,101.0,81
D-lerik,Lerik,district,fixed,2020,3,2.448,0.773,40.42,1.95,31.0,13.0,12
D-masally,Masally,district,fixed,2020,3,2.271,0.672,57.11,1.925,277.0,95.0,81
D-neftchala,Neftchala,district,fixed,2020,3,9.72,10.942,32.79,2.006,78.0,32.0,26
D-oghuz,Oghuz,district,fixed,2020,3,2.439,0.971,36.97,2.17,39.0,21.0,19
D-ordubad,Ordubad,district,fixed,2020,3,1.79,0.365,50.3,1.641,37.0,19.0,17
D-qabala,Qabala,district,fixed,2020,3,6.177,7.193,43.62,2.522,343.0,145.0,85
D-qakh,Qakh,district,fixed,2020,3,5.481,3.76,40.41,3.585,59.0,31.0,19
D-qazakh,Qazakh,district,fixed,2020,3,8.693,8.6,44.72,3.179,106.0,55.0,45
D-quba,Quba,district,fixed,2020,3,8.303,9.061,38.85,3.092,531.0,222.0,122
D-qusar,Qusar,district,fixed,2020,3,7.427,7.883,59.9,3.119,488.0,127.0,93
D-saatly,Saatly,district,fixed,2020,3,3.612,1.032,50.38,2.372,101.0,33.0,28
D-sabirabad,Sabirabad,district,fixed,2020,3,5.571,6.985,80.1,2.583,117.0,44.0,31
D-sadarak,Sadarak,district,fixed,2020,3,1.664,0.258,88.0,1.834,3.0,2.0,2
D-salyan,Salyan,district,fixed,2020,3,20.755,19.809,24.13,4.067,128.0,46.0,27
D-samukh,Samukh,district,fixed,2020,3,2.555,1.392,56.9,2.522,42.0,21.0,18
D-shabran,Shabran,district,fixed,2020,3,9.42,10.519,41.0,4.133,38.0,24.0,19
D-shahbuz,Shahbuz,district,fixed,2020,3,1.9,0.595,55.71,1.692,7.0,5.0,5
D-shaki,Shaki,district,fixed,2020,3,6.914,7.222,59.35,1.982,113.0,41.0,35
D-shamakhi,Shamakhi,district,fixed,2020,3,7.867,8.506,51.58,3.58,444.0,116.0,62
D-shamkir,Shamkir,district,fixed,2020,3,9.99,9.533,87.67,4.82,548.0,171.0,120
D-sharur,Sharur,district,fixed,2020,3,2.991,0.546,199.12,2.006,17.0,11.0,10
D-siazan,Siazan,district,fixed,2020,3,9.062,6.632,66.05,2.427,38.0,18.0,13
D-tartar,Tartar,district,fixed,2020,3,2.977,0.927,57.12,3.233,33.0,14.0,14
D-tovuz,Tovuz,district,fixed,2020,3,2.527,0.773,60.38,2.113,175.0,86.0,65
D-ujar,Ujar,district,fixed,2020,3,2.194,0.664,36.03,1.738,39.0,14.0,12
D-yardymli,Yardymli,district,fixed,2020,3,2.183,1.469,107.0,1.485,30.0,16.0,16
D-yevlakh,Yevlakh,district,fixed,2020,3,1.845,0.548,48.68,1.846,95.0,28.0,26
D-zaqatala,Zaqatala,district,fixed,2020,3,2.411,0.766,63.03,2.805,33.0,16.0,15
D-zardab,Zardab,district,fixed,2020,3,2.523,0.708,46.9,2.725,21.0,10.0,10
C-baku,Baku,city,fixed,2020,4,23.189,25.958,17.54,7.521,46964.0,13174.0,1927
C-ganja,Ganja,city,fixed,2020,4,12.181,10.902,93.27,9.263,458.0,173.0,87
C-lankaran,Lankaran,city,fixed,2020,4,4.494,4.57,31.0,3.138,61.0,36.0,19
C-mingachevir,Mingachevir,city,fixed,2020,4,12.544,14.595,17.26,9.888,110.0,40.0,22
C-nakhchivan,Nakhchivan,city,fixed,2020,4,8.566,8.128,43.89,3.406,82.0,41.0,25
C-shaki,Shaki,city,fixed,2020,4,3.047,1.209,72.77,2.609,31.0,16.0,11
C-shirvan,Shirvan,city,fixed,2020,4,12.513,14.574,16.26,11.034,95.0,28.0,16
C-sumqayit,Sumqayit,city,fixed,2020,4,19.401,22.941,18.81,14.173,2455.0,586.0,117
C-yevlakh,Yevlakh,city,fixed,2020,4,1.565,0.651,43.44,1.556,91.0,11.0,8
D-absheron,Absheron,district,fixed,2020,4,15.621,15.638,21.66,4.925,2928.0,787.0,239
D-agdam,Agdam,district,fixed,2020,4,2.374,0.575,53.67,2.055,12.0,7.0,5
D-agdash,Agdash,district,fixed,2020,4,2.625,0.502,40.0,3.005,3.0,3.0,3
D-aghjabadi,Aghjabadi,district,fixed,2020,4,6.099,5.112,37.41,3.537,64.0,26.0,24
D-agstafa,Agstafa,district,fixed,2020,4,5.391,5.04,82.2,2.977,54.0,20.0,17
D-agsu,Agsu,district,fixed,2020,4,4.382,2.385,30.82,2.946,38.0,20.0,18
D-astara,Astara,district,fixed,2020,4,2.36,0.625,42.51,2.06,74.0,25.0,22
D-babek,Babek,district,fixed,2020,4,21.035,12.919,14.67,3.367,6.0,4.0,3
D-balakan,Balakan,district,fixed,2020,4,2.797,1.293,105.67,2.642,73.0,35.0,27
D-barda,Barda,district,fixed,2020,4,3.906,2.993,32.99,2.173,91.0,25.0,20
D-beylagan,Beylagan,district,fixed,2020,4,5.367,2.496,34.04,3.381,48.0,13.0,13
D-bilasuvar,Bilasuvar,district,fixed,2020,4,7.501,13.437,32.06,3.346,17.0,12.0,11
D-dashkasan,Dashkasan,district,fixed,2020,4,19.357,18.266,111.0,19.357,2.0,1.0,1
D-fuzuli,Fuzuli,district,fixed,2020,4,3.071,3.056,22.4,3.463,10.0,7.0,7
D-gadabay,Gadabay,district,fixed,2020,4,2.442,0.35,148.0,2.215,8.0,5.0,5
D-gobustan,Gobustan,district,fixed,2020,4,2.333,0.554,47.7,1.479,10.0,7.0,7
D-goranboy,Goranboy,district,fixed,2020,4,24.826,25.376,74.07,3.395,15.0,10.0,8
D-goychay,Goychay,district,fixed,2020,4,5.197,7.992,72.06,2.62,109.0,31.0,24
D-goygol,Goygol,district,fixed,2020,4,4.934,3.679,84.72,3.515,224.0,71.0,60
D-hajigabul,Hajigabul,district,fixed,2020,4,8.554,7.226,31.31,5.003,54.0,25.0,16
D-imishli,Imishli,district,fixed,2020,4,3.758,1.935,32.28,2.714,201.0,21.0,20
D-ismailli,Ismailli,district,fixed,2020,4,4.439,2.509,33.26,2.596,77.0,21.0,17
D-jalilabad,Jalilabad,district,fixed,2020,4,2.25,0.434,66.65,2.548,113.0,30.0,28
D-julfa,Julfa,district,fixed,2020,4,2.63,1.547,17.33,3.443,3.0,3.0,3
D-kangarli,Kangarli,district,fixed,2020,4,3.858,2.484,51.62,3.118,24.0,5.0,5
D-khachmaz,Khachmaz,district,fixed,2020,4,12.929,18.103,23.8,9.817,225.0,97.0,75
D-khizi,Khizi,district,fixed,2020,4,4.27,40.935,19.86,3.082,7.0,4.0,4
D-khojaly,Khojaly,district,fixed,2020,4,4.387,7.985,9.0,4.387,1.0,1.0,1
D-kurdamir,Kurdamir,district,fixed,2020,4,2.603,2.27,25.0,2.334,4.0,4.0,4
D-lankaran,Lankaran,district,fixed,2020,4,11.305,15.16,67.72,2.706,141.0,54.0,48
D-lerik,Lerik,district,fixed,2020,4,2.073,0.713,42.45,1.872,11.0,5.0,5
D-masally,Masally,district,fixed,2020,4,2.165,0.676,53.02,2.111,147.0,35.0,33
D-neftchala,Neftchala,district,fixed,2020,4,3.34,3.189,86.15,1.659,164.0,27.0,25
D-oghuz,Oghuz,district,fixed,2020,4,2.933,0.675,48.12,3.279,16.0,9.0,9
D-ordubad,Ordubad,district,fixed,2020,4,1.892,1.135,19.86,1.724,7.0,5.0,5
D-qabala,Qabala,district,fixed,2020,4,6.315,4.42,42.4,3.432,144.0,44.0,33
D-qakh,Qakh,district,fixed,2020,4,3.505,17.04,49.78,2.54,9.0,7.0,6
D-qazakh,Qazakh,district,fixed,2020,4,3.697,2.809,126.73,2.886,67.0,19.0,18
D-quba,Quba,district,fixed,2020,4,7.015,5.309,39.3,3.146,274.0,104.0,66
D-qusar,Qusar,district,fixed,2020,4,5.825,8.771,104.68,3.96,238.0,64.0,55
D-saatly,Saatly,district,fixed,2020,4,3.159,0.86,52.4,2.233,15.0,9.0,7
D-sabirabad,Sabirabad,district,fixed,2020,4,6.255,7.386,39.08,2.563,66.0,24.0,17
D-salyan,Salyan,district,fixed,2020,4,15.017,17.067,36.84,9.574,73.0,32.0,22
D-samukh,Samukh,district,fixed,2020,4,2.971,0.953,136.69,2.949,13.0,9.0,8
D-shabran,Shabran,district,fixed,2020,4,10.163,2.05,41.54,3.191,24.0,12.0,11
D-shahbuz,Shahbuz,district,fixed,2020,4,1.059,0.425,148.0,1.059,4.0,1.0,1
D-shaki,Shaki,district,fixed,2020,4,2.336,2.258,77.15,1.393,113.0,15.0,15
D-shamakhi,Shamakhi,district,fixed,2020,4,11.074,13.174,28.65,3.864,127.0,50.0,39
D-shamkir,Shamkir,district,fixed,2020,4,8.1,7.715,87.65,4.165,254.0,95.0,75
D-sharur,Sharur,district,fixed,2020,4,2.743,0.764,84.5,2.53,12.0,5.0,5
D-siazan,Siazan,district,fixed,2020,4,5.917,9.11,28.95,5.303,20.0,14.0,10
D-tartar,Tartar,district,fixed,2020,4,2.701,0.658,68.0,2.841,3.0,3.0,3
D-tovuz,Tovuz,district,fixed,2020,4,2.398,0.615,107.36,2.09,118.0,45.0,40
D-ujar,Ujar,district,fixed,2020,4,2.411,0.617,39.58,2.471,24.0,7.0,7
D-yardymli,Yardymli,district,fixed,2020,4,3.496,3.045,46.45,3.156,29.0,4.0,4
D-yevlakh,Yevlakh,district,fixed,2020,4,1.218,3.031,44.16,1.27,62.0,15.0,15
D-zangilan,Zangilan,district,fixed,2020,4,7.265,0.396,34.0,7.265,1.0,1.0,1
D-zaqatala,Zaqatala,district,fixed,2020,4,1.863,0.552,81.82,2.594,33.0,12.0,12
D-zardab,Zardab,district,fixed,2020,4,2.112,0.755,64.0,1.969,6.0,4.0,4
C-baku,Baku,city,fixed,2021,1,24.153,26.343,17.52,8.178,67020.0,17719.0,2165
C-ganja,Ganja,city,fixed,2021,1,11.826,11.942,62.33,10.464,678.0,256.0,101
C-lankaran,Lankaran,city,fixed,2021,1,7.29,6.832,33.45,2.855,56.0,34.0,19
C-mingachevir,Mingachevir,city,fixed,2021,1,15.36,14.917,19.09,11.463,127.0,47.0,33
C-nakhchivan,Nakhchivan,city,fixed,2021,1,5.22,8.666,37.86,3.376,854.0,58.0,30
C-shaki,Shaki,city,fixed,2021,1,3.123,2.624,72.13,2.681,89.0,35.0,21
C-shirvan,Shirvan,city,fixed,2021,1,15.1,15.688,17.13,10.308,87.0,27.0,16
C-sumqayit,Sumqayit,city,fixed,2021,1,19.839,21.843,17.12,14.843,3210.0,757.0,131
C-yevlakh,Yevlakh,city,fixed,2021,1,2.195,0.965,45.9,2.061,51.0,18.0,14
D-absheron,Absheron,district,fixed,2021,1,15.91,15.523,22.46,5.696,4671.0,1101.0,274
D-agdam,Agdam,district,fixed,2021,1,2.164,1.028,46.89,2.524,27.0,14.0,12
D-agdash,Agdash,district,fixed,2021,1,4.018,1.092,67.53,2.026,34.0,16.0,15
D-aghjabadi,Aghjabadi,district,fixed,2021,1,4.164,3.247,68.38,2.951,64.0,39.0,36
D-agstafa,Agstafa,district,fixed,2021,1,4.328,6.371,81.13,2.814,110.0,47.0,34
D-agsu,Agsu,district,fixed,2021,1,3.364,2.058,44.09,1.85,53.0,22.0,12
D-astara,Astara,district,fixed,2021,1,1.973,0.538,47.11,1.818,73.0,41.0,36
D-babek,Babek,district,fixed,2021,1,5.239,2.153,48.68,2.574,19.0,7.0,6
D-balakan,Balakan,district,fixed,2021,1,5.046,1.78,57.61,2.795,320.0,66.0,47
D-barda,Barda,district,fixed,2021,1,3.711,3.154,33.38,2.26,167.0,59.0,48
D-beylagan,Beylagan,district,fixed,2021,1,3.745,1.519,60.87,2.816,38.0,22.0,18
D-bilasuvar,Bilasuvar,district,fixed,2021,1,19.171,22.023,21.92,2.51,49.0,20.0,18
D-dashkasan,Dashkasan,district,fixed,2021,1,12.6,12.911,95.24,12.938,38.0,9.0,5
D-fuzuli,Fuzuli,district,fixed,2021,1,2.321,0.553,57.62,0.967,34.0,11.0,8
D-gadabay,Gadabay,district,fixed,2021,1,2.228,0.639,91.38,2.478,8.0,6.0,6
D-gobustan,Gobustan,district,fixed,2021,1,2.753,0.596,49.57,2.898,30.0,13.0,12
D-goranboy,Goranboy,district,fixed,2021,1,9.81,6.855,55.97,3.418,39.0,18.0,14
D-goychay,Goychay,district,fixed,2021,1,5.899,5.174,54.11,2.452,148.0,46.0,33
D-goygol,Goygol,district,fixed,2021,1,8.464,7.968,65.39,3.778,423.0,120.0,94
D-hajigabul,Hajigabul,district,fixed,2021,1,7.395,6.335,41.19,3.78,118.0,51.0,31
D-imishli,Imishli,district,fixed,2021,1,2.784,0.902,51.27,2.646,241.0,42.0,28
D-ismailli,Ismailli,district,fixed,2021,1,3.125,1.629,50.74,2.384,219.0,41.0,35
D-jalilabad,Jalilabad,district,fixed,2021,1,3.332,1.477,46.29,2.819,192.0,58.0,47
D-julfa,Julfa,district,fixed,2021,1,2.552,0.527,29.85,2.598,13.0,2.0,2
D-kangarli,Kangarli,district,fixed,2021,1,14.118,10.785,96.75,7.343,4.0,3.0,3
D-khachmaz,Khachmaz,district,fixed,2021,1,13.997,20.193,34.54,4.438,397.0,145.0,91
D-khizi,Khizi,district,fixed,2021,1,11.98,18.789,36.4,3.563,20.0,13.0,11
D-khojaly,Khojaly,district,fixed,2021,1,8.248,8.423,141.0,8.59,6.0,4.0,4
D-kurdamir,Kurdamir,district,fixed,2021,1,9.99,14.356,108.04,2.14,24.0,15.0,14
D-lankaran,Lankaran,district,fixed,2021,1,28.723,40.923,54.8,2.698,194.0,88.0,59
D-lerik,Lerik,district,fixed,2021,1,2.329,1.61,40.55,2.356,11.0,9.0,9
D-masally,Masally,district,fixed,2021,1,2.274,0.658,66.05,2.402,200.0,84.0,64
D-neftchala,Neftchala,district,fixed,2021,1,6.157,7.218,45.07,2.756,137.0,43.0,32
D-oghuz,Oghuz,district,fixed,2021,1,2.082,1.396,35.5,1.793,18.0,11.0,10
D-ordubad,Ordubad,district,fixed,2021,1,1.903,0.453,39.0,1.661,13.0,9.0,8
D-qabala,Qabala,district,fixed,2021,1,5.518,5.709,53.03,3.032,220.0,105.0,68
D-qakh,Qakh,district,fixed,2021,1,2.872,5.104,62.03,1.956,38.0,15.0,12
D-qazakh,Qazakh,district,fixed,2021,1,3.692,2.016,92.49,2.777,74.0,31.0,26
D-quba,Quba,district,fixed,2021,1,10.14,10.996,53.09,3.403,391.0,168.0,105
D-qusar,Qusar,district,fixed,2021,1,8.964,12.332,43.28,3.428,338.0,136.0,87
D-saatly,Saatly,district,fixed,2021,1,1.826,0.51,83.69,1.994,51.0,22.0,20
D-sabirabad,Sabirabad,district,fixed,2021,1,4.775,4.101,38.57,1.811,155.0,44.0,29
D-sadarak,Sadarak,district,fixed,2021,1,1.489,0.56,29.0,1.489,1.0,1.0,1
D-salyan,Salyan,district,fixed,2021,1,8.151,6.432,99.6,2.394,136.0,32.0,25
D-samukh,Samukh,district,fixed,2021,1,2.547,0.784,102.48,1.843,23.0,19.0,16
D-shabran,Shabran,district,fixed,2021,1,2.745,6.649,56.19,2.569,27.0,16.0,14
D-shahbuz,Shahbuz,district,fixed,2021,1,3.575,21.385,172.0,3.391,6.0,5.0,4
D-shaki,Shaki,district,fixed,2021,1,21.5,25.153,52.47,3.41,401.0,64.0,60
D-shamakhi,Shamakhi,district,fixed,2021,1,8.917,7.618,37.81,2.971,216.0,74.0,51
D-shamkir,Shamkir,district,fixed,2021,1,8.886,8.057,84.59,6.354,381.0,156.0,107
D-sharur,Sharur,district,fixed,2021,1,3.478,0.61,41.31,2.573,36.0,11.0,9
D-siazan,Siazan,district,fixed,2021,1,9.672,9.88,38.08,4.281,39.0,21.0,12
D-tartar,Tartar,district,fixed,2021,1,3.214,0.636,47.62,2.948,34.0,18.0,18
D-tovuz,Tovuz,district,fixed,2021,1,3.033,0.679,101.41,3.012,192.0,57.0,43
D-ujar,Ujar,district,fixed,2021,1,3.003,0.733,44.39,3.004,49.0,13.0,13
D-yardymli,Yardymli,district,fixed,2021,1,3.289,2.968,72.67,2.399,6.0,4.0,4
D-yevlakh,Yevlakh,district,fixed,2021,1,2.553,1.032,45.21,2.401,38.0,15.0,14
D-zangilan,Zangilan,district,fixed,2021,1,0.432,0.264,27.0,0.432,3.0,1.0,1
D-zaqatala,Zaqatala,district,fixed,2021,1,2.628,0.684,71.81,2.862,37.0,18.0,18
D-zardab,Zardab,district,fixed,2021,1,31.441,49.923,13.07,2.838,81.0,9.0,8
C-baku,Baku,city,fixed,2021,2,26.277,27.015,16.88,11.651,52434.0,16170.0,2199
C-ganja,Ganja,city,fixed,2021,2,12.866,11.629,72.36,10.275,820.0,251.0,109
C-lankaran,Lankaran,city,fixed,2021,2,8.546,7.551,36.26,4.115,94.0,54.0,30
C-mingachevir,Mingachevir,city,fixed,2021,2,13.332,13.614,22.19,10.307,80.0,46.0,30
C-nakhchivan,Nakhchivan,city,fixed,2021,2,6.709,5.64,46.89,3.535,162.0,77.0,39
C-shaki,Shaki,city,fixed,2021,2,3.597,3.573,157.06,2.821,70.0,35.0,19
C-shirvan,Shirvan,city,fixed,2021,2,28.327,24.625,11.69,29.304,103.0,32.0,16
C-sumqayit,Sumqayit,city,fixed,2021,2,23.771,23.642,16.23,13.278,1989.0,635.0,128
C-yevlakh,Yevlakh,city,fixed,2021,2,3.361,1.002,42.91,3.172,516.0,35.0,21
D-absheron,Absheron,district,fixed,2021,2,20.88,18.955,20.9,8.983,3566.0,1015.0,287
D-agdam,Agdam,district,fixed,2021,2,11.319,9.708,49.9,2.158,10.0,6.0,4
D-agdash,Agdash,district,fixed,2021,2,15.662,14.866,49.41,3.568,49.0,24.0,20
D-aghjabadi,Aghjabadi,district,fixed,2021,2,16.477,15.644,31.06,2.752,103.0,37.0,35
D-agstafa,Agstafa,district,fixed,2021,2,5.694,4.566,165.28,3.21,187.0,40.0,32
D-agsu,Agsu,district,fixed,2021,2,3.323,1.024,47.52,2.935,46.0,20.0,17
D-astara,Astara,district,fixed,2021,2,3.333,1.897,44.46,3.203,74.0,35.0,31
D-babek,Babek,district,fixed,2021,2,8.524,7.075,34.69,1.873,13.0,9.0,9
D-balakan,Balakan,district,fixed,2021,2,5.319,2.824,73.37,3.754,134.0,52.0,43
D-barda,Barda,district,fixed,2021,2,4.912,2.987,39.67,2.775,144.0,62.0,46
D-beylagan,Beylagan,district,fixed,2021,2,3.903,1.477,49.5,3.391,36.0,21.0,17
D-bilasuvar,Bilasuvar,district,fixed,2021,2,7.67,5.492,46.4,3.53,40.0,20.0,18
D-dashkasan,Dashkasan,district,fixed,2021,2,9.194,6.306,97.57,4.257,7.0,5.0,4
D-fuzuli,Fuzuli,district,fixed,2021,2,6.244,18.242,33.81,5.203,31.0,13.0,11
D-gadabay,Gadabay,district,fixed,2021,2,5.496,2.138,124.97,3.443,29.0,19.0,17
D-gobustan,Gobustan,district,fixed,2021,2,2.556,0.62,191.67,2.494,9.0,9.0,9
D-goranboy,Goranboy,district,fixed,2021,2,8.532,10.211,75.63,2.586,101.0,41.0,31
D-goychay,Goychay,district,fixed,2021,2,7.503,5.661,53.24,3.658,173.0,42.0,30
D-goygol,Goygol,district,fixed,2021,2,11.342,7.275,106.6,4.46,407.0,115.0,83
D-hajigabul,Hajigabul,district,fixed,2021,2,9.5,10.172,46.29,4.111,80.0,36.0,23
D-imishli,Imishli,district,fixed,2021,2,15.992,16.034,39.67,3.178,135.0,42.0,32
D-ismailli,Ismailli,district,fixed,2021,2,5.969,4.405,47.59,2.404,116.0,47.0,42
D-jalilabad,Jalilabad,district,fixed,2021,2,4.112,6.438,40.81,2.911,181.0,46.0,43
D-julfa,Julfa,district,fixed,2021,2,1.533,0.351,334.55,1.478,11.0,9.0,7
D-kangarli,Kangarli,district,fixed,2021,2,13.841,10.256,73.0,4.996,4.0,4.0,4
D-khachmaz,Khachmaz,district,fixed,2021,2,17.908,21.524,27.96,5.323,474.0,167.0,110
D-khizi,Khizi,district,fixed,2021,2,5.278,2.097,63.33,3.041,15.0,10.0,9
D-khojaly,Khojaly,district,fixed,2021,2,7.098,0.53,21.0,7.098,2.0,2.0,2
D-kurdamir,Kurdamir,district,fixed,2021,2,8.07,20.805,46.26,1.745,27.0,19.0,17
D-lankaran,Lankaran,district,fixed,2021,2,61.19,66.086,28.24,3.111,234.0,107.0,64
D-lerik,Lerik,district,fixed,2021,2,3.136,1.327,36.46,3.029,13.0,11.0,11
D-masally,Masally,district,fixed,2021,2,2.497,0.732,54.3,2.694,233.0,78.0,68
D-neftchala,Neftchala,district,fixed,2021,2,8.017,6.558,52.17,2.509,108.0,27.0,19
D-oghuz,Oghuz,district,fixed,2021,2,1.946,4.972,39.67,2.142,36.0,16.0,12
D-ordubad,Ordubad,district,fixed,2021,2,2.149,0.454,130.41,1.581,39.0,27.0,22
D-qabala,Qabala,district,fixed,2021,2,6.791,4.751,80.75,3.317,182.0,89.0,58
D-qakh,Qakh,district,fixed,2021,2,10.788,12.276,60.8,4.098,56.0,29.0,22
D-qazakh,Qazakh,district,fixed,2021,2,2.521,0.824,176.38,2.52,39.0,26.0,24
D-quba,Quba,district,fixed,2021,2,12.897,16.397,40.81,3.185,396.0,164.0,117
D-qubadli,Qubadli,district,fixed,2021,2,7.387,9.867,8.0,7.387,1.0,1.0,1
D-qusar,Qusar,district,fixed,2021,2,7.796,8.634,47.32,3.602,304.0,114.0,80
D-saatly,Saatly,district,fixed,2021,2,2.616,1.662,67.76,2.95,42.0,22.0,20
D-sabirabad,Sabirabad,district,fixed,2021,2,4.118,3.934,62.81,2.674,77.0,33.0,22
D-sadarak,Sadarak,district,fixed,2021,2,2.545,0.539,39.3,2.38,79.0,12.0,12
D-salyan,Salyan,district,fixed,2021,2,11.297,10.341,31.83,3.01,63.0,31.0,22
D-samukh,Samukh,district,fixed,2021,2,5.129,2.867,102.63,3.515,27.0,16.0,15
D-shabran,Shabran,district,fixed,2021,2,3.426,8.161,65.96,2.607,25.0,15.0,12
D-shahbuz,Shahbuz,district,fixed,2021,2,3.087,15.185,48.0,2.206,6.0,4.0,3
D-shaki,Shaki,district,fixed,2021,2,12.871,22.759,59.13,4.772,126.0,26.0,24
D-shamakhi,Shamakhi,district,fixed,2021,2,8.334,6.213,40.24,3.552,152.0,70.0,46
D-shamkir,Shamkir,district,fixed,2021,2,11.518,10.115,108.62,8.315,415.0,166.0,115
D-sharur,Sharur,district,fixed,2021,2,2.875,0.441,139.85,2.542,26.0,14.0,13
D-siazan,Siazan,district,fixed,2021,2,8.978,9.619,26.18,4.205,38.0,19.0,13
D-tartar,Tartar,district,fixed,2021,2,3.214,1.856,85.58,2.572,33.0,19.0,18
D-tovuz,Tovuz,district,fixed,2021,2,3.309,1.185,124.65,3.09,89.0,27.0,24
D-ujar,Ujar,district,fixed,2021,2,1.635,0.381,118.06,1.628,32.0,11.0,11
D-yardymli,Yardymli,district,fixed,2021,2,3.17,1.466,35.83,2.797,6.0,6.0,5
D-yevlakh,Yevlakh,district,fixed,2021,2,4.263,10.304,42.28,3.921,18.0,13.0,13
D-zaqatala,Zaqatala,district,fixed,2021,2,3.73,0.812,64.52,3.5,23.0,16.0,15
D-zardab,Zardab,district,fixed,2021,2,2.631,0.498,39.67,2.788,6.0,5.0,5
C-baku,Baku,city,fixed,2021,3,21.401,22.4,19.62,10.368,156663.0,47486.0,3048
C-ganja,Ganja,city,fixed,2021,3,11.215,11.14,68.75,10.915,4090.0,1301.0,151
C-khankendi,Khankendi,city,fixed,2021,3,6.198,7.373,16.8,5.74,5.0,4.0,3
C-lankaran,Lankaran,city,fixed,2021,3,5.095,4.038,36.23,4.042,771.0,251.0,55
C-mingachevir,Mingachevir,city,fixed,2021,3,14.185,15.676,23.1,10.666,968.0,352.0,62
C-nakhchivan,Nakhchivan,city,fixed,2021,3,6.198,5.481,41.13,2.582,295.0,161.0,46
C-shaki,Shaki,city,fixed,2021,3,4.115,4.211,64.68,3.072,456.0,188.0,40
C-shirvan,Shirvan,city,fixed,2021,3,14.375,14.199,17.15,12.922,855.0,230.0,34
C-sumqayit,Sumqayit,city,fixed,2021,3,20.592,19.678,17.66,12.266,9606.0,2962.0,227
C-yevlakh,Yevlakh,city,fixed,2021,3,3.918,1.632,35.37,3.456,424.0,100.0,38
D-absheron,Absheron,district,fixed,2021,3,21.477,19.097,16.2,12.791,16335.0,4623.0,439
D-agdam,Agdam,district,fixed,2021,3,2.975,0.859,57.68,2.498,172.0,59.0,48
D-agdash,Agdash,district,fixed,2021,3,19.127,16.141,25.05,3.63,454.0,167.0,73
D-aghjabadi,Aghjabadi,district,fixed,2021,3,10.377,8.736,33.48,3.16,410.0,163.0,97
D-agstafa,Agstafa,district,fixed,2021,3,4.732,4.407,121.86,2.838,481.0,196.0,99
D-agsu,Agsu,district,fixed,2021,3,4.853,3.195,52.46,2.522,419.0,179.0,80
D-astara,Astara,district,fixed,2021,3,3.973,2.131,41.43,2.716,278.0,130.0,88
D-babek,Babek,district,fixed,2021,3,2.237,0.921,170.31,2.162,98.0,46.0,40
D-balakan,Balakan,district,fixed,2021,3,4.478,3.474,74.5,3.447,518.0,192.0,121
D-barda,Barda,district,fixed,2021,3,6.198,5.226,33.25,3.058,606.0,231.0,130
D-beylagan,Beylagan,district,fixed,2021,3,4.306,1.419,41.03,3.074,284.0,108.0,75
D-bilasuvar,Bilasuvar,district,fixed,2021,3,4.208,1.919,68.3,3.038,438.0,139.0,80
D-dashkasan,Dashkasan,district,fixed,2021,3,4.199,2.706,71.17,3.005,109.0,25.0,13
D-fuzuli,Fuzuli,district,fixed,2021,3,10.253,15.054,26.35,4.131,548.0,51.0,33
D-gadabay,Gadabay,district,fixed,2021,3,2.878,1.164,128.66,2.524,183.0,90.0,70
D-gobustan,Gobustan,district,fixed,2021,3,3.316,0.938,46.93,2.699,188.0,75.0,43
D-goranboy,Goranboy,district,fixed,2021,3,6.514,5.548,84.08,2.877,360.0,139.0,89
D-goychay,Goychay,district,fixed,2021,3,9.75,7.549,35.26,3.777,1477.0,305.0,137
D-goygol,Goygol,district,fixed,2021,3,8.642,7.267,77.9,3.896,1913.0,641.0,240
D-hajigabul,Hajigabul,district,fixed,2021,3,11.101,10.583,31.08,3.604,727.0,229.0,93
D-imishli,Imishli,district,fixed,2021,3,17.331,16.481,42.68,3.274,852.0,221.0,120
D-ismailli,Ismailli,district,fixed,2021,3,3.636,2.885,65.8,2.574,565.0,275.0,150
D-jalilabad,Jalilabad,district,fixed,2021,3,10.237,17.288,29.56,2.958,1170.0,241.0,128
D-julfa,Julfa,district,fixed,2021,3,2.47,0.596,65.59,1.792,29.0,18.0,10
D-kalbajar,Kalbajar,district,fixed,2021,3,1.98,8.948,10.0,1.98,1.0,1.0,1
D-kangarli,Kangarli,district,fixed,2021,3,2.474,0.458,160.13,2.515,31.0,15.0,12
D-khachmaz,Khachmaz,district,fixed,2021,3,11.966,13.635,37.35,6.282,3352.0,922.0,363
D-khizi,Khizi,district,fixed,2021,3,5.153,4.477,39.27,3.494,197.0,79.0,56
D-khojaly,Khojaly,district,fixed,2021,3,14.087,16.063,10.27,14.365,11.0,4.0,3
D-khojavend,Khojavend,district,fixed,2021,3,3.497,0.118,21.0,3.497,1.0,1.0,1
D-kurdamir,Kurdamir,district,fixed,2021,3,13.44,15.872,25.52,3.066,499.0,148.0,75
D-lachin,Lachin,district,fixed,2021,3,4.883,1.414,28.0,4.883,9.0,1.0,1
D-lankaran,Lankaran,district,fixed,2021,3,18.243,19.478,35.59,2.796,822.0,427.0,219
D-lerik,Lerik,district,fixed,2021,3,2.575,1.125,41.83,2.52,151.0,76.0,52
D-masally,Masally,district,fixed,2021,3,2.463,0.604,58.62,2.187,869.0,271.0,192
D-neftchala,Neftchala,district,fixed,2021,3,8.21,7.63,37.29,2.544,1054.0,234.0,112
D-oghuz,Oghuz,district,fixed,2021,3,2.722,1.745,47.07,2.848,176.0,92.0,53
D-ordubad,Ordubad,district,fixed,2021,3,1.793,0.385,93.19,1.57,117.0,54.0,37
D-qabala,Qabala,district,fixed,2021,3,9.787,10.718,40.98,3.12,1406.0,570.0,216
D-qakh,Qakh,district,fixed,2021,3,5.656,4.269,80.82,2.876,183.0,122.0,61
D-qazakh,Qazakh,district,fixed,2021,3,4.074,2.356,125.45,2.802,230.0,103.0,74
D-quba,Quba,district,fixed,2021,3,11.489,12.747,34.91,3.884,2261.0,857.0,328
D-qubadli,Qubadli,district,fixed,2021,3,4.973,4.56,42.75,0.944,4.0,3.0,3
D-qusar,Qusar,district,fixed,2021,3,9.74,11.215,34.44,3.69,1728.0,676.0,297
D-saatly,Saatly,district,fixed,2021,3,4.607,2.986,37.62,3.256,490.0,177.0,100
D-sabirabad,Sabirabad,district,fixed,2021,3,10.581,9.346,41.94,3.274,738.0,265.0,106
D-sadarak,Sadarak,district,fixed,2021,3,2.003,0.41,77.23,1.66,39.0,19.0,15
D-salyan,Salyan,district,fixed,2021,3,13.217,13.696,31.94,4.526,722.0,236.0,97
D-samukh,Samukh,district,fixed,2021,3,3.962,1.773,83.14,3.055,403.0,134.0,85
D-shabran,Shabran,district,fixed,2021,3,10.329,13.65,27.51,3.247,566.0,111.0,63
D-shahbuz,Shahbuz,district,fixed,2021,3,2.298,4.651,51.49,1.684,37.0,22.0,16
D-shaki,Shaki,district,fixed,2021,3,15.243,15.393,25.57,3.136,1259.0,209.0,156
D-shamakhi,Shamakhi,district,fixed,2021,3,9.656,9.503,35.72,3.491,839.0,310.0,131
D-shamkir,Shamkir,district,fixed,2021,3,8.578,7.479,94.99,5.65,2877.0,753.0,355
D-sharur,Sharur,district,fixed,2021,3,2.53,0.454,119.25,1.742,163.0,67.0,56
D-siazan,Siazan,district,fixed,2021,3,13.165,11.205,29.6,4.224,519.0,120.0,50
D-tartar,Tartar,district,fixed,2021,3,4.89,2.829,65.2,2.924,299.0,84.0,57
D-tovuz,Tovuz,district,fixed,2021,3,3.472,2.419,123.03,2.792,455.0,206.0,152
D-ujar,Ujar,district,fixed,2021,3,8.669,7.087,39.69,2.948,279.0,73.0,50
D-yardymli,Yardymli,district,fixed,2021,3,2.557,0.85,55.54,2.097,429.0,55.0,38
D-yevlakh,Yevlakh,district,fixed,2021,3,13.946,19.882,26.52,3.432,306.0,105.0,65
D-zaqatala,Zaqatala,district,fixed,2021,3,3.503,2.175,92.08,2.746,232.0,116.0,86
D-zardab,Zardab,district,fixed,2021,3,3.872,2.27,36.05,3.006,43.0,29.0,24
C-baku,Baku,city,fixed,2021,4,29.016,29.137,15.01,19.906,59626.0,17565.0,2188
C-ganja,Ganja,city,fixed,2021,4,14.735,12.478,27.61,11.044,1871.0,376.0,127
C-khankendi,Khankendi,city,fixed,2021,4,16.164,16.44,11.0,16.164,6.0,3.0,1
C-lankaran,Lankaran,city,fixed,2021,4,6.357,4.382,28.74,4.374,151.0,53.0,27
C-mingachevir,Mingachevir,city,fixed,2021,4,16.951,15.46,17.31,13.146,89.0,41.0,24
C-nakhchivan,Nakhchivan,city,fixed,2021,4,6.324,5.611,61.89,3.389,89.0,45.0,29
C-shaki,Shaki,city,fixed,2021,4,9.519,7.383,60.76,2.758,66.0,31.0,18
C-shirvan,Shirvan,city,fixed,2021,4,19.39,17.673,14.8,7.171,69.0,32.0,15
C-sumqayit,Sumqayit,city,fixed,2021,4,28.872,26.338,15.11,22.907,2609.0,783.0,154
C-yevlakh,Yevlakh,city,fixed,2021,4,3.758,0.948,46.69,3.726,224.0,26.0,15
D-absheron,Absheron,district,fixed,2021,4,28.413,22.463,14.39,20.224,4699.0,1137.0,276
D-agdam,Agdam,district,fixed,2021,4,3.26,0.732,41.32,4.398,38.0,10.0,8
D-agdash,Agdash,district,fixed,2021,4,17.969,19.424,16.58,4.271,138.0,29.0,27
D-aghjabadi,Aghjabadi,district,fixed,2021,4,8.374,4.95,34.97,3.714,29.0,16.0,16
D-agstafa,Agstafa,district,fixed,2021,4,11.045,8.097,93.91,3.643,88.0,30.0,27
D-agsu,Agsu,district,fixed,2021,4,4.697,1.238,43.4,2.814,60.0,22.0,20
D-astara,Astara,district,fixed,2021,4,4.339,0.706,38.8,3.983,56.0,25.0,21
D-babek,Babek,district,fixed,2021,4,2.652,1.634,282.97,1.73,29.0,10.0,9
D-balakan,Balakan,district,fixed,2021,4,7.292,1.699,49.98,4.208,123.0,40.0,33
D-barda,Barda,district,fixed,2021,4,8.793,4.71,35.51,2.597,89.0,51.0,46
D-beylagan,Beylagan,district,fixed,2021,4,6.811,4.794,40.86,3.902,69.0,23.0,20
D-bilasuvar,Bilasuvar,district,fixed,2021,4,4.199,0.944,34.75,3.945,24.0,14.0,13
D-dashkasan,Dashkasan,district,fixed,2021,4,13.931,13.0,10.0,13.931,2.0,2.0,2
D-fuzuli,Fuzuli,district,fixed,2021,4,9.615,11.062,24.84,3.959,38.0,18.0,17
D-gadabay,Gadabay,district,fixed,2021,4,3.03,0.544,76.12,2.683,25.0,17.0,16
D-gobustan,Gobustan,district,fixed,2021,4,3.524,0.735,33.75,3.538,8.0,4.0,4
D-goranboy,Goranboy,district,fixed,2021,4,22.278,25.71,30.8,4.054,81.0,26.0,19
D-goychay,Goychay,district,fixed,2021,4,16.496,12.036,27.6,11.667,129.0,49.0,31
D-goygol,Goygol,district,fixed,2021,4,8.194,5.442,83.95,4.339,321.0,110.0,88
D-hajigabul,Hajigabul,district,fixed,2021,4,17.283,14.102,18.94,13.446,154.0,45.0,29
D-imishli,Imishli,district,fixed,2021,4,29.853,23.238,41.27,3.553,110.0,45.0,27
D-ismailli,Ismailli,district,fixed,2021,4,4.25,3.304,63.14,3.381,80.0,28.0,27
D-jabrayil,Jabrayil,district,fixed,2021,4,7.219,0.688,69.0,7.219,5.0,1.0,1
D-jalilabad,Jalilabad,district,fixed,2021,4,5.204,6.245,44.12,4.074,169.0,40.0,31
D-julfa,Julfa,district,fixed,2021,4,2.341,0.64,81.62,2.387,8.0,6.0,6
D-kangarli,Kangarli,district,fixed,2021,4,6.701,0.747,213.29,4.06,14.0,4.0,4
D-khachmaz,Khachmaz,district,fixed,2021,4,15.174,19.787,30.72,16.754,283.0,128.0,91
D-khizi,Khizi,district,fixed,2021,4,18.832,23.49,20.73,4.244,26.0,16.0,14
D-khojaly,Khojaly,district,fixed,2021,4,10.766,7.724,19.75,7.062,4.0,4.0,3
D-kurdamir,Kurdamir,district,fixed,2021,4,3.518,2.026,48.38,2.177,34.0,17.0,16
D-lankaran,Lankaran,district,fixed,2021,4,32.746,34.522,44.63,3.242,130.0,72.0,53
D-lerik,Lerik,district,fixed,2021,4,2.816,1.128,34.71,2.886,17.0,9.0,8
D-masally,Masally,district,fixed,2021,4,2.39,0.737,72.25,3.047,240.0,65.0,55
D-neftchala,Neftchala,district,fixed,2021,4,8.818,6.629,30.44,3.425,154.0,35.0,27
D-oghuz,Oghuz,district,fixed,2021,4,3.432,0.731,61.45,3.564,33.0,16.0,14
D-ordubad,Ordubad,district,fixed,2021,4,2.048,0.409,114.38,1.648,26.0,17.0,13
D-qabala,Qabala,district,fixed,2021,4,7.903,6.35,36.28,4.324,181.0,78.0,46
D-qakh,Qakh,district,fixed,2021,4,4.092,6.436,71.04,4.355,28.0,5.0,5
D-qazakh,Qazakh,district,fixed,2021,4,15.799,36.186,57.89,18.413,63.0,22.0,19
D-quba,Quba,district,fixed,2021,4,19.228,19.104,37.2,5.536,275.0,135.0,80
D-qusar,Qusar,district,fixed,2021,4,9.858,6.813,45.23,3.825,307.0,115.0,83
D-saatly,Saatly,district,fixed,2021,4,14.001,13.506,29.41,4.243,90.0,28.0,21
D-sabirabad,Sabirabad,district,fixed,2021,4,14.094,13.433,30.98,12.362,323.0,53.0,35
D-sadarak,Sadarak,district,fixed,2021,4,0.833,0.15,93.25,0.85,4.0,2.0,2
D-salyan,Salyan,district,fixed,2021,4,20.823,19.57,38.92,6.049,119.0,32.0,25
D-samukh,Samukh,district,fixed,2021,4,2.666,0.89,73.21,2.989,52.0,23.0,19
D-shabran,Shabran,district,fixed,2021,4,3.603,17.403,53.19,3.055,47.0,16.0,14
D-shaki,Shaki,district,fixed,2021,4,3.106,0.615,46.65,3.179,17.0,9.0,9
D-shamakhi,Shamakhi,district,fixed,2021,4,28.254,25.094,21.59,4.867,193.0,51.0,40
D-shamkir,Shamkir,district,fixed,2021,4,13.105,8.885,55.56,10.927,346.0,112.0,80
D-sharur,Sharur,district,fixed,2021,4,2.724,0.519,50.07,2.277,14.0,10.0,9
D-siazan,Siazan,district,fixed,2021,4,17.641,8.897,23.95,8.543,66.0,25.0,20
D-tartar,Tartar,district,fixed,2021,4,9.681,10.238,32.38,2.552,16.0,13.0,13
D-tovuz,Tovuz,district,fixed,2021,4,6.35,3.801,96.17,3.793,135.0,55.0,47
D-ujar,Ujar,district,fixed,2021,4,7.171,3.924,34.58,3.927,60.0,15.0,15
D-yardymli,Yardymli,district,fixed,2021,4,3.395,2.34,27.5,2.437,6.0,4.0,4
D-yevlakh,Yevlakh,district,fixed,2021,4,3.356,0.576,53.9,3.685,10.0,9.0,9
D-zaqatala,Zaqatala,district,fixed,2021,4,4.172,1.039,46.45,4.146,20.0,10.0,10
D-zardab,Zardab,district,fixed,2021,4,5.118,31.718,43.0,4.762,17.0,6.0,5
C-baku,Baku,city,fixed,2022,1,25.429,26.13,15.64,17.871,205674.0,56749.0,3110
C-ganja,Ganja,city,fixed,2022,1,15.164,15.632,27.73,14.032,5592.0,1644.0,155
C-lankaran,Lankaran,city,fixed,2022,1,7.116,5.549,32.62,5.109,689.0,230.0,50
C-mingachevir,Mingachevir,city,fixed,2022,1,12.402,12.832,25.07,8.371,1153.0,396.0,73
C-nakhchivan,Nakhchivan,city,fixed,2022,1,5.736,4.957,50.45,3.1,494.0,196.0,57
C-shaki,Shaki,city,fixed,2022,1,11.475,9.989,51.38,3.37,807.0,264.0,44
C-shirvan,Shirvan,city,fixed,2022,1,16.214,16.634,16.99,15.965,1295.0,286.0,34
C-sumqayit,Sumqayit,city,fixed,2022,1,21.843,21.549,17.25,17.937,15184.0,3986.0,243
C-yevlakh,Yevlakh,city,fixed,2022,1,4.784,2.267,43.54,3.838,296.0,83.0,34
D-absheron,Absheron,district,fixed,2022,1,26.628,24.309,13.76,20.376,23173.0,5833.0,464
D-agdam,Agdam,district,fixed,2022,1,3.971,1.38,52.02,2.893,126.0,53.0,35
D-agdash,Agdash,district,fixed,2022,1,16.043,16.113,26.65,9.734,724.0,175.0,84
D-aghjabadi,Aghjabadi,district,fixed,2022,1,7.209,5.615,31.71,4.067,508.0,171.0,99
D-agstafa,Agstafa,district,fixed,2022,1,5.994,6.622,102.99,3.259,759.0,238.0,123
D-agsu,Agsu,district,fixed,2022,1,5.745,3.623,46.53,2.906,505.0,155.0,84
D-astara,Astara,district,fixed,2022,1,4.447,2.068,45.54,3.569,499.0,155.0,103
D-babek,Babek,district,fixed,2022,1,3.678,3.419,54.06,1.687,83.0,43.0,36
D-balakan,Balakan,district,fixed,2022,1,5.472,1.206,57.52,3.854,1015.0,211.0,129
D-barda,Barda,district,fixed,2022,1,11.02,8.323,36.53,3.653,1038.0,303.0,141
D-beylagan,Beylagan,district,fixed,2022,1,3.968,1.599,46.56,3.758,328.0,122.0,86
D-bilasuvar,Bilasuvar,district,fixed,2022,1,5.172,3.707,56.22,3.275,698.0,205.0,123
D-dashkasan,Dashkasan,district,fixed,2022,1,16.908,20.813,24.84,8.977,37.0,20.0,8
D-fuzuli,Fuzuli,district,fixed,2022,1,15.416,19.146,28.89,6.396,196.0,61.0,45
D-gadabay,Gadabay,district,fixed,2022,1,6.26,4.924,94.81,3.835,139.0,73.0,57
D-gobustan,Gobustan,district,fixed,2022,1,3.628,0.623,53.5,3.552,373.0,81.0,51
D-goranboy,Goranboy,district,fixed,2022,1,9.91,9.8,55.75,3.175,700.0,235.0,127
D-goychay,Goychay,district,fixed,2022,1,9.647,8.847,45.07,4.161,1661.0,325.0,140
D-goygol,Goygol,district,fixed,2022,1,8.802,7.53,42.66,4.439,2459.0,714.0,246
D-hajigabul,Hajigabul,district,fixed,2022,1,9.239,7.323,36.51,4.094,996.0,296.0,97
D-imishli,Imishli,district,fixed,2022,1,9.937,8.827,52.08,3.571,900.0,284.0,121
D-ismailli,Ismailli,district,fixed,2022,1,9.214,5.907,64.5,2.758,430.0,196.0,114
D-jabrayil,Jabrayil,district,fixed,2022,1,35.45,3.749,46.0,35.45,1.0,1.0,1
D-jalilabad,Jalilabad,district,fixed,2022,1,5.385,6.646,49.91,2.928,1870.0,321.0,163
D-julfa,Julfa,district,fixed,2022,1,2.273,0.492,54.58,1.607,40.0,21.0,15
D-kalbajar,Kalbajar,district,fixed,2022,1,13.333,1.222,587.0,13.333,1.0,1.0,1
D-kangarli,Kangarli,district,fixed,2022,1,2.919,0.707,128.48,1.691,89.0,15.0,14
D-khachmaz,Khachmaz,district,fixed,2022,1,12.646,12.273,44.5,7.284,3570.0,1016.0,394
D-khizi,Khizi,district,fixed,2022,1,7.393,5.325,29.92,4.084,508.0,130.0,73
D-khojaly,Khojaly,district,fixed,2022,1,22.32,30.565,6.19,17.794,21.0,8.0,4
D-khojavend,Khojavend,district,fixed,2022,1,20.373,14.198,13.29,13.456,7.0,2.0,2
D-kurdamir,Kurdamir,district,fixed,2022,1,16.624,18.508,27.96,4.443,653.0,200.0,79
D-lachin,Lachin,district,fixed,2022,1,5.006,3.116,21.14,5.272,43.0,3.0,2
D-lankaran,Lankaran,district,fixed,2022,1,15.67,17.643,37.26,2.974,887.0,409.0,225
D-lerik,Lerik,district,fixed,2022,1,3.902,0.913,40.01,3.039,160.0,52.0,45
D-masally,Masally,district,fixed,2022,1,4.759,2.831,59.32,2.953,1538.0,374.0,231
D-neftchala,Neftchala,district,fixed,2022,1,6.803,5.538,37.57,2.862,1071.0,244.0,123
D-oghuz,Oghuz,district,fixed,2022,1,3.453,1.378,62.05,3.376,155.0,88.0,54
D-ordubad,Ordubad,district,fixed,2022,1,1.824,0.364,95.65,1.578,49.0,30.0,28
D-qabala,Qabala,district,fixed,2022,1,10.573,11.185,37.49,3.608,1261.0,476.0,193
D-qakh,Qakh,district,fixed,2022,1,4.1,1.601,55.74,2.568,244.0,72.0,46
D-qazakh,Qazakh,district,fixed,2022,1,4.318,3.138,93.24,3.294,407.0,131.0,91
D-quba,Quba,district,fixed,2022,1,14.318,13.986,44.96,3.567,2414.0,830.0,365
D-qusar,Qusar,district,fixed,2022,1,8.46,8.842,44.02,4.078,2647.0,743.0,314
D-saatly,Saatly,district,fixed,2022,1,7.702,5.458,43.21,3.937,879.0,257.0,128
D-sabirabad,Sabirabad,district,fixed,2022,1,17.15,16.396,27.08,6.421,2132.0,474.0,157
D-sadarak,Sadarak,district,fixed,2022,1,2.593,0.478,54.85,2.354,13.0,7.0,6
D-salyan,Salyan,district,fixed,2022,1,13.915,15.138,21.28,8.253,1775.0,310.0,116
D-samukh,Samukh,district,fixed,2022,1,8.642,7.279,42.84,3.326,1000.0,180.0,101
D-shabran,Shabran,district,fixed,2022,1,8.195,10.199,39.57,3.555,633.0,167.0,89
D-shahbuz,Shahbuz,district,fixed,2022,1,1.675,0.341,109.33,0.881,9.0,7.0,7
D-shaki,Shaki,district,fixed,2022,1,22.541,20.902,33.13,3.644,1259.0,283.0,153
D-shamakhi,Shamakhi,district,fixed,2022,1,12.062,9.354,34.01,4.307,945.0,301.0,131
D-shamkir,Shamkir,district,fixed,2022,1,8.765,7.947,65.22,6.368,4583.0,849.0,394
D-sharur,Sharur,district,fixed,2022,1,1.984,0.389,72.16,1.678,127.0,65.0,55
D-siazan,Siazan,district,fixed,2022,1,10.977,13.638,38.67,4.244,372.0,136.0,57
D-tartar,Tartar,district,fixed,2022,1,10.837,9.528,42.04,3.124,399.0,119.0,64
D-tovuz,Tovuz,district,fixed,2022,1,4.911,4.697,107.72,2.627,492.0,198.0,145
D-ujar,Ujar,district,fixed,2022,1,6.918,5.149,54.31,2.928,220.0,80.0,54
D-yardymli,Yardymli,district,fixed,2022,1,3.349,0.704,39.9,2.42,241.0,46.0,34
D-yevlakh,Yevlakh,district,fixed,2022,1,5.278,4.134,44.24,3.467,199.0,87.0,61
D-zaqatala,Zaqatala,district,fixed,2022,1,3.084,0.924,58.42,3.348,265.0,97.0,81
D-zardab,Zardab,district,fixed,2022,1,4.265,7.16,47.8,3.838,56.0,33.0,26
C-baku,Baku,city,fixed,2022,2,26.217,27.366,14.34,20.91,198520.0,54207.0,3151
C-ganja,Ganja,city,fixed,2022,2,16.936,18.159,24.11,15.152,5678.0,1594.0,148
C-lankaran,Lankaran,city,fixed,2022,2,9.02,8.41,35.28,5.092,484.0,176.0,46
C-mingachevir,Mingachevir,city,fixed,2022,2,12.476,12.974,26.79,9.589,1317.0,382.0,73
C-nakhchivan,Nakhchivan,city,fixed,2022,2,8.978,8.491,41.71,3.136,344.0,178.0,55
C-shaki,Shaki,city,fixed,2022,2,19.189,18.844,57.25,3.252,832.0,247.0,47
C-shirvan,Shirvan,city,fixed,2022,2,17.589,16.895,16.29,14.752,1138.0,263.0,37
C-sumqayit,Sumqayit,city,fixed,2022,2,23.156,23.291,15.82,17.717,13561.0,3517.0,248
C-yevlakh,Yevlakh,city,fixed,2022,2,5.572,5.587,53.92,2.46,252.0,72.0,31
D-absheron,Absheron,district,fixed,2022,2,28.136,25.49,12.58,22.24,20746.0,5402.0,453
D-agdam,Agdam,district,fixed,2022,2,4.631,1.081,54.53,3.84,184.0,59.0,46
D-agdash,Agdash,district,fixed,2022,2,14.176,14.772,23.53,9.29,546.0,185.0,94
D-aghjabadi,Aghjabadi,district,fixed,2022,2,9.698,7.8,50.08,3.78,383.0,123.0,80
D-agstafa,Agstafa,district,fixed,2022,2,10.069,10.023,74.54,4.143,448.0,181.0,99
D-agsu,Agsu,district,fixed,2022,2,8.479,6.585,50.47,3.037,508.0,169.0,81
D-astara,Astara,district,fixed,2022,2,3.829,1.556,53.41,2.632,497.0,113.0,74
D-babek,Babek,district,fixed,2022,2,4.478,3.572,96.7,1.909,76.0,39.0,33
D-balakan,Balakan,district,fixed,2022,2,4.385,1.458,76.7,3.418,660.0,150.0,98
D-barda,Barda,district,fixed,2022,2,10.348,7.759,48.86,3.824,916.0,261.0,116
D-beylagan,Beylagan,district,fixed,2022,2,4.761,2.403,52.06,3.262,197.0,95.0,64
D-bilasuvar,Bilasuvar,district,fixed,2022,2,4.242,3.861,53.76,3.048,512.0,163.0,105
D-dashkasan,Dashkasan,district,fixed,2022,2,9.336,9.795,27.06,9.961,17.0,10.0,7
D-fuzuli,Fuzuli,district,fixed,2022,2,22.585,28.162,29.56,6.738,483.0,64.0,43
D-gadabay,Gadabay,district,fixed,2022,2,5.1,3.976,98.98,3.002,205.0,69.0,48
D-gobustan,Gobustan,district,fixed,2022,2,3.976,0.987,57.07,3.151,362.0,95.0,57
D-goranboy,Goranboy,district,fixed,2022,2,9.966,11.854,43.52,3.569,770.0,220.0,118
D-goychay,Goychay,district,fixed,2022,2,7.53,8.075,36.12,5.46,1378.0,274.0,127
D-goygol,Goygol,district,fixed,2022,2,10.343,10.436,34.09,4.88,2262.0,604.0,241
D-hajigabul,Hajigabul,district,fixed,2022,2,11.119,9.198,34.82,3.977,1199.0,275.0,89
D-imishli,Imishli,district,fixed,2022,2,12.733,12.963,49.04,3.88,1040.0,261.0,126
D-ismailli,Ismailli,district,fixed,2022,2,12.642,8.954,46.3,3.138,503.0,203.0,125
D-jabrayil,Jabrayil,district,fixed,2022,2,5.4,0.414,54.0,5.4,3.0,1.0,1
D-jalilabad,Jalilabad,district,fixed,2022,2,8.692,11.78,38.01,3.723,1206.0,304.0,156
D-julfa,Julfa,district,fixed,2022,2,1.541,0.367,50.03,1.523,67.0,30.0,22
D-kalbajar,Kalbajar,district,fixed,2022,2,39.707,35.899,317.25,16.262,8.0,3.0,3
D-kangarli,Kangarli,district,fixed,2022,2,1.625,0.485,192.95,1.588,187.0,13.0,13
D-khachmaz,Khachmaz,district,fixed,2022,2,14.01,13.61,35.67,8.237,3045.0,926.0,393
D-khizi,Khizi,district,fixed,2022,2,9.205,4.339,43.45,4.124,339.0,96.0,67
D-khojaly,Khojaly,district,fixed,2022,2,16.118,25.457,26.0,11.396,5.0,4.0,2
D-khojavend,Khojavend,district,fixed,2022,2,17.222,11.859,9.0,17.222,2.0,1.0,1
D-kurdamir,Kurdamir,district,fixed,2022,2,14.226,15.225,37.53,3.451,594.0,155.0,80
D-lachin,Lachin,district,fixed,2022,2,4.035,1.232,29.88,2.456,8.0,3.0,2
D-lankaran,Lankaran,district,fixed,2022,2,16.504,17.045,43.12,2.807,955.0,383.0,212
D-lerik,Lerik,district,fixed,2022,2,3.784,0.916,52.77,2.628,153.0,73.0,54
D-masally,Masally,district,fixed,2022,2,3.26,1.071,57.11,2.607,972.0,315.0,205
D-neftchala,Neftchala,district,fixed,2022,2,12.824,10.785,34.39,2.864,1140.0,213.0,105
D-oghuz,Oghuz,district,fixed,2022,2,3.012,1.467,58.59,2.944,128.0,65.0,45
D-ordubad,Ordubad,district,fixed,2022,2,1.85,0.385,61.87,1.55,107.0,39.0,34
D-qabala,Qabala,district,fixed,2022,2,13.819,13.466,34.22,4.114,1675.0,561.0,210
D-qakh,Qakh,district,fixed,2022,2,2.93,4.928,75.76,2.671,123.0,53.0,39
D-qazakh,Qazakh,district,fixed,2022,2,4.205,4.122,85.35,2.6,280.0,105.0,74
D-quba,Quba,district,fixed,2022,2,14.56,15.913,32.14,5.029,2061.0,737.0,310
D-qusar,Qusar,district,fixed,2022,2,10.535,11.421,49.54,4.136,2146.0,683.0,303
D-saatly,Saatly,district,fixed,2022,2,6.442,4.871,40.62,3.572,857.0,202.0,106
D-sabirabad,Sabirabad,district,fixed,2022,2,15.024,15.53,25.51,4.618,800.0,280.0,133
D-sadarak,Sadarak,district,fixed,2022,2,1.644,0.354,63.15,1.456,20.0,11.0,10
D-salyan,Salyan,district,fixed,2022,2,17.611,15.269,22.13,9.444,1252.0,244.0,118
D-samukh,Samukh,district,fixed,2022,2,14.917,15.081,37.69,3.752,866.0,210.0,99
D-shabran,Shabran,district,fixed,2022,2,9.219,12.948,36.1,3.894,498.0,118.0,61
D-shahbuz,Shahbuz,district,fixed,2022,2,2.034,4.058,29.35,1.781,20.0,13.0,12
D-shaki,Shaki,district,fixed,2022,2,29.609,29.751,27.63,5.186,1403.0,290.0,143
D-shamakhi,Shamakhi,district,fixed,2022,2,14.458,9.976,31.59,4.018,767.0,266.0,129
D-shamkir,Shamkir,district,fixed,2022,2,17.21,17.124,41.45,5.608,3151.0,685.0,372
D-sharur,Sharur,district,fixed,2022,2,2.038,0.382,67.78,1.634,170.0,67.0,56
D-siazan,Siazan,district,fixed,2022,2,14.492,19.247,35.8,4.538,382.0,97.0,49
D-tartar,Tartar,district,fixed,2022,2,4.898,3.634,62.92,2.988,478.0,106.0,66
D-tovuz,Tovuz,district,fixed,2022,2,11.199,9.98,75.32,3.466,462.0,170.0,130
D-ujar,Ujar,district,fixed,2022,2,11.296,9.263,37.0,3.104,246.0,70.0,50
D-yardymli,Yardymli,district,fixed,2022,2,3.046,2.343,46.39,2.598,287.0,52.0,44
D-yevlakh,Yevlakh,district,fixed,2022,2,4.318,4.493,55.39,2.627,267.0,96.0,75
D-zaqatala,Zaqatala,district,fixed,2022,2,2.818,0.777,96.45,3.239,222.0,89.0,79
D-zardab,Zardab,district,fixed,2022,2,4.12,5.287,52.89,2.629,80.0,29.0,21
C-baku,Baku,city,fixed,2022,3,27.808,28.402,13.84,23.482,184776.0,53770.0,3155
C-ganja,Ganja,city,fixed,2022,3,16.711,16.152,27.7,15.264,5196.0,1661.0,157
C-lankaran,Lankaran,city,fixed,2022,3,7.171,6.254,46.48,4.295,671.0,222.0,51
C-mingachevir,Mingachevir,city,fixed,2022,3,14.105,14.034,23.31,8.586,1249.0,386.0,66
C-nakhchivan,Nakhchivan,city,fixed,2022,3,4.858,5.359,77.22,2.484,521.0,203.0,58
C-shaki,Shaki,city,fixed,2022,3,20.787,20.788,45.46,6.148,781.0,306.0,43
C-shirvan,Shirvan,city,fixed,2022,3,23.811,19.803,20.49,15.596,787.0,207.0,34
C-sumqayit,Sumqayit,city,fixed,2022,3,24.361,23.404,14.49,22.606,11279.0,3185.0,238
C-yevlakh,Yevlakh,city,fixed,2022,3,18.008,7.596,51.28,2.638,309.0,82.0,29
D-absheron,Absheron,district,fixed,2022,3,27.676,25.478,13.68,24.176,18152.0,4914.0,462
D-agdam,Agdam,district,fixed,2022,3,10.558,8.069,67.8,3.951,199.0,66.0,51
D-agdash,Agdash,district,fixed,2022,3,14.953,14.54,21.39,8.996,618.0,196.0,94
D-aghjabadi,Aghjabadi,district,fixed,2022,3,13.499,12.736,40.62,4.156,474.0,182.0,118
D-agstafa,Agstafa,district,fixed,2022,3,8.08,12.072,69.02,3.324,768.0,220.0,110
D-agsu,Agsu,district,fixed,2022,3,6.915,4.53,44.39,3.187,621.0,205.0,91
D-astara,Astara,district,fixed,2022,3,3.199,0.876,83.42,2.625,617.0,179.0,117
D-babek,Babek,district,fixed,2022,3,4.954,5.387,70.88,2.22,106.0,58.0,42
D-balakan,Balakan,district,fixed,2022,3,3.782,1.327,72.47,3.093,585.0,174.0,119
D-barda,Barda,district,fixed,2022,3,12.9,11.333,42.0,3.743,847.0,293.0,147
D-beylagan,Beylagan,district,fixed,2022,3,5.075,2.871,53.82,3.127,449.0,140.0,100
D-bilasuvar,Bilasuvar,district,fixed,2022,3,4.493,2.165,47.38,3.054,600.0,156.0,108
D-dashkasan,Dashkasan,district,fixed,2022,3,11.304,10.123,35.22,4.088,73.0,38.0,21
D-fuzuli,Fuzuli,district,fixed,2022,3,14.544,16.428,40.67,5.362,199.0,41.0,27
D-gadabay,Gadabay,district,fixed,2022,3,8.342,6.858,82.45,2.959,250.0,120.0,87
D-gobustan,Gobustan,district,fixed,2022,3,3.912,1.29,54.11,2.752,286.0,85.0,47
D-goranboy,Goranboy,district,fixed,2022,3,9.207,13.076,43.12,3.467,884.0,249.0,131
D-goychay,Goychay,district,fixed,2022,3,10.494,9.36,49.83,5.755,1162.0,335.0,153
D-goygol,Goygol,district,fixed,2022,3,11.629,12.531,33.85,4.108,2783.0,779.0,261
D-hajigabul,Hajigabul,district,fixed,2022,3,12.716,10.274,30.14,3.78,881.0,218.0,99
D-imishli,Imishli,district,fixed,2022,3,12.054,11.581,42.83,3.269,963.0,256.0,127
D-ismailli,Ismailli,district,fixed,2022,3,15.078,9.969,49.59,2.974,635.0,366.0,170
D-jalilabad,Jalilabad,district,fixed,2022,3,11.321,10.567,43.66,4.425,1312.0,299.0,161
D-julfa,Julfa,district,fixed,2022,3,1.473,0.403,97.71,1.326,91.0,24.0,17
D-kalbajar,Kalbajar,district,fixed,2022,3,18.645,19.043,25.33,16.446,3.0,3.0,2
D-kangarli,Kangarli,district,fixed,2022,3,4.754,1.262,116.7,2.226,57.0,15.0,13
D-khachmaz,Khachmaz,district,fixed,2022,3,15.014,16.462,34.69,9.57,3314.0,1027.0,403
D-khizi,Khizi,district,fixed,2022,3,10.441,9.262,42.71,3.563,319.0,106.0,62
D-khojaly,Khojaly,district,fixed,2022,3,13.227,13.731,8.14,10.667,7.0,4.0,3
D-kurdamir,Kurdamir,district,fixed,2022,3,16.134,15.931,36.1,2.665,710.0,161.0,81
D-lachin,Lachin,district,fixed,2022,3,4.069,2.596,23.08,3.692,25.0,4.0,3
D-lankaran,Lankaran,district,fixed,2022,3,15.954,17.287,36.69,2.779,1346.0,488.0,227
D-lerik,Lerik,district,fixed,2022,3,3.01,1.187,54.49,2.525,210.0,117.0,73
D-masally,Masally,district,fixed,2022,3,3.318,0.841,64.77,2.578,1213.0,350.0,218
D-neftchala,Neftchala,district,fixed,2022,3,10.152,6.774,48.79,2.663,711.0,208.0,102
D-oghuz,Oghuz,district,fixed,2022,3,14.561,11.201,41.57,2.984,170.0,85.0,52
D-ordubad,Ordubad,district,fixed,2022,3,1.66,0.387,97.71,1.536,157.0,64.0,43
D-qabala,Qabala,district,fixed,2022,3,15.676,16.011,39.9,4.314,2217.0,865.0,252
D-qakh,Qakh,district,fixed,2022,3,5.987,7.554,57.16,2.657,306.0,138.0,69
D-qazakh,Qazakh,district,fixed,2022,3,4.638,5.132,75.07,2.581,305.0,139.0,97
D-quba,Quba,district,fixed,2022,3,19.199,19.799,29.95,4.732,2368.0,930.0,336
D-qusar,Qusar,district,fixed,2022,3,9.591,11.045,51.72,3.594,2077.0,687.0,304
D-saatly,Saatly,district,fixed,2022,3,15.725,16.597,30.74,4.274,837.0,243.0,106
D-sabirabad,Sabirabad,district,fixed,2022,3,15.748,14.287,29.16,7.653,784.0,288.0,134
D-sadarak,Sadarak,district,fixed,2022,3,1.758,0.304,111.92,1.598,13.0,10.0,8
D-salyan,Salyan,district,fixed,2022,3,17.051,15.619,23.53,9.119,1000.0,246.0,111
D-samukh,Samukh,district,fixed,2022,3,20.719,23.05,30.62,6.255,1223.0,237.0,120
D-shabran,Shabran,district,fixed,2022,3,9.083,11.733,41.14,4.616,682.0,147.0,74
D-shahbuz,Shahbuz,district,fixed,2022,3,1.266,0.269,103.79,1.264,29.0,17.0,17
D-shaki,Shaki,district,fixed,2022,3,21.219,21.132,38.56,3.772,1080.0,377.0,168
D-shamakhi,Shamakhi,district,fixed,2022,3,19.204,13.674,25.73,6.523,1355.0,410.0,162
D-shamkir,Shamkir,district,fixed,2022,3,10.339,10.427,50.54,4.759,1678.0,534.0,329
D-sharur,Sharur,district,fixed,2022,3,2.044,0.374,114.18,1.558,107.0,66.0,49
D-siazan,Siazan,district,fixed,2022,3,16.985,15.84,30.1,5.995,368.0,125.0,59
D-tartar,Tartar,district,fixed,2022,3,8.045,5.922,43.88,2.946,413.0,102.0,61
D-tovuz,Tovuz,district,fixed,2022,3,10.796,8.714,56.94,3.377,779.0,258.0,165
D-ujar,Ujar,district,fixed,2022,3,6.61,4.218,48.31,2.591,206.0,81.0,59
D-yardymli,Yardymli,district,fixed,2022,3,14.745,9.419,35.37,3.147,506.0,71.0,43
D-yevlakh,Yevlakh,district,fixed,2022,3,12.332,11.163,62.43,2.592,301.0,112.0,72
D-zangilan,Zangilan,district,fixed,2022,3,13.542,0.295,32.0,13.542,1.0,1.0,1
D-zaqatala,Zaqatala,district,fixed,2022,3,4.691,2.28,65.09,3.023,272.0,165.0,122
D-zardab,Zardab,district,fixed,2022,3,4.982,1.753,65.87,2.932,71.0,32.0,23
C-baku,Baku,city,fixed,2022,4,31.322,32.045,12.11,27.449,201560.0,55069.0,3033
C-ganja,Ganja,city,fixed,2022,4,18.605,17.39,30.87,18.112,6285.0,1725.0,150
C-khankendi,Khankendi,city,fixed,2022,4,20.719,9.672,15.0,20.719,1.0,1.0,1
C-lankaran,Lankaran,city,fixed,2022,4,9.236,7.475,40.94,4.877,928.0,224.0,57
C-mingachevir,Mingachevir,city,fixed,2022,4,19.876,15.61,28.07,13.783,1825.0,428.0,68
C-nakhchivan,Nakhchivan,city,fixed,2022,4,5.79,6.562,44.24,2.195,438.0,211.0,68
C-shaki,Shaki,city,fixed,2022,4,39.196,38.649,30.32,26.232,1077.0,289.0,44
C-shirvan,Shirvan,city,fixed,2022,4,25.314,21.241,24.89,21.664,886.0,196.0,34
C-sumqayit,Sumqayit,city,fixed,2022,4,27.919,25.577,11.82,26.66,14002.0,3388.0,240
C-yevlakh,Yevlakh,city,fixed,2022,4,35.024,14.955,37.53,3.459,350.0,111.0,38
D-absheron,Absheron,district,fixed,2022,4,30.187,28.352,11.28,26.597,20699.0,5091.0,456
D-agdam,Agdam,district,fixed,2022,4,8.056,5.018,52.36,4.058,473.0,80.0,59
D-agdash,Agdash,district,fixed,2022,4,15.831,17.737,19.07,9.48,671.0,193.0,92
D-aghjabadi,Aghjabadi,district,fixed,2022,4,14.39,14.907,33.43,5.438,546.0,178.0,114
D-agstafa,Agstafa,district,fixed,2022,4,11.418,14.417,65.08,4.126,491.0,197.0,109
D-agsu,Agsu,district,fixed,2022,4,10.624,9.379,34.3,3.9,809.0,184.0,87
D-astara,Astara,district,fixed,2022,4,5.177,2.45,55.55,2.886,544.0,135.0,90
D-babek,Babek,district,fixed,2022,4,2.286,0.954,74.94,2.015,154.0,60.0,50
D-balakan,Balakan,district,fixed,2022,4,9.325,3.02,59.95,3.759,772.0,176.0,115
D-barda,Barda,district,fixed,2022,4,17.952,13.886,37.21,4.149,816.0,279.0,122
D-beylagan,Beylagan,district,fixed,2022,4,4.388,2.122,53.31,3.043,361.0,93.0,76
D-bilasuvar,Bilasuvar,district,fixed,2022,4,4.882,3.19,43.15,3.092,411.0,150.0,98
D-dashkasan,Dashkasan,district,fixed,2022,4,16.628,14.578,25.73,8.89,59.0,23.0,12
D-fuzuli,Fuzuli,district,fixed,2022,4,17.743,17.887,29.34,8.354,262.0,60.0,40
D-gadabay,Gadabay,district,fixed,2022,4,15.645,10.038,69.86,4.164,140.0,64.0,48
D-gobustan,Gobustan,district,fixed,2022,4,3.984,1.04,55.37,3.312,205.0,64.0,39
D-goranboy,Goranboy,district,fixed,2022,4,27.091,18.818,30.69,3.856,743.0,247.0,107
D-goychay,Goychay,district,fixed,2022,4,11.436,10.191,47.67,8.732,1496.0,301.0,140
D-goygol,Goygol,district,fixed,2022,4,16.17,16.047,34.43,5.157,2099.0,705.0,239
D-hajigabul,Hajigabul,district,fixed,2022,4,18.953,17.713,30.16,4.435,901.0,230.0,96
D-imishli,Imishli,district,fixed,2022,4,14.723,16.019,45.74,5.568,697.0,244.0,128
D-ismailli,Ismailli,district,fixed,2022,4,18.609,13.717,39.59,4.198,362.0,194.0,117
D-jabrayil,Jabrayil,district,fixed,2022,4,90.191,87.13,28.17,19.626,6.0,4.0,4
D-jalilabad,Jalilabad,district,fixed,2022,4,21.628,14.606,39.18,7.184,1315.0,360.0,176
D-julfa,Julfa,district,fixed,2022,4,2.067,0.524,36.89,1.396,38.0,17.0,14
D-kalbajar,Kalbajar,district,fixed,2022,4,16.965,36.25,13.0,16.642,7.0,3.0,3
D-kangarli,Kangarli,district,fixed,2022,4,2.363,0.631,112.19,1.006,73.0,15.0,13
D-khachmaz,Khachmaz,district,fixed,2022,4,16.448,16.139,33.2,10.454,2734.0,829.0,372
D-khizi,Khizi,district,fixed,2022,4,11.178,4.948,41.41,4.204,256.0,67.0,49
D-khojaly,Khojaly,district,fixed,2022,4,26.58,33.106,10.93,9.016,15.0,7.0,4
D-kurdamir,Kurdamir,district,fixed,2022,4,21.418,20.132,32.93,13.79,427.0,120.0,71
D-lachin,Lachin,district,fixed,2022,4,6.129,6.214,32.91,9.126,11.0,3.0,3
D-lankaran,Lankaran,district,fixed,2022,4,19.702,19.628,36.98,2.944,972.0,390.0,214
D-lerik,Lerik,district,fixed,2022,4,3.788,2.26,45.04,1.949,54.0,35.0,29
D-masally,Masally,district,fixed,2022,4,6.831,4.401,55.79,3.293,1061.0,305.0,197
D-neftchala,Neftchala,district,fixed,2022,4,14.172,9.874,35.77,3.376,653.0,163.0,95
D-oghuz,Oghuz,district,fixed,2022,4,50.986,24.129,23.86,3.526,494.0,109.0,48
D-ordubad,Ordubad,district,fixed,2022,4,2.497,0.615,44.13,1.912,202.0,35.0,26
D-qabala,Qabala,district,fixed,2022,4,22.115,20.161,26.82,7.246,1242.0,509.0,197
D-qakh,Qakh,district,fixed,2022,4,2.984,1.19,66.98,2.366,119.0,40.0,36
D-qazakh,Qazakh,district,fixed,2022,4,7.997,7.513,66.76,2.651,207.0,82.0,61
D-quba,Quba,district,fixed,2022,4,25.924,19.801,29.9,7.467,2019.0,683.0,296
D-qubadli,Qubadli,district,fixed,2022,4,2.825,6.49,33.2,3.2,5.0,4.0,3
D-qusar,Qusar,district,fixed,2022,4,10.536,11.274,50.73,4.49,1881.0,596.0,284
D-saatly,Saatly,district,fixed,2022,4,16.573,17.57,29.87,8.558,590.0,212.0,102
D-sabirabad,Sabirabad,district,fixed,2022,4,17.561,16.187,22.49,13.742,1788.0,433.0,179
D-sadarak,Sadarak,district,fixed,2022,4,8.012,7.982,38.67,1.93,6.0,5.0,4
D-salyan,Salyan,district,fixed,2022,4,21.056,16.996,22.26,17.743,1711.0,238.0,113
D-samukh,Samukh,district,fixed,2022,4,23.426,24.174,29.19,15.774,921.0,253.0,106
D-shabran,Shabran,district,fixed,2022,4,15.532,21.071,27.67,8.61,582.0,150.0,80
D-shahbuz,Shahbuz,district,fixed,2022,4,1.84,2.745,90.43,1.072,35.0,13.0,12
D-shaki,Shaki,district,fixed,2022,4,34.595,28.05,30.34,5.556,1148.0,319.0,153
D-shamakhi,Shamakhi,district,fixed,2022,4,50.162,20.579,18.13,18.112,874.0,338.0,136
D-shamkir,Shamkir,district,fixed,2022,4,15.459,16.003,35.75,8.455,2436.0,665.0,333
D-sharur,Sharur,district,fixed,2022,4,1.808,0.363,80.76,1.165,186.0,53.0,42
D-siazan,Siazan,district,fixed,2022,4,19.59,19.911,34.95,16.045,407.0,115.0,57
D-tartar,Tartar,district,fixed,2022,4,6.64,4.808,60.69,3.615,283.0,90.0,57
D-tovuz,Tovuz,district,fixed,2022,4,13.448,10.487,58.32,4.359,417.0,164.0,105
D-ujar,Ujar,district,fixed,2022,4,6.552,4.341,61.67,4.77,296.0,72.0,48
D-yardymli,Yardymli,district,fixed,2022,4,26.095,23.2,19.0,10.56,729.0,63.0,41
D-yevlakh,Yevlakh,district,fixed,2022,4,17.369,9.769,53.43,3.368,199.0,96.0,62
D-zangilan,Zangilan,district,fixed,2022,4,41.018,27.001,17.18,34.292,39.0,25.0,17
D-zaqatala,Zaqatala,district,fixed,2022,4,19.452,11.478,51.04,3.204,451.0,153.0,96
D-zardab,Zardab,district,fixed,2022,4,3.169,0.562,57.01,2.929,71.0,28.0,25
C-baku,Baku,city,fixed,2023,1,32.521,33.14,11.63,29.418,176331.0,51454.0,3076
C-ganja,Ganja,city,fixed,2023,1,21.96,19.39,24.26,18.998,5695.0,1644.0,154
C-khankendi,Khankendi,city,fixed,2023,1,5.463,4.255,9.0,5.463,2.0,1.0,1
C-lankaran,Lankaran,city,fixed,2023,1,18.718,15.381,32.44,10.251,943.0,290.0,59
C-mingachevir,Mingachevir,city,fixed,2023,1,24.729,23.196,20.29,16.082,1620.0,457.0,65
C-nakhchivan,Nakhchivan,city,fixed,2023,1,7.066,7.328,48.79,2.582,1209.0,376.0,73
C-shaki,Shaki,city,fixed,2023,1,53.887,48.55,27.13,38.352,1454.0,376.0,52
C-shirvan,Shirvan,city,fixed,2023,1,28.883,22.851,15.05,20.83,802.0,209.0,33
C-sumqayit,Sumqayit,city,fixed,2023,1,29.585,26.855,9.96,27.625,12760.0,3446.0,241
C-yevlakh,Yevlakh,city,fixed,2023,1,39.582,20.164,26.33,17.879,389.0,148.0,42
D-absheron,Absheron,district,fixed,2023,1,32.149,29.175,11.26,29.544,19607.0,5125.0,472
D-agdam,Agdam,district,fixed,2023,1,13.732,12.612,44.51,3.51,350.0,105.0,81
D-agdash,Agdash,district,fixed,2023,1,14.389,15.227,32.88,11.768,807.0,250.0,94
D-aghjabadi,Aghjabadi,district,fixed,2023,1,12.088,11.709,34.58,6.285,417.0,164.0,106
D-agstafa,Agstafa,district,fixed,2023,1,13.841,16.356,53.64,5.923,524.0,231.0,131
D-agsu,Agsu,district,fixed,2023,1,14.725,13.067,32.31,4.769,834.0,197.0,95
D-astara,Astara,district,fixed,2023,1,8.128,6.721,44.7,3.251,764.0,210.0,112
D-babek,Babek,district,fixed,2023,1,2.431,1.249,68.6,1.714,404.0,112.0,77
D-balakan,Balakan,district,fixed,2023,1,15.594,5.057,55.25,3.398,659.0,198.0,135
D-barda,Barda,district,fixed,2023,1,19.189,14.001,32.06,4.287,966.0,315.0,143
D-beylagan,Beylagan,district,fixed,2023,1,5.872,4.662,42.4,2.614,287.0,101.0,79
D-bilasuvar,Bilasuvar,district,fixed,2023,1,11.116,5.371,51.85,2.847,357.0,148.0,94
D-dashkasan,Dashkasan,district,fixed,2023,1,19.498,21.151,23.76,7.173,108.0,31.0,17
D-fuzuli,Fuzuli,district,fixed,2023,1,22.642,27.618,23.84,15.11,238.0,84.0,60
D-gadabay,Gadabay,district,fixed,2023,1,12.897,5.498,73.0,3.696,286.0,70.0,52
D-gobustan,Gobustan,district,fixed,2023,1,4.253,2.285,56.46,2.958,125.0,50.0,36
D-goranboy,Goranboy,district,fixed,2023,1,37.37,21.253,30.81,3.942,838.0,271.0,119
D-goychay,Goychay,district,fixed,2023,1,11.126,10.313,38.21,8.659,1329.0,332.0,142
D-goygol,Goygol,district,fixed,2023,1,14.564,14.487,33.18,6.993,2900.0,793.0,275
D-hajigabul,Hajigabul,district,fixed,2023,1,21.471,17.233,24.06,8.931,931.0,265.0,95
D-imishli,Imishli,district,fixed,2023,1,18.862,21.361,33.89,5.871,818.0,304.0,155
D-ismailli,Ismailli,district,fixed,2023,1,22.708,15.457,37.05,4.208,687.0,246.0,134
D-jabrayil,Jabrayil,district,fixed,2023,1,28.624,1.91,58.0,33.042,4.0,3.0,2
D-jalilabad,Jalilabad,district,fixed,2023,1,26.201,21.876,33.01,12.89,1597.0,443.0,205
D-julfa,Julfa,district,fixed,2023,1,2.225,0.656,69.95,1.607,146.0,50.0,27
D-kalbajar,Kalbajar,district,fixed,2023,1,22.688,43.02,13.5,22.688,2.0,2.0,2
D-kangarli,Kangarli,district,fixed,2023,1,1.312,0.404,198.13,0.942,216.0,46.0,33
D-khachmaz,Khachmaz,district,fixed,2023,1,18.052,20.445,27.68,14.596,3764.0,999.0,418
D-khizi,Khizi,district,fixed,2023,1,28.925,13.483,25.54,8.365,327.0,111.0,63
D-khojaly,Khojaly,district,fixed,2023,1,9.48,8.771,41.03,6.468,29.0,10.0,6
D-kurdamir,Kurdamir,district,fixed,2023,1,23.901,22.505,34.44,14.668,374.0,151.0,82
D-lachin,Lachin,district,fixed,2023,1,3.687,0.947,47.0,3.687,6.0,1.0,1
D-lankaran,Lankaran,district,fixed,2023,1,15.895,15.816,35.92,3.586,1084.0,433.0,206
D-lerik,Lerik,district,fixed,2023,1,4.904,2.185,45.03,2.551,76.0,31.0,27
D-masally,Masally,district,fixed,2023,1,12.28,12.644,52.17,3.473,1694.0,491.0,269
D-neftchala,Neftchala,district,fixed,2023,1,11.73,6.404,48.93,2.667,520.0,189.0,99
D-oghuz,Oghuz,district,fixed,2023,1,37.169,22.348,21.22,3.902,491.0,125.0,54
D-ordubad,Ordubad,district,fixed,2023,1,2.127,0.443,83.48,1.679,208.0,66.0,46
D-qabala,Qabala,district,fixed,2023,1,21.795,15.992,33.02,4.322,1540.0,563.0,246
D-qakh,Qakh,district,fixed,2023,1,5.075,3.836,47.19,2.589,80.0,34.0,29
D-qazakh,Qazakh,district,fixed,2023,1,8.159,12.424,50.86,3.801,353.0,133.0,93
D-quba,Quba,district,fixed,2023,1,22.224,17.819,32.7,5.992,1875.0,663.0,272
D-qubadli,Qubadli,district,fixed,2023,1,10.743,15.334,38.0,17.132,7.0,2.0,2
D-qusar,Qusar,district,fixed,2023,1,16.412,18.744,42.54,5.457,2855.0,578.0,263
D-saatly,Saatly,district,fixed,2023,1,14.528,14.145,35.64,7.438,614.0,203.0,98
D-sabirabad,Sabirabad,district,fixed,2023,1,20.469,16.206,20.75,14.235,1455.0,415.0,191
D-sadarak,Sadarak,district,fixed,2023,1,1.93,0.713,71.62,1.488,162.0,36.0,22
D-salyan,Salyan,district,fixed,2023,1,17.595,15.039,33.29,6.976,1402.0,266.0,130
D-samukh,Samukh,district,fixed,2023,1,21.807,23.951,23.74,15.987,1168.0,209.0,107
D-shabran,Shabran,district,fixed,2023,1,17.954,23.931,28.37,11.478,819.0,202.0,92
D-shahbuz,Shahbuz,district,fixed,2023,1,2.196,1.249,47.05,1.68,61.0,19.0,16
D-shaki,Shaki,district,fixed,2023,1,36.952,35.26,27.61,6.585,1123.0,324.0,157
D-shamakhi,Shamakhi,district,fixed,2023,1,36.252,17.524,25.88,19.069,784.0,330.0,147
D-shamkir,Shamkir,district,fixed,2023,1,15.926,18.578,32.32,12.706,3057.0,843.0,398
D-sharur,Sharur,district,fixed,2023,1,1.846,0.395,73.29,1.648,896.0,199.0,129
D-siazan,Siazan,district,fixed,2023,1,20.93,18.689,34.52,11.895,422.0,119.0,54
D-tartar,Tartar,district,fixed,2023,1,13.175,10.512,40.1,3.997,526.0,153.0,81
D-tovuz,Tovuz,district,fixed,2023,1,17.86,18.64,40.31,11.113,546.0,234.0,143
D-ujar,Ujar,district,fixed,2023,1,9.202,8.11,43.78,3.921,277.0,95.0,56
D-yardymli,Yardymli,district,fixed,2023,1,30.156,31.284,18.34,4.059,637.0,76.0,43
D-yevlakh,Yevlakh,district,fixed,2023,1,30.429,20.71,25.41,4.466,355.0,135.0,69
D-zangilan,Zangilan,district,fixed,2023,1,37.523,36.106,20.89,30.008,38.0,22.0,13
D-zaqatala,Zaqatala,district,fixed,2023,1,45.891,15.661,31.98,3.594,376.0,183.0,121
D-zardab,Zardab,district,fixed,2023,1,5.047,1.587,56.92,2.19,93.0,43.0,36
C-baku,Baku,city,fixed,2023,2,33.834,34.216,10.65,30.808,143657.0,46800.0,3189
C-ganja,Ganja,city,fixed,2023,2,22.033,18.567,25.4,19.997,5157.0,1586.0,157
C-lankaran,Lankaran,city,fixed,2023,2,28.3,24.966,19.82,25.298,1984.0,487.0,68
C-mingachevir,Mingachevir,city,fixed,2023,2,24.982,28.638,15.26,23.438,1807.0,558.0,72
C-nakhchivan,Nakhchivan,city,fixed,2023,2,12.539,13.219,52.32,4.32,863.0,300.0,64
C-shaki,Shaki,city,fixed,2023,2,57.404,47.793,21.18,46.167,1484.0,388.0,51
C-shirvan,Shirvan,city,fixed,2023,2,31.345,24.042,13.73,18.01,542.0,162.0,27
C-sumqayit,Sumqayit,city,fixed,2023,2,32.139,29.09,8.95,30.808,9550.0,2882.0,234
C-yevlakh,Yevlakh,city,fixed,2023,2,62.704,23.232,16.04,32.609,424.0,132.0,41
D-absheron,Absheron,district,fixed,2023,2,34.957,32.075,9.65,31.766,14057.0,4363.0,466
D-agdam,Agdam,district,fixed,2023,2,26.667,31.131,25.37,19.609,411.0,133.0,95
D-agdash,Agdash,district,fixed,2023,2,22.89,23.201,12.55,21.104,1261.0,273.0,129
D-aghjabadi,Aghjabadi,district,fixed,2023,2,14.068,14.68,31.72,4.996,369.0,136.0,96
D-agstafa,Agstafa,district,fixed,2023,2,16.116,16.14,41.81,8.89,548.0,213.0,119
D-agsu,Agsu,district,fixed,2023,2,18.163,16.991,29.1,8.394,675.0,186.0,91
D-astara,Astara,district,fixed,2023,2,8.797,6.622,45.66,3.396,823.0,191.0,110
D-babek,Babek,district,fixed,2023,2,3.317,2.064,67.61,1.659,167.0,68.0,52
D-balakan,Balakan,district,fixed,2023,2,11.056,3.414,42.26,3.451,645.0,140.0,101
D-barda,Barda,district,fixed,2023,2,26.281,15.066,32.78,4.169,825.0,253.0,135
D-beylagan,Beylagan,district,fixed,2023,2,6.939,5.207,46.77,3.379,302.0,117.0,73
D-bilasuvar,Bilasuvar,district,fixed,2023,2,18.13,9.472,40.56,4.07,478.0,179.0,104
D-dashkasan,Dashkasan,district,fixed,2023,2,22.132,29.17,14.25,15.006,73.0,27.0,10
D-fuzuli,Fuzuli,district,fixed,2023,2,29.526,41.343,16.89,25.203,393.0,125.0,77
D-gadabay,Gadabay,district,fixed,2023,2,18.415,14.601,62.35,3.73,231.0,95.0,72
D-gobustan,Gobustan,district,fixed,2023,2,5.975,2.06,45.07,3.133,120.0,49.0,32
D-goranboy,Goranboy,district,fixed,2023,2,28.771,23.932,29.38,3.627,753.0,256.0,127
D-goychay,Goychay,district,fixed,2023,2,18.691,18.156,33.94,12.661,1180.0,374.0,137
D-goygol,Goygol,district,fixed,2023,2,21.272,17.996,27.43,12.97,2478.0,737.0,236
D-hajigabul,Hajigabul,district,fixed,2023,2,33.608,21.902,16.69,19.738,985.0,296.0,115
D-imishli,Imishli,district,fixed,2023,2,26.279,30.871,34.13,14.481,1092.0,313.0,141
D-ismailli,Ismailli,district,fixed,2023,2,26.654,16.649,33.0,6.548,611.0,275.0,146
D-jabrayil,Jabrayil,district,fixed,2023,2,27.865,8.113,38.25,38.941,16.0,6.0,5
D-jalilabad,Jalilabad,district,fixed,2023,2,26.938,22.209,21.89,19.794,1477.0,440.0,222
D-julfa,Julfa,district,fixed,2023,2,2.308,1.005,48.04,1.699,50.0,26.0,22
D-kalbajar,Kalbajar,district,fixed,2023,2,90.685,32.628,92.0,90.685,1.0,1.0,1
D-kangarli,Kangarli,district,fixed,2023,2,2.671,0.509,78.16,2.402,43.0,21.0,18
D-khachmaz,Khachmaz,district,fixed,2023,2,20.265,19.601,25.32,14.888,2279.0,828.0,382
D-khizi,Khizi,district,fixed,2023,2,28.522,16.31,22.07,14.09,519.0,128.0,70
D-khojaly,Khojaly,district,fixed,2023,2,24.308,25.312,11.07,10.218,14.0,9.0,6
D-khojavend,Khojavend,district,fixed,2023,2,16.087,24.585,35.29,19.806,7.0,3.0,2
D-kurdamir,Kurdamir,district,fixed,2023,2,17.89,19.575,27.99,13.226,274.0,115.0,80
D-lachin,Lachin,district,fixed,2023,2,19.15,8.224,54.5,40.749,18.0,6.0,5
D-lankaran,Lankaran,district,fixed,2023,2,18.728,19.168,27.66,3.905,1395.0,497.0,217
D-lerik,Lerik,district,fixed,2023,2,4.537,5.473,51.39,2.835,126.0,63.0,41
D-masally,Masally,district,fixed,2023,2,22.164,17.393,33.49,4.15,1426.0,496.0,258
D-neftchala,Neftchala,district,fixed,2023,2,12.03,10.052,36.18,3.299,578.0,199.0,95
D-oghuz,Oghuz,district,fixed,2023,2,53.945,20.412,33.56,4.139,300.0,134.0,56
D-ordubad,Ordubad,district,fixed,2023,2,2.243,0.463,45.3,1.705,47.0,25.0,21
D-qabala,Qabala,district,fixed,2023,2,26.239,18.445,27.07,8.614,1397.0,585.0,230
D-qakh,Qakh,district,fixed,2023,2,9.635,4.445,56.37,3.322,233.0,55.0,44
D-qazakh,Qazakh,district,fixed,2023,2,30.665,23.785,28.31,5.183,570.0,144.0,91
D-quba,Quba,district,fixed,2023,2,25.238,21.359,23.0,9.111,1722.0,660.0,279
D-qubadli,Qubadli,district,fixed,2023,2,40.458,47.567,11.85,18.017,13.0,5.0,5
D-qusar,Qusar,district,fixed,2023,2,18.987,18.141,44.46,5.136,1679.0,501.0,257
D-saatly,Saatly,district,fixed,2023,2,16.519,16.56,31.86,7.994,439.0,161.0,84
D-sabirabad,Sabirabad,district,fixed,2023,2,18.637,14.088,22.85,13.587,848.0,322.0,185
D-sadarak,Sadarak,district,fixed,2023,2,1.849,0.42,73.36,1.664,70.0,25.0,22
D-salyan,Salyan,district,fixed,2023,2,20.447,17.127,24.52,14.279,1090.0,256.0,120
D-samukh,Samukh,district,fixed,2023,2,27.433,23.449,27.3,17.707,708.0,192.0,95
D-shabran,Shabran,district,fixed,2023,2,25.377,26.214,24.49,16.743,729.0,199.0,82
D-shahbuz,Shahbuz,district,fixed,2023,2,1.157,0.273,166.48,1.464,23.0,13.0,13
D-shaki,Shaki,district,fixed,2023,2,55.421,51.044,24.46,6.645,947.0,337.0,171
D-shamakhi,Shamakhi,district,fixed,2023,2,36.841,21.834,22.65,22.693,816.0,335.0,161
D-shamkir,Shamkir,district,fixed,2023,2,18.626,21.159,24.61,16.351,2198.0,731.0,373
D-sharur,Sharur,district,fixed,2023,2,2.089,0.412,65.44,1.698,214.0,88.0,70
D-siazan,Siazan,district,fixed,2023,2,21.876,18.276,21.56,16.276,218.0,81.0,46
D-tartar,Tartar,district,fixed,2023,2,27.101,23.96,21.44,8.655,1491.0,209.0,84
D-tovuz,Tovuz,district,fixed,2023,2,26.97,21.853,40.48,24.514,801.0,326.0,180
D-ujar,Ujar,district,fixed,2023,2,6.456,4.343,40.2,2.856,333.0,94.0,63
D-yardymli,Yardymli,district,fixed,2023,2,28.583,26.25,24.42,18.41,198.0,49.0,36
D-yevlakh,Yevlakh,district,fixed,2023,2,64.158,25.956,12.92,21.902,807.0,146.0,71
D-zangilan,Zangilan,district,fixed,2023,2,52.708,43.442,11.74,32.082,47.0,19.0,12
D-zaqatala,Zaqatala,district,fixed,2023,2,44.341,17.272,27.82,4.423,354.0,176.0,112
D-zardab,Zardab,district,fixed,2023,2,15.927,10.732,58.04,3.716,51.0,31.0,28
C-baku,Baku,city,fixed,2023,3,33.592,35.861,9.85,28.55,143976.0,48616.0,3183
C-ganja,Ganja,city,fixed,2023,3,24.576,23.414,18.52,21.005,4464.0,1604.0,156
C-lankaran,Lankaran,city,fixed,2023,3,29.649,24.872,17.73,29.326,1446.0,440.0,66
C-mingachevir,Mingachevir,city,fixed,2023,3,20.776,29.721,13.82,25.415,1767.0,538.0,81
C-nakhchivan,Nakhchivan,city,fixed,2023,3,10.151,10.479,32.08,5.06,868.0,409.0,67
C-shaki,Shaki,city,fixed,2023,3,88.996,72.348,21.99,73.114,1443.0,513.0,51
C-shirvan,Shirvan,city,fixed,2023,3,32.089,26.771,12.02,28.596,1072.0,233.0,37
C-sumqayit,Sumqayit,city,fixed,2023,3,33.953,31.12,8.55,33.01,8122.0,2795.0,226
C-yevlakh,Yevlakh,city,fixed,2023,3,21.543,21.125,17.65,22.241,340.0,139.0,40
D-absheron,Absheron,district,fixed,2023,3,35.869,34.24,8.14,34.547,15341.0,5086.0,467
D-agdam,Agdam,district,fixed,2023,3,25.835,26.922,21.5,20.622,458.0,159.0,95
D-agdash,Agdash,district,fixed,2023,3,22.521,24.879,14.57,25.626,1029.0,348.0,161
D-aghjabadi,Aghjabadi,district,fixed,2023,3,17.671,19.168,27.24,7.996,337.0,117.0,84
D-agstafa,Agstafa,district,fixed,2023,3,20.898,22.165,34.75,14.412,910.0,319.0,146
D-agsu,Agsu,district,fixed,2023,3,24.797,20.605,28.37,17.471,762.0,258.0,113
D-astara,Astara,district,fixed,2023,3,17.77,17.087,34.05,4.778,1479.0,383.0,146
D-babek,Babek,district,fixed,2023,3,8.187,7.602,83.22,1.63,162.0,73.0,56
D-balakan,Balakan,district,fixed,2023,3,34.392,16.629,42.12,4.181,621.0,216.0,117
D-barda,Barda,district,fixed,2023,3,16.729,13.103,36.27,10.411,1056.0,268.0,153
D-beylagan,Beylagan,district,fixed,2023,3,12.441,11.107,37.79,3.534,490.0,180.0,106
D-bilasuvar,Bilasuvar,district,fixed,2023,3,18.46,14.506,34.6,4.656,600.0,205.0,122
D-dashkasan,Dashkasan,district,fixed,2023,3,26.428,29.628,19.67,15.32,55.0,32.0,16
D-fuzuli,Fuzuli,district,fixed,2023,3,14.468,36.605,18.1,13.014,370.0,99.0,74
D-gadabay,Gadabay,district,fixed,2023,3,8.948,9.582,106.56,3.713,225.0,118.0,97
D-gobustan,Gobustan,district,fixed,2023,3,17.688,10.725,33.68,3.751,131.0,62.0,41
D-goranboy,Goranboy,district,fixed,2023,3,26.082,22.052,28.24,6.885,890.0,280.0,128
D-goychay,Goychay,district,fixed,2023,3,22.442,27.046,27.39,17.137,1201.0,362.0,135
D-goygol,Goygol,district,fixed,2023,3,21.357,21.022,26.33,17.053,2575.0,861.0,292
D-hajigabul,Hajigabul,district,fixed,2023,3,30.131,24.991,14.8,28.502,1075.0,321.0,117
D-imishli,Imishli,district,fixed,2023,3,36.128,37.986,19.32,20.116,1078.0,336.0,148
D-ismailli,Ismailli,district,fixed,2023,3,22.28,16.901,45.98,4.478,786.0,299.0,156
D-jabrayil,Jabrayil,district,fixed,2023,3,36.494,37.567,23.33,40.874,3.0,3.0,3
D-jalilabad,Jalilabad,district,fixed,2023,3,30.214,25.621,18.05,24.179,1258.0,442.0,195
D-julfa,Julfa,district,fixed,2023,3,5.716,4.451,45.44,1.607,57.0,31.0,21
D-kalbajar,Kalbajar,district,fixed,2023,3,5.503,23.168,19.0,6.052,10.0,5.0,2
D-kangarli,Kangarli,district,fixed,2023,3,5.683,0.807,72.24,1.758,41.0,25.0,18
D-khachmaz,Khachmaz,district,fixed,2023,3,19.013,22.403,25.16,17.92,2843.0,1022.0,410
D-khizi,Khizi,district,fixed,2023,3,29.272,19.775,23.13,18.431,397.0,130.0,81
D-khojaly,Khojaly,district,fixed,2023,3,26.353,28.049,8.61,19.049,18.0,5.0,4
D-khojavend,Khojavend,district,fixed,2023,3,20.627,42.554,10.0,20.627,1.0,1.0,1
D-kurdamir,Kurdamir,district,fixed,2023,3,18.896,21.782,25.31,13.142,542.0,178.0,100
D-lachin,Lachin,district,fixed,2023,3,36.358,23.677,36.94,40.048,17.0,10.0,6
D-lankaran,Lankaran,district,fixed,2023,3,26.588,27.568,29.09,4.395,1612.0,544.0,241
D-lerik,Lerik,district,fixed,2023,3,2.778,2.082,58.84,2.446,252.0,104.0,74
D-masally,Masally,district,fixed,2023,3,26.442,22.234,28.79,16.541,1744.0,631.0,303
D-neftchala,Neftchala,district,fixed,2023,3,17.416,17.336,26.22,3.104,784.0,253.0,112
D-oghuz,Oghuz,district,fixed,2023,3,33.707,18.542,33.67,18.094,304.0,136.0,80
D-ordubad,Ordubad,district,fixed,2023,3,1.791,0.396,73.64,1.638,171.0,83.0,52
D-qabala,Qabala,district,fixed,2023,3,24.455,20.558,28.12,7.566,1738.0,784.0,257
D-qakh,Qakh,district,fixed,2023,3,22.507,11.673,45.39,3.458,397.0,185.0,91
D-qazakh,Qazakh,district,fixed,2023,3,27.568,31.006,34.56,20.763,860.0,255.0,141
D-quba,Quba,district,fixed,2023,3,26.521,26.523,22.01,15.278,2510.0,1006.0,360
D-qubadli,Qubadli,district,fixed,2023,3,41.209,42.199,48.2,39.8,15.0,5.0,4
D-qusar,Qusar,district,fixed,2023,3,15.129,15.975,35.07,4.57,1555.0,653.0,285
D-saatly,Saatly,district,fixed,2023,3,18.412,19.916,28.71,10.811,479.0,188.0,97
D-sabirabad,Sabirabad,district,fixed,2023,3,20.205,18.491,22.17,18.461,906.0,341.0,212
D-sadarak,Sadarak,district,fixed,2023,3,1.983,0.456,87.18,1.754,60.0,19.0,17
D-salyan,Salyan,district,fixed,2023,3,17.552,17.599,25.55,15.801,1210.0,326.0,144
D-samukh,Samukh,district,fixed,2023,3,24.334,22.889,31.98,17.994,860.0,210.0,111
D-shabran,Shabran,district,fixed,2023,3,33.453,39.496,15.73,15.267,626.0,196.0,87
D-shahbuz,Shahbuz,district,fixed,2023,3,1.075,0.798,102.27,0.826,51.0,13.0,9
D-shaki,Shaki,district,fixed,2023,3,63.155,54.789,21.35,18.746,991.0,399.0,165
D-shamakhi,Shamakhi,district,fixed,2023,3,36.835,25.276,24.68,26.65,839.0,339.0,148
D-shamkir,Shamkir,district,fixed,2023,3,20.77,21.924,23.19,18.428,1946.0,802.0,376
D-sharur,Sharur,district,fixed,2023,3,1.889,0.432,69.27,1.588,292.0,111.0,84
D-siazan,Siazan,district,fixed,2023,3,13.87,12.148,40.82,10.382,328.0,99.0,50
D-tartar,Tartar,district,fixed,2023,3,38.406,33.537,15.8,20.948,767.0,150.0,78
D-tovuz,Tovuz,district,fixed,2023,3,26.338,23.129,53.56,24.804,1006.0,405.0,199
D-ujar,Ujar,district,fixed,2023,3,9.416,9.377,40.21,4.296,206.0,87.0,64
D-yardymli,Yardymli,district,fixed,2023,3,30.248,31.625,25.91,18.978,162.0,64.0,46
D-yevlakh,Yevlakh,district,fixed,2023,3,23.471,22.766,22.09,22.55,414.0,173.0,87
D-zangilan,Zangilan,district,fixed,2023,3,38.454,29.128,13.95,34.019,43.0,20.0,11
D-zaqatala,Zaqatala,district,fixed,2023,3,25.444,14.281,38.37,3.395,315.0,159.0,119
D-zardab,Zardab,district,fixed,2023,3,23.616,18.515,34.38,7.946,86.0,41.0,32
C-baku,Baku,city,fixed,2023,4,40.446,40.933,8.29,34.955,147285.0,47366.0,3153
C-ganja,Ganja,city,fixed,2023,4,30.783,30.874,19.24,26.063,4513.0,1497.0,154
C-lankaran,Lankaran,city,fixed,2023,4,28.661,26.063,17.52,28.318,1332.0,369.0,63
C-mingachevir,Mingachevir,city,fixed,2023,4,28.266,34.988,13.37,28.329,1610.0,484.0,75
C-nakhchivan,Nakhchivan,city,fixed,2023,4,23.307,24.27,3.99,15.346,622.0,250.0,46
C-shaki,Shaki,city,fixed,2023,4,81.064,71.165,15.69,55.558,1186.0,399.0,50
C-shirvan,Shirvan,city,fixed,2023,4,39.883,34.644,21.46,37.615,1844.0,320.0,33
C-sumqayit,Sumqayit,city,fixed,2023,4,36.671,32.337,8.04,34.781,8404.0,2763.0,220
C-yevlakh,Yevlakh,city,fixed,2023,4,43.023,38.049,12.15,37.99,628.0,170.0,40
D-absheron,Absheron,district,fixed,2023,4,40.576,36.422,7.88,37.228,15242.0,4871.0,482
D-agdam,Agdam,district,fixed,2023,4,21.065,33.36,22.04,15.06,548.0,137.0,89
D-agdash,Agdash,district,fixed,2023,4,24.112,25.464,16.6,22.564,1098.0,290.0,118
D-aghjabadi,Aghjabadi,district,fixed,2023,4,14.076,19.994,28.84,7.819,313.0,133.0,101
D-agstafa,Agstafa,district,fixed,2023,4,22.174,19.159,28.67,17.864,1013.0,327.0,142
D-agsu,Agsu,district,fixed,2023,4,42.924,28.551,16.43,20.844,1325.0,357.0,119
D-astara,Astara,district,fixed,2023,4,17.765,17.911,32.26,7.576,1287.0,374.0,150
D-babek,Babek,district,fixed,2023,4,38.537,48.623,31.89,37.714,9.0,6.0,5
D-balakan,Balakan,district,fixed,2023,4,52.822,39.023,21.06,32.776,1029.0,362.0,141
D-barda,Barda,district,fixed,2023,4,42.494,28.302,24.63,19.872,1246.0,379.0,169
D-beylagan,Beylagan,district,fixed,2023,4,23.451,17.275,27.56,4.178,605.0,191.0,94
D-bilasuvar,Bilasuvar,district,fixed,2023,4,27.302,20.633,25.31,9.233,513.0,216.0,114
D-dashkasan,Dashkasan,district,fixed,2023,4,44.432,18.15,37.55,9.246,22.0,13.0,10
D-fuzuli,Fuzuli,district,fixed,2023,4,30.974,34.479,21.0,30.675,305.0,104.0,69
D-gadabay,Gadabay,district,fixed,2023,4,29.773,30.501,58.24,4.08,240.0,67.0,52
D-gobustan,Gobustan,district,fixed,2023,4,50.523,33.375,19.48,8.528,334.0,90.0,44
D-goranboy,Goranboy,district,fixed,2023,4,30.309,26.614,20.36,5.768,864.0,264.0,129
D-goychay,Goychay,district,fixed,2023,4,32.797,44.889,26.17,19.543,1970.0,454.0,168
D-goygol,Goygol,district,fixed,2023,4,23.279,22.624,23.49,19.065,2286.0,780.0,277
D-hajigabul,Hajigabul,district,fixed,2023,4,44.216,34.578,14.4,29.917,999.0,305.0,107
D-imishli,Imishli,district,fixed,2023,4,45.288,36.13,18.74,21.552,2081.0,557.0,172
D-ismailli,Ismailli,district,fixed,2023,4,33.455,18.935,29.62,26.465,648.0,213.0,123
D-jabrayil,Jabrayil,district,fixed,2023,4,17.087,15.775,55.44,9.461,9.0,5.0,5
D-jalilabad,Jalilabad,district,fixed,2023,4,30.066,29.049,21.21,20.98,1173.0,390.0,186
D-kalbajar,Kalbajar,district,fixed,2023,4,13.72,26.088,35.67,17.514,6.0,5.0,3
D-kangarli,Kangarli,district,fixed,2023,4,13.307,3.694,90.91,16.706,11.0,4.0,4
D-khachmaz,Khachmaz,district,fixed,2023,4,21.714,24.318,25.03,17.7,3462.0,961.0,380
D-khizi,Khizi,district,fixed,2023,4,47.668,26.665,21.19,36.224,575.0,145.0,75
D-khojaly,Khojaly,district,fixed,2023,4,107.546,80.122,11.59,80.314,41.0,9.0,6
D-khojavend,Khojavend,district,fixed,2023,4,23.594,43.461,10.5,24.406,4.0,2.0,2
D-kurdamir,Kurdamir,district,fixed,2023,4,31.371,30.081,22.48,26.464,912.0,264.0,123
D-lachin,Lachin,district,fixed,2023,4,46.124,40.895,43.57,46.548,21.0,9.0,6
D-lankaran,Lankaran,district,fixed,2023,4,27.667,27.169,29.37,16.099,1700.0,543.0,252
D-lerik,Lerik,district,fixed,2023,4,3.456,1.062,53.58,3.31,160.0,53.0,43
D-masally,Masally,district,fixed,2023,4,27.444,29.292,21.8,23.891,2203.0,700.0,323
D-neftchala,Neftchala,district,fixed,2023,4,19.804,16.665,29.5,4.015,534.0,196.0,97
D-oghuz,Oghuz,district,fixed,2023,4,40.38,35.584,17.55,30.784,317.0,154.0,74
D-qabala,Qabala,district,fixed,2023,4,36.645,21.907,19.53,19.127,2026.0,697.0,287
D-qakh,Qakh,district,fixed,2023,4,9.571,8.406,49.55,3.292,177.0,74.0,55
D-qazakh,Qazakh,district,fixed,2023,4,23.437,24.823,34.81,19.709,1287.0,288.0,147
D-quba,Quba,district,fixed,2023,4,32.224,28.157,19.77,19.987,2705.0,990.0,366
D-qubadli,Qubadli,district,fixed,2023,4,30.163,39.582,18.5,30.163,8.0,4.0,2
D-qusar,Qusar,district,fixed,2023,4,31.195,24.727,35.12,11.11,1768.0,651.0,254
D-saatly,Saatly,district,fixed,2023,4,27.358,24.731,23.35,18.291,618.0,201.0,110
D-sabirabad,Sabirabad,district,fixed,2023,4,24.362,21.639,22.86,26.539,1094.0,348.0,245
D-salyan,Salyan,district,fixed,2023,4,33.007,24.821,23.51,22.359,1216.0,317.0,145
D-samukh,Samukh,district,fixed,2023,4,30.602,28.87,26.31,22.737,1704.0,327.0,139
D-shabran,Shabran,district,fixed,2023,4,56.783,46.336,15.24,20.65,592.0,204.0,94
D-shaki,Shaki,district,fixed,2023,4,55.595,48.759,18.67,31.775,963.0,365.0,179
D-shamakhi,Shamakhi,district,fixed,2023,4,36.295,28.617,16.95,21.047,785.0,302.0,144
D-shamkir,Shamkir,district,fixed,2023,4,21.789,22.206,30.08,16.478,2703.0,793.0,385
D-siazan,Siazan,district,fixed,2023,4,27.723,24.348,26.15,26.931,471.0,140.0,57
D-tartar,Tartar,district,fixed,2023,4,34.309,31.89,32.33,18.81,644.0,139.0,79
D-tovuz,Tovuz,district,fixed,2023,4,33.71,25.15,39.35,27.374,811.0,325.0,169
D-ujar,Ujar,district,fixed,2023,4,23.121,15.372,28.05,3.847,318.0,105.0,75
D-yardymli,Yardymli,district,fixed,2023,4,28.593,30.092,13.41,18.982,205.0,51.0,32
D-yevlakh,Yevlakh,district,fixed,2023,4,37.257,34.829,13.75,30.371,538.0,191.0,107
D-zangilan,Zangilan,district,fixed,2023,4,31.45,37.29,13.06,26.596,97.0,17.0,10
D-zaqatala,Zaqatala,district,fixed,2023,4,47.361,45.157,40.39,25.74,682.0,235.0,156
D-zardab,Zardab,district,fixed,2023,4,17.665,15.359,43.95,4.718,96.0,54.0,42
C-baku,Baku,city,fixed,2024,1,45.944,45.054,7.82,39.549,168890.0,50935.0,3154
C-ganja,Ganja,city,fixed,2024,1,44.511,43.216,16.09,34.567,6048.0,1941.0,158
C-lankaran,Lankaran,city,fixed,2024,1,33.237,27.992,18.89,32.53,1241.0,377.0,62
C-mingachevir,Mingachevir,city,fixed,2024,1,38.626,43.629,14.49,34.876,2382.0,633.0,82
C-nakhchivan,Nakhchivan,city,fixed,2024,1,16.985,17.354,6.52,14.904,677.0,306.0,52
C-shaki,Shaki,city,fixed,2024,1,73.708,70.204,22.82,56.479,706.0,256.0,49
C-shirvan,Shirvan,city,fixed,2024,1,51.083,36.86,11.67,36.344,1460.0,303.0,39
C-sumqayit,Sumqayit,city,fixed,2024,1,46.063,40.107,7.37,40.082,10684.0,3222.0,228
C-yevlakh,Yevlakh,city,fixed,2024,1,67.282,67.297,20.13,45.758,598.0,170.0,48
D-absheron,Absheron,district,fixed,2024,1,49.225,42.384,7.23,40.807,18176.0,5420.0,497
D-agdam,Agdam,district,fixed,2024,1,24.19,33.216,17.22,25.781,650.0,223.0,137
D-agdash,Agdash,district,fixed,2024,1,31.387,33.039,17.22,25.93,1652.0,371.0,144
D-aghjabadi,Aghjabadi,district,fixed,2024,1,26.078,36.893,27.87,19.831,588.0,240.0,166
D-agstafa,Agstafa,district,fixed,2024,1,25.453,20.12,27.34,24.926,1713.0,453.0,179
D-agsu,Agsu,district,fixed,2024,1,65.027,46.384,12.81,33.278,1459.0,382.0,131
D-astara,Astara,district,fixed,2024,1,25.186,26.383,28.18,19.601,1705.0,467.0,177
D-babek,Babek,district,fixed,2024,1,17.943,19.525,10.7,13.168,23.0,9.0,5
D-balakan,Balakan,district,fixed,2024,1,78.119,60.094,15.62,60.486,1728.0,605.0,282
D-barda,Barda,district,fixed,2024,1,63.764,48.595,17.6,39.42,1955.0,517.0,236
D-beylagan,Beylagan,district,fixed,2024,1,33.144,30.58,28.89,6.117,874.0,274.0,137
D-bilasuvar,Bilasuvar,district,fixed,2024,1,39.02,31.913,16.47,23.207,885.0,321.0,158
D-dashkasan,Dashkasan,district,fixed,2024,1,26.737,25.203,58.1,17.502,63.0,23.0,11
D-fuzuli,Fuzuli,district,fixed,2024,1,46.107,47.912,24.47,37.762,389.0,125.0,78
D-gadabay,Gadabay,district,fixed,2024,1,60.013,48.234,28.98,31.03,388.0,125.0,75
D-gobustan,Gobustan,district,fixed,2024,1,61.343,38.109,15.77,31.03,347.0,118.0,60
D-goranboy,Goranboy,district,fixed,2024,1,55.54,51.6,23.89,18.114,976.0,313.0,174
D-goychay,Goychay,district,fixed,2024,1,28.671,46.173,27.99,23.233,2158.0,543.0,202
D-goygol,Goygol,district,fixed,2024,1,40.219,38.98,19.63,22.618,3047.0,1097.0,310
D-hajigabul,Hajigabul,district,fixed,2024,1,57.445,40.988,16.45,35.585,1191.0,413.0,159
D-imishli,Imishli,district,fixed,2024,1,55.743,46.326,15.57,24.299,1915.0,617.0,195
D-ismailli,Ismailli,district,fixed,2024,1,38.352,27.896,29.39,37.818,1100.0,297.0,145
D-jabrayil,Jabrayil,district,fixed,2024,1,18.174,40.664,12.0,16.343,6.0,4.0,2
D-jalilabad,Jalilabad,district,fixed,2024,1,61.181,49.126,19.17,31.011,1761.0,512.0,235
D-julfa,Julfa,district,fixed,2024,1,41.939,80.439,8.0,41.939,1.0,1.0,1
D-kalbajar,Kalbajar,district,fixed,2024,1,107.674,142.467,10.0,107.674,2.0,2.0,2
D-kangarli,Kangarli,district,fixed,2024,1,9.803,1.961,77.34,8.78,29.0,9.0,5
D-khachmaz,Khachmaz,district,fixed,2024,1,33.468,32.739,22.16,20.012,4787.0,1432.0,462
D-khizi,Khizi,district,fixed,2024,1,76.927,61.885,12.14,40.289,559.0,161.0,84
D-khojaly,Khojaly,district,fixed,2024,1,62.733,61.307,12.0,62.733,2.0,2.0,1
D-khojavend,Khojavend,district,fixed,2024,1,15.455,22.709,9.0,14.074,3.0,3.0,2
D-kurdamir,Kurdamir,district,fixed,2024,1,25.445,29.959,15.37,26.9,1043.0,327.0,158
D-lachin,Lachin,district,fixed,2024,1,53.979,58.601,36.17,47.582,23.0,13.0,8
D-lankaran,Lankaran,district,fixed,2024,1,48.049,38.73,18.75,29.457,3178.0,905.0,344
D-lerik,Lerik,district,fixed,2024,1,4.694,1.927,51.78,3.384,116.0,53.0,44
D-masally,Masally,district,fixed,2024,1,47.281,40.289,20.51,30.302,3105.0,925.0,402
D-neftchala,Neftchala,district,fixed,2024,1,28.499,24.607,24.12,20.158,960.0,365.0,149
D-oghuz,Oghuz,district,fixed,2024,1,110.322,97.332,15.49,77.41,544.0,191.0,112
D-qabala,Qabala,district,fixed,2024,1,75.739,35.15,16.3,34.298,2204.0,731.0,279
D-qakh,Qakh,district,fixed,2024,1,63.237,52.1,34.56,12.806,167.0,90.0,74
D-qazakh,Qazakh,district,fixed,2024,1,26.777,25.858,27.78,28.486,1250.0,317.0,170
D-quba,Quba,district,fixed,2024,1,48.311,40.345,19.02,25.223,4050.0,1219.0,377
D-qubadli,Qubadli,district,fixed,2024,1,8.994,17.42,24.17,3.634,6.0,5.0,3
D-qusar,Qusar,district,fixed,2024,1,60.409,44.248,20.74,15.488,2672.0,912.0,334
D-saatly,Saatly,district,fixed,2024,1,53.047,42.49,19.36,25.864,1421.0,325.0,149
D-sabirabad,Sabirabad,district,fixed,2024,1,32.222,26.327,20.21,25.994,1396.0,444.0,275
D-salyan,Salyan,district,fixed,2024,1,43.908,34.448,19.66,30.67,2188.0,477.0,204
D-samukh,Samukh,district,fixed,2024,1,30.647,29.701,47.36,27.136,2567.0,481.0,199
D-shabran,Shabran,district,fixed,2024,1,64.649,53.058,16.5,24.628,503.0,226.0,95
D-shaki,Shaki,district,fixed,2024,1,89.87,85.594,17.17,49.587,1211.0,399.0,217
D-shamakhi,Shamakhi,district,fixed,2024,1,67.509,39.168,21.07,30.018,850.0,283.0,128
D-shamkir,Shamkir,district,fixed,2024,1,25.462,21.374,53.52,19.746,2488.0,683.0,352
D-sharur,Sharur,district,fixed,2024,1,29.348,4.076,35.0,29.348,2.0,2.0,2
D-siazan,Siazan,district,fixed,2024,1,57.567,47.825,14.29,33.531,620.0,171.0,66
D-tartar,Tartar,district,fixed,2024,1,36.679,32.36,59.55,20.512,620.0,184.0,106
D-tovuz,Tovuz,district,fixed,2024,1,49.589,44.919,37.45,28.75,965.0,355.0,201
D-ujar,Ujar,district,fixed,2024,1,77.182,55.429,26.68,21.734,478.0,168.0,98
D-yardymli,Yardymli,district,fixed,2024,1,22.134,20.98,46.77,16.888,179.0,56.0,38
D-yevlakh,Yevlakh,district,fixed,2024,1,55.951,52.548,13.01,37.536,690.0,283.0,143
D-zangilan,Zangilan,district,fixed,2024,1,37.326,38.869,9.95,24.838,73.0,25.0,16
D-zaqatala,Zaqatala,district,fixed,2024,1,108.372,98.235,24.81,52.58,935.0,357.0,223
D-zardab,Zardab,district,fixed,2024,1,47.603,33.854,27.81,32.211,167.0,83.0,45
C-baku,Baku,city,fixed,2024,2,50.805,48.177,7.01,41.949,121161.0,42564.0,3129
C-ganja,Ganja,city,fixed,2024,2,46.605,40.74,15.06,36.522,4307.0,1523.0,156
C-lankaran,Lankaran,city,fixed,2024,2,40.709,34.06,14.11,37.433,990.0,323.0,63
C-mingachevir,Mingachevir,city,fixed,2024,2,41.422,42.425,11.01,36.452,1557.0,573.0,71
C-nakhchivan,Nakhchivan,city,fixed,2024,2,16.479,16.656,5.17,14.212,646.0,275.0,66
C-shaki,Shaki,city,fixed,2024,2,78.781,59.906,15.38,61.766,432.0,200.0,47
C-shirvan,Shirvan,city,fixed,2024,2,30.267,33.51,8.12,30.068,952.0,261.0,38
C-sumqayit,Sumqayit,city,fixed,2024,2,46.909,42.455,6.4,42.547,8141.0,2604.0,224
C-yevlakh,Yevlakh,city,fixed,2024,2,60.301,50.786,11.85,45.408,210.0,103.0,38
D-absheron,Absheron,district,fixed,2024,2,61.282,49.291,7.53,47.561,13627.0,4302.0,477
D-agdam,Agdam,district,fixed,2024,2,32.511,33.705,16.69,35.588,380.0,142.0,97
D-agdash,Agdash,district,fixed,2024,2,28.095,32.668,14.79,27.792,838.0,351.0,166
D-aghjabadi,Aghjabadi,district,fixed,2024,2,26.516,33.837,20.93,26.677,520.0,217.0,151
D-agstafa,Agstafa,district,fixed,2024,2,32.672,23.178,22.6,34.558,903.0,394.0,198
D-agsu,Agsu,district,fixed,2024,2,67.692,52.865,12.44,36.702,486.0,257.0,130
D-astara,Astara,district,fixed,2024,2,29.763,31.125,13.8,30.346,1443.0,493.0,199
D-babek,Babek,district,fixed,2024,2,12.078,12.768,8.9,13.498,48.0,11.0,6
D-balakan,Balakan,district,fixed,2024,2,77.814,54.416,14.93,58.33,1141.0,488.0,288
D-barda,Barda,district,fixed,2024,2,69.641,49.317,15.92,46.616,2041.0,627.0,258
D-beylagan,Beylagan,district,fixed,2024,2,25.514,30.201,18.29,23.565,657.0,256.0,138
D-bilasuvar,Bilasuvar,district,fixed,2024,2,36.935,34.91,10.79,33.764,907.0,291.0,140
D-dashkasan,Dashkasan,district,fixed,2024,2,24.647,24.05,25.98,26.893,46.0,30.0,15
D-fuzuli,Fuzuli,district,fixed,2024,2,41.743,49.564,11.52,38.348,281.0,105.0,70
D-gadabay,Gadabay,district,fixed,2024,2,55.614,45.647,27.18,43.702,323.0,129.0,80
D-gobustan,Gobustan,district,fixed,2024,2,57.897,44.447,11.72,39.462,170.0,72.0,46
D-goranboy,Goranboy,district,fixed,2024,2,55.108,49.514,19.41,32.665,663.0,283.0,155
D-goychay,Goychay,district,fixed,2024,2,39.697,53.391,14.9,29.5,1516.0,437.0,164
D-goygol,Goygol,district,fixed,2024,2,39.191,36.336,18.61,28.466,2166.0,933.0,289
D-hajigabul,Hajigabul,district,fixed,2024,2,40.771,32.288,12.2,34.536,807.0,278.0,136
D-imishli,Imishli,district,fixed,2024,2,53.215,47.526,12.95,37.716,1328.0,490.0,199
D-ismailli,Ismailli,district,fixed,2024,2,59.399,43.832,19.5,40.549,778.0,277.0,156
D-jabrayil,Jabrayil,district,fixed,2024,2,31.91,24.66,21.0,23.11,3.0,3.0,3
D-jalilabad,Jalilabad,district,fixed,2024,2,67.2,52.615,14.97,37.928,1201.0,387.0,220
D-kalbajar,Kalbajar,district,fixed,2024,2,9.19,12.109,31.88,2.308,8.0,6.0,5
D-kangarli,Kangarli,district,fixed,2024,2,16.052,2.557,56.4,14.384,5.0,4.0,4
D-khachmaz,Khachmaz,district,fixed,2024,2,43.299,44.036,13.8,26.769,3756.0,1296.0,477
D-khizi,Khizi,district,fixed,2024,2,82.283,72.379,10.43,55.081,388.0,149.0,86
D-khojaly,Khojaly,district,fixed,2024,2,147.541,90.162,8.61,62.498,18.0,7.0,3
D-kurdamir,Kurdamir,district,fixed,2024,2,27.505,28.783,20.53,26.2,490.0,199.0,115
D-lachin,Lachin,district,fixed,2024,2,119.117,107.54,36.25,62.853,28.0,19.0,12
D-lankaran,Lankaran,district,fixed,2024,2,56.936,45.025,15.86,34.499,2054.0,830.0,361
D-lerik,Lerik,district,fixed,2024,2,4.775,1.609,55.15,3.48,75.0,53.0,39
D-masally,Masally,district,fixed,2024,2,47.631,41.391,12.03,35.768,2718.0,925.0,426
D-neftchala,Neftchala,district,fixed,2024,2,29.837,29.682,11.83,29.798,1059.0,325.0,145
D-oghuz,Oghuz,district,fixed,2024,2,97.194,75.223,13.75,77.716,445.0,168.0,102
D-qabala,Qabala,district,fixed,2024,2,70.417,45.021,14.33,42.422,1777.0,740.0,291
D-qakh,Qakh,district,fixed,2024,2,86.909,80.264,22.43,58.984,176.0,100.0,73
D-qazakh,Qazakh,district,fixed,2024,2,34.159,26.447,23.52,36.301,827.0,286.0,164
D-quba,Quba,district,fixed,2024,2,57.074,46.03,15.7,32.532,2380.0,1005.0,364
D-qubadli,Qubadli,district,fixed,2024,2,63.734,93.041,9.78,67.244,9.0,5.0,4
D-qusar,Qusar,district,fixed,2024,2,69.96,52.516,15.06,25.904,1631.0,738.0,309
D-saatly,Saatly,district,fixed,2024,2,55.841,47.487,14.25,32.998,1466.0,316.0,155
D-sabirabad,Sabirabad,district,fixed,2024,2,38.559,33.601,16.63,31.372,1112.0,434.0,262
D-salyan,Salyan,district,fixed,2024,2,31.072,29.257,13.77,32.608,1071.0,386.0,205
D-samukh,Samukh,district,fixed,2024,2,30.543,28.95,24.87,27.495,913.0,288.0,148
D-shabran,Shabran,district,fixed,2024,2,54.013,59.181,18.32,32.06,422.0,178.0,92
D-shaki,Shaki,district,fixed,2024,2,96.881,78.675,13.87,53.306,966.0,371.0,228
D-shamakhi,Shamakhi,district,fixed,2024,2,64.759,47.91,12.14,40.024,640.0,326.0,168
D-shamkir,Shamkir,district,fixed,2024,2,28.204,26.805,26.26,27.303,1617.0,635.0,339
D-sharur,Sharur,district,fixed,2024,2,13.825,15.552,6.5,14.248,117.0,25.0,7
D-siazan,Siazan,district,fixed,2024,2,85.162,61.374,10.43,49.14,430.0,129.0,64
D-tartar,Tartar,district,fixed,2024,2,33.372,33.581,21.09,30.08,548.0,188.0,109
D-tovuz,Tovuz,district,fixed,2024,2,40.89,35.752,41.86,36.032,760.0,283.0,190
D-ujar,Ujar,district,fixed,2024,2,83.825,58.226,16.3,32.053,292.0,121.0,82
D-yardymli,Yardymli,district,fixed,2024,2,21.438,24.677,15.83,34.117,361.0,74.0,51
D-yevlakh,Yevlakh,district,fixed,2024,2,53.617,44.488,10.66,34.932,398.0,175.0,112
D-zangilan,Zangilan,district,fixed,2024,2,41.892,51.56,11.21,36.274,67.0,25.0,12
D-zaqatala,Zaqatala,district,fixed,2024,2,110.19,79.252,16.37,63.964,657.0,305.0,192
D-zardab,Zardab,district,fixed,2024,2,49.915,41.64,24.57,40.616,93.0,65.0,40
C-baku,Baku,city,fixed,2024,3,66.991,62.895,5.68,61.5,225732.0,63349.0,3299
C-ganja,Ganja,city,fixed,2024,3,60.207,55.187,12.85,54.426,9415.0,2471.0,156
C-khankendi,Khankendi,city,fixed,2024,3,151.135,166.051,12.81,144.121,16.0,6.0,3
C-lankaran,Lankaran,city,fixed,2024,3,70.132,60.702,15.03,63.021,2074.0,555.0,67
C-mingachevir,Mingachevir,city,fixed,2024,3,62.524,58.012,11.07,60.434,3591.0,967.0,82
C-nakhchivan,Nakhchivan,city,fixed,2024,3,16.786,16.983,8.48,13.854,676.0,322.0,68
C-shaki,Shaki,city,fixed,2024,3,104.741,88.072,11.52,105.251,770.0,292.0,45
C-shirvan,Shirvan,city,fixed,2024,3,43.328,44.717,9.51,40.508,1503.0,361.0,37
C-sumqayit,Sumqayit,city,fixed,2024,3,62.02,57.69,5.83,57.218,16868.0,4363.0,236
C-yevlakh,Yevlakh,city,fixed,2024,3,74.196,65.281,8.84,57.907,552.0,162.0,41
D-absheron,Absheron,district,fixed,2024,3,75.727,66.218,5.89,69.466,23424.0,6279.0,513
D-agdam,Agdam,district,fixed,2024,3,55.195,60.931,35.96,41.004,673.0,225.0,140
D-agdash,Agdash,district,fixed,2024,3,50.355,53.099,12.89,47.28,2152.0,655.0,259
D-aghjabadi,Aghjabadi,district,fixed,2024,3,44.815,48.227,13.63,40.595,660.0,233.0,153
D-agstafa,Agstafa,district,fixed,2024,3,48.344,43.321,42.96,42.244,1687.0,588.0,229
D-agsu,Agsu,district,fixed,2024,3,69.96,59.461,10.25,50.31,1450.0,446.0,198
D-astara,Astara,district,fixed,2024,3,51.965,54.341,13.65,38.637,3712.0,890.0,281
D-babek,Babek,district,fixed,2024,3,11.56,12.877,11.71,9.629,137.0,65.0,43
D-balakan,Balakan,district,fixed,2024,3,82.53,65.012,10.34,74.156,1559.0,611.0,290
D-barda,Barda,district,fixed,2024,3,70.433,58.481,11.06,59.204,2663.0,761.0,302
D-beylagan,Beylagan,district,fixed,2024,3,46.664,52.587,12.96,38.76,1165.0,351.0,190
D-bilasuvar,Bilasuvar,district,fixed,2024,3,70.396,63.69,12.21,46.05,1624.0,460.0,209
D-dashkasan,Dashkasan,district,fixed,2024,3,44.212,51.611,12.72,33.88,409.0,106.0,36
D-fuzuli,Fuzuli,district,fixed,2024,3,64.584,68.751,10.65,52.278,615.0,191.0,104
D-gadabay,Gadabay,district,fixed,2024,3,79.048,77.885,24.37,54.241,931.0,285.0,185
D-gobustan,Gobustan,district,fixed,2024,3,75.902,66.812,9.44,49.901,442.0,162.0,79
D-goranboy,Goranboy,district,fixed,2024,3,64.923,58.212,13.35,40.226,2227.0,579.0,274
D-goychay,Goychay,district,fixed,2024,3,45.904,56.901,13.44,40.331,2234.0,651.0,247
D-goygol,Goygol,district,fixed,2024,3,58.87,55.439,21.71,47.746,4362.0,1418.0,363
D-hajigabul,Hajigabul,district,fixed,2024,3,66.958,59.344,11.18,51.297,1842.0,529.0,177
D-imishli,Imishli,district,fixed,2024,3,64.438,58.274,12.98,41.52,1520.0,548.0,258
D-ismailli,Ismailli,district,fixed,2024,3,75.426,59.347,11.55,49.44,1986.0,618.0,275
D-jabrayil,Jabrayil,district,fixed,2024,3,29.189,31.383,9.0,29.189,2.0,1.0,1
D-jalilabad,Jalilabad,district,fixed,2024,3,72.68,66.531,14.52,47.215,2147.0,654.0,323
D-julfa,Julfa,district,fixed,2024,3,9.03,9.484,4.0,8.984,12.0,8.0,3
D-kalbajar,Kalbajar,district,fixed,2024,3,30.0,23.973,67.12,24.764,8.0,5.0,3
D-kangarli,Kangarli,district,fixed,2024,3,17.243,2.668,43.75,13.768,4.0,4.0,2
D-khachmaz,Khachmaz,district,fixed,2024,3,67.41,63.826,12.75,39.664,5289.0,1619.0,558
D-khizi,Khizi,district,fixed,2024,3,87.576,84.4,8.26,75.958,660.0,207.0,110
D-khojaly,Khojaly,district,fixed,2024,3,149.745,121.866,9.87,113.331,85.0,45.0,11
D-khojavend,Khojavend,district,fixed,2024,3,36.491,13.986,13.0,36.491,1.0,1.0,1
D-kurdamir,Kurdamir,district,fixed,2024,3,40.98,48.8,24.84,37.343,1094.0,332.0,155
D-lachin,Lachin,district,fixed,2024,3,51.914,52.112,17.28,51.367,72.0,37.0,16
D-lankaran,Lankaran,district,fixed,2024,3,89.592,76.193,14.55,58.729,4340.0,1312.0,447
D-lerik,Lerik,district,fixed,2024,3,49.453,40.966,32.78,3.715,502.0,178.0,89
D-masally,Masally,district,fixed,2024,3,72.052,64.646,13.1,46.399,5149.0,1448.0,536
D-neftchala,Neftchala,district,fixed,2024,3,59.175,62.926,9.95,48.396,2415.0,671.0,237
D-oghuz,Oghuz,district,fixed,2024,3,103.715,83.133,14.87,72.312,603.0,244.0,142
D-qabala,Qabala,district,fixed,2024,3,94.062,78.291,12.45,72.39,3181.0,1217.0,473
D-qakh,Qakh,district,fixed,2024,3,87.539,78.343,14.26,69.092,469.0,222.0,116
D-qazakh,Qazakh,district,fixed,2024,3,44.648,39.415,41.4,40.79,1123.0,340.0,168
D-quba,Quba,district,fixed,2024,3,87.123,77.52,11.91,48.826,3879.0,1487.0,502
D-qubadli,Qubadli,district,fixed,2024,3,27.91,36.067,17.0,36.696,8.0,3.0,2
D-qusar,Qusar,district,fixed,2024,3,79.825,61.183,14.38,41.292,2879.0,1047.0,394
D-saatly,Saatly,district,fixed,2024,3,72.594,61.941,12.83,42.242,1802.0,498.0,234
D-sabirabad,Sabirabad,district,fixed,2024,3,68.478,57.873,13.76,47.763,2127.0,716.0,394
D-salyan,Salyan,district,fixed,2024,3,52.808,54.119,9.96,42.278,2620.0,682.0,291
D-samukh,Samukh,district,fixed,2024,3,71.348,65.271,12.96,58.899,1838.0,519.0,193
D-shabran,Shabran,district,fixed,2024,3,74.498,70.263,13.51,46.558,768.0,289.0,136
D-shaki,Shaki,district,fixed,2024,3,84.862,75.063,10.14,55.454,1873.0,608.0,341
D-shamakhi,Shamakhi,district,fixed,2024,3,77.932,62.691,10.39,50.971,1737.0,527.0,194
D-shamkir,Shamkir,district,fixed,2024,3,51.625,53.83,26.86,42.528,4704.0,1235.0,506
D-sharur,Sharur,district,fixed,2024,3,12.142,14.507,13.0,12.867,17.0,14.0,5
D-shusha,Shusha,district,fixed,2024,3,160.311,181.761,11.0,160.311,1.0,1.0,1
D-siazan,Siazan,district,fixed,2024,3,71.994,63.651,9.28,58.32,897.0,206.0,79
D-tartar,Tartar,district,fixed,2024,3,51.872,57.939,18.76,43.118,1195.0,318.0,157
D-tovuz,Tovuz,district,fixed,2024,3,56.541,48.008,41.88,41.478,1608.0,554.0,307
D-ujar,Ujar,district,fixed,2024,3,72.359,59.063,14.36,49.601,620.0,192.0,122
D-yardymli,Yardymli,district,fixed,2024,3,54.85,63.19,14.94,44.274,856.0,195.0,110
D-yevlakh,Yevlakh,district,fixed,2024,3,69.363,62.958,8.7,48.884,937.0,376.0,187
D-zangilan,Zangilan,district,fixed,2024,3,35.668,43.211,12.26,32.563,61.0,26.0,13
D-zaqatala,Zaqatala,district,fixed,2024,3,118.469,98.654,12.61,82.134,1001.0,424.0,255
D-zardab,Zardab,district,fixed,2024,3,63.214,56.978,20.09,48.07,255.0,107.0,76
C-baku,Baku,city,fixed,2024,4,96.702,94.051,6.25,90.99,173838.0,54029.0,3172
C-ganja,Ganja,city,fixed,2024,4,89.554,85.354,11.16,80.227,7341.0,2173.0,157
C-khankendi,Khankendi,city,fixed,2024,4,323.785,308.071,10.0,323.785,9.0,3.0,1
C-lankaran,Lankaran,city,fixed,2024,4,88.602,84.503,11.87,74.197,1638.0,556.0,65
C-mingachevir,Mingachevir,city,fixed,2024,4,101.262,97.926,9.34,90.943,3207.0,928.0,83
C-nakhchivan,Nakhchivan,city,fixed,2024,4,17.172,18.304,6.54,13.238,762.0,312.0,74
C-shaki,Shaki,city,fixed,2024,4,146.644,138.253,10.39,137.424,584.0,220.0,48
C-shirvan,Shirvan,city,fixed,2024,4,103.978,53.668,16.37,92.216,1009.0,301.0,36
C-shusha,Shusha,city,fixed,2024,4,229.894,261.902,10.91,274.391,11.0,8.0,3
C-sumqayit,Sumqayit,city,fixed,2024,4,86.295,82.398,5.32,80.994,11304.0,3537.0,232
C-yevlakh,Yevlakh,city,fixed,2024,4,111.111,101.707,14.9,91.502,378.0,126.0,37
D-absheron,Absheron,district,fixed,2024,4,94.838,86.93,6.06,86.026,17062.0,5305.0,496
D-agdam,Agdam,district,fixed,2024,4,164.471,141.391,36.38,133.45,367.0,140.0,96
D-agdash,Agdash,district,fixed,2024,4,85.398,86.979,12.03,75.801,1919.0,648.0,225
D-aghjabadi,Aghjabadi,district,fixed,2024,4,86.132,99.028,15.83,55.704,879.0,307.0,160
D-agstafa,Agstafa,district,fixed,2024,4,71.188,72.694,46.37,63.659,1371.0,473.0,199
D-agsu,Agsu,district,fixed,2024,4,102.878,94.401,10.12,66.151,903.0,307.0,156
D-astara,Astara,district,fixed,2024,4,94.533,102.557,15.8,70.282,2565.0,825.0,304
D-babek,Babek,district,fixed,2024,4,11.214,12.512,6.97,9.815,316.0,114.0,67
D-balakan,Balakan,district,fixed,2024,4,121.877,76.824,10.06,86.085,1077.0,346.0,213
D-barda,Barda,district,fixed,2024,4,98.238,86.034,11.61,76.991,2116.0,704.0,291
D-beylagan,Beylagan,district,fixed,2024,4,110.124,149.931,16.08,74.062,972.0,337.0,192
D-bilasuvar,Bilasuvar,district,fixed,2024,4,109.933,110.487,10.32,78.242,1758.0,401.0,205
D-dashkasan,Dashkasan,district,fixed,2024,4,130.035,152.908,28.78,80.451,314.0,80.0,34
D-fuzuli,Fuzuli,district,fixed,2024,4,139.047,128.354,10.89,107.088,615.0,223.0,134
D-gadabay,Gadabay,district,fixed,2024,4,101.229,120.746,21.33,66.306,462.0,188.0,132
D-gobustan,Gobustan,district,fixed,2024,4,106.092,99.936,6.78,59.921,186.0,90.0,55
D-goranboy,Goranboy,district,fixed,2024,4,87.594,93.775,13.13,49.282,1275.0,445.0,232
D-goychay,Goychay,district,fixed,2024,4,118.768,119.323,15.22,80.929,2747.0,753.0,278
D-goygol,Goygol,district,fixed,2024,4,113.445,104.086,21.72,83.633,3815.0,1253.0,342
D-hajigabul,Hajigabul,district,fixed,2024,4,126.814,107.398,18.13,126.514,1458.0,471.0,160
D-imishli,Imishli,district,fixed,2024,4,89.276,101.045,12.63,53.643,1752.0,538.0,247
D-ismailli,Ismailli,district,fixed,2024,4,119.715,101.064,9.43,88.63,897.0,323.0,187
D-jabrayil,Jabrayil,district,fixed,2024,4,36.36,45.265,11.0,33.802,5.0,3.0,2
D-jalilabad,Jalilabad,district,fixed,2024,4,137.907,125.793,13.45,88.05,2126.0,621.0,353
D-julfa,Julfa,district,fixed,2024,4,17.083,19.197,4.5,17.083,4.0,3.0,2
D-kalbajar,Kalbajar,district,fixed,2024,4,17.908,9.33,20.0,17.908,1.0,1.0,1
D-kangarli,Kangarli,district,fixed,2024,4,11.966,1.67,46.6,9.959,15.0,6.0,5
D-khachmaz,Khachmaz,district,fixed,2024,4,100.558,101.415,10.57,60.847,5386.0,1610.0,569
D-khizi,Khizi,district,fixed,2024,4,101.211,108.333,10.42,87.482,484.0,156.0,90
D-khojaly,Khojaly,district,fixed,2024,4,170.887,121.12,14.97,165.311,104.0,49.0,13
D-kurdamir,Kurdamir,district,fixed,2024,4,120.524,147.162,22.61,82.164,1268.0,330.0,158
D-lachin,Lachin,district,fixed,2024,4,98.399,103.14,10.22,49.866,23.0,11.0,9
D-lankaran,Lankaran,district,fixed,2024,4,104.523,101.884,11.72,83.542,3709.0,1219.0,449
D-lerik,Lerik,district,fixed,2024,4,156.686,145.92,14.5,138.623,496.0,154.0,92
D-masally,Masally,district,fixed,2024,4,93.452,92.265,12.63,76.01,4334.0,1212.0,488
D-neftchala,Neftchala,district,fixed,2024,4,112.892,131.705,13.49,89.054,1732.0,572.0,224
D-oghuz,Oghuz,district,fixed,2024,4,162.25,144.703,10.01,117.485,384.0,126.0,90
D-ordubad,Ordubad,district,fixed,2024,4,9.418,9.401,16.1,8.848,40.0,9.0,7
D-qabala,Qabala,district,fixed,2024,4,138.215,129.972,9.87,103.31,1827.0,705.0,364
D-qakh,Qakh,district,fixed,2024,4,172.705,168.216,11.08,153.29,318.0,122.0,89
D-qazakh,Qazakh,district,fixed,2024,4,57.927,58.159,44.02,48.602,711.0,258.0,141
D-quba,Quba,district,fixed,2024,4,111.094,106.147,10.33,79.516,3633.0,1258.0,500
D-qubadli,Qubadli,district,fixed,2024,4,28.067,57.811,25.0,28.067,1.0,1.0,1
D-qusar,Qusar,district,fixed,2024,4,101.804,92.274,12.99,58.228,2857.0,951.0,413
D-saatly,Saatly,district,fixed,2024,4,109.44,101.291,12.36,70.223,1293.0,449.0,238
D-sabirabad,Sabirabad,district,fixed,2024,4,117.102,108.123,13.57,68.214,1806.0,653.0,382
D-salyan,Salyan,district,fixed,2024,4,126.549,125.19,17.78,90.778,2073.0,645.0,316
D-samukh,Samukh,district,fixed,2024,4,110.193,112.895,23.26,106.836,1918.0,481.0,181
D-shabran,Shabran,district,fixed,2024,4,100.59,100.967,9.39,62.06,711.0,257.0,131
D-shaki,Shaki,district,fixed,2024,4,126.798,119.721,9.52,93.08,1248.0,427.0,263
D-shamakhi,Shamakhi,district,fixed,2024,4,106.018,105.861,7.95,78.563,1113.0,365.0,161
D-shamkir,Shamkir,district,fixed,2024,4,90.822,77.543,37.66,65.846,3713.0,1039.0,481
D-sharur,Sharur,district,fixed,2024,4,11.593,13.174,9.85,11.535,26.0,11.0,4
D-shusha,Shusha,district,fixed,2024,4,83.846,227.423,8.5,83.846,2.0,2.0,2
D-siazan,Siazan,district,fixed,2024,4,122.114,100.413,8.15,95.618,696.0,164.0,69
D-tartar,Tartar,district,fixed,2024,4,121.221,186.961,37.44,72.242,1525.0,361.0,202
D-tovuz,Tovuz,district,fixed,2024,4,75.517,71.601,43.1,54.01,1417.0,456.0,271
D-ujar,Ujar,district,fixed,2024,4,113.724,120.573,17.58,66.118,552.0,198.0,138
D-yardymli,Yardymli,district,fixed,2024,4,97.789,139.816,22.9,84.391,773.0,193.0,120
D-yevlakh,Yevlakh,district,fixed,2024,4,113.499,105.21,9.43,80.482,927.0,354.0,170
D-zangilan,Zangilan,district,fixed,2024,4,57.259,64.515,9.9,49.705,42.0,18.0,11
D-zaqatala,Zaqatala,district,fixed,2024,4,168.63,156.066,11.76,118.97,840.0,340.0,233
D-zardab,Zardab,district,fixed,2024,4,111.209,109.997,15.74,56.648,238.0,104.0,73
C-baku,Baku,city,fixed,2025,1,109.76,100.719,5.95,106.373,135769.0,45240.0,3072
C-ganja,Ganja,city,fixed,2025,1,98.1,92.976,12.37,94.287,4712.0,1630.0,157
C-khankendi,Khankendi,city,fixed,2025,1,259.503,176.036,10.0,302.002,4.0,3.0,2
C-lankaran,Lankaran,city,fixed,2025,1,119.108,112.02,10.79,97.935,1464.0,422.0,65
C-mingachevir,Mingachevir,city,fixed,2025,1,104.611,99.2,8.78,101.191,2467.0,694.0,76
C-nakhchivan,Nakhchivan,city,fixed,2025,1,16.164,16.73,32.74,13.744,607.0,271.0,65
C-shaki,Shaki,city,fixed,2025,1,154.868,140.652,9.02,148.606,535.0,178.0,44
C-shirvan,Shirvan,city,fixed,2025,1,122.809,60.834,12.5,120.404,1275.0,314.0,38
C-shusha,Shusha,city,fixed,2025,1,61.102,187.456,10.76,53.608,54.0,10.0,3
C-sumqayit,Sumqayit,city,fixed,2025,1,91.857,83.596,5.39,90.449,9192.0,2865.0,224
C-yevlakh,Yevlakh,city,fixed,2025,1,114.059,92.386,11.03,100.908,261.0,98.0,34
D-absheron,Absheron,district,fixed,2025,1,109.05,99.664,5.41,94.198,13938.0,4585.0,474
D-agdam,Agdam,district,fixed,2025,1,186.701,138.834,16.52,155.26,277.0,135.0,93
D-agdash,Agdash,district,fixed,2025,1,106.611,99.109,9.87,84.489,1411.0,461.0,175
D-aghjabadi,Aghjabadi,district,fixed,2025,1,131.298,113.325,12.4,88.748,775.0,270.0,158
D-agstafa,Agstafa,district,fixed,2025,1,126.107,123.698,20.05,105.145,992.0,375.0,173
D-agsu,Agsu,district,fixed,2025,1,105.943,94.811,8.82,76.992,627.0,285.0,149
D-astara,Astara,district,fixed,2025,1,109.034,107.217,14.95,95.079,1839.0,640.0,281
D-babek,Babek,district,fixed,2025,1,11.388,12.979,33.04,10.064,371.0,105.0,64
D-balakan,Balakan,district,fixed,2025,1,122.937,92.585,10.98,93.878,539.0,236.0,165
D-barda,Barda,district,fixed,2025,1,119.728,102.504,9.92,97.173,1492.0,510.0,242
D-beylagan,Beylagan,district,fixed,2025,1,141.09,128.476,12.02,127.458,687.0,272.0,154
D-bilasuvar,Bilasuvar,district,fixed,2025,1,108.519,106.477,8.5,76.393,936.0,315.0,173
D-dashkasan,Dashkasan,district,fixed,2025,1,147.942,119.228,15.1,98.308,184.0,63.0,31
D-fuzuli,Fuzuli,district,fixed,2025,1,168.102,122.842,14.46,163.081,367.0,142.0,103
D-gadabay,Gadabay,district,fixed,2025,1,95.161,149.55,14.14,66.959,640.0,177.0,125
D-gobustan,Gobustan,district,fixed,2025,1,120.78,114.863,6.32,111.237,222.0,91.0,58
D-goranboy,Goranboy,district,fixed,2025,1,120.465,120.898,9.72,60.78,1023.0,362.0,217
D-goychay,Goychay,district,fixed,2025,1,140.206,113.469,10.26,108.977,1778.0,587.0,241
D-goygol,Goygol,district,fixed,2025,1,119.897,104.054,16.29,92.218,2254.0,866.0,292
D-hajigabul,Hajigabul,district,fixed,2025,1,128.485,89.981,10.05,93.866,916.0,368.0,153
D-imishli,Imishli,district,fixed,2025,1,119.507,121.907,9.21,84.811,1478.0,524.0,205
D-ismailli,Ismailli,district,fixed,2025,1,138.604,111.611,9.87,71.556,605.0,254.0,156
D-jabrayil,Jabrayil,district,fixed,2025,1,14.431,23.402,45.29,3.853,7.0,3.0,3
D-jalilabad,Jalilabad,district,fixed,2025,1,135.434,120.844,11.13,89.608,1716.0,532.0,284
D-julfa,Julfa,district,fixed,2025,1,9.868,10.017,29.18,9.87,39.0,17.0,7
D-kalbajar,Kalbajar,district,fixed,2025,1,41.583,44.543,16.43,19.894,14.0,6.0,5
D-kangarli,Kangarli,district,fixed,2025,1,8.354,5.379,44.73,10.086,48.0,14.0,9
D-khachmaz,Khachmaz,district,fixed,2025,1,101.854,94.834,9.66,77.849,4293.0,1374.0,517
D-khizi,Khizi,district,fixed,2025,1,111.682,116.392,10.77,93.106,253.0,114.0,70
D-khojaly,Khojaly,district,fixed,2025,1,175.745,163.413,10.49,180.62,132.0,52.0,18
D-kurdamir,Kurdamir,district,fixed,2025,1,135.819,128.115,12.85,100.126,1253.0,430.0,204
D-lachin,Lachin,district,fixed,2025,1,70.244,91.068,9.09,56.928,22.0,16.0,7
D-lankaran,Lankaran,district,fixed,2025,1,134.428,128.694,9.77,107.233,2463.0,908.0,413
D-lerik,Lerik,district,fixed,2025,1,124.517,115.106,11.95,115.338,422.0,120.0,76
D-masally,Masally,district,fixed,2025,1,126.135,113.815,9.1,88.425,2732.0,811.0,408
D-neftchala,Neftchala,district,fixed,2025,1,152.487,129.628,12.82,123.639,1034.0,395.0,205
D-oghuz,Oghuz,district,fixed,2025,1,190.467,131.7,9.59,110.342,334.0,138.0,97
D-ordubad,Ordubad,district,fixed,2025,1,11.091,13.806,29.18,11.517,11.0,6.0,3
D-qabala,Qabala,district,fixed,2025,1,137.15,125.521,9.56,98.74,1571.0,579.0,312
D-qakh,Qakh,district,fixed,2025,1,132.684,133.289,15.5,87.552,113.0,70.0,56
D-qazakh,Qazakh,district,fixed,2025,1,119.305,121.205,18.94,88.272,806.0,231.0,147
D-quba,Quba,district,fixed,2025,1,129.076,116.75,8.93,99.964,2950.0,1043.0,434
D-qubadli,Qubadli,district,fixed,2025,1,7.733,1.228,27.0,7.733,1.0,1.0,1
D-qusar,Qusar,district,fixed,2025,1,105.738,92.198,9.68,78.61,2251.0,762.0,347
D-saatly,Saatly,district,fixed,2025,1,116.176,107.303,10.5,57.979,740.0,313.0,187
D-sabirabad,Sabirabad,district,fixed,2025,1,114.458,101.162,12.19,71.536,1217.0,457.0,293
D-salyan,Salyan,district,fixed,2025,1,140.581,126.479,10.42,131.366,1514.0,529.0,265
D-samukh,Samukh,district,fixed,2025,1,107.084,106.227,14.24,103.814,1242.0,319.0,153
D-shabran,Shabran,district,fixed,2025,1,109.606,109.518,9.05,66.235,461.0,199.0,118
D-shaki,Shaki,district,fixed,2025,1,128.714,122.988,9.82,99.005,795.0,322.0,223
D-shamakhi,Shamakhi,district,fixed,2025,1,133.755,113.205,6.74,99.874,705.0,287.0,142
D-shamkir,Shamkir,district,fixed,2025,1,96.892,80.543,21.09,64.719,2666.0,901.0,452
D-sharur,Sharur,district,fixed,2025,1,27.455,25.478,8.82,20.629,17.0,13.0,6
D-shusha,Shusha,district,fixed,2025,1,61.598,197.968,17.0,61.598,1.0,1.0,1
D-siazan,Siazan,district,fixed,2025,1,124.035,96.232,8.18,102.217,525.0,116.0,49
D-tartar,Tartar,district,fixed,2025,1,130.578,145.964,14.72,105.043,1095.0,310.0,165
D-tovuz,Tovuz,district,fixed,2025,1,132.354,123.574,19.95,106.24,990.0,360.0,231
D-ujar,Ujar,district,fixed,2025,1,124.774,122.394,9.23,66.742,314.0,138.0,100
D-yardymli,Yardymli,district,fixed,2025,1,121.483,130.861,16.76,128.462,747.0,199.0,129
D-yevlakh,Yevlakh,district,fixed,2025,1,111.113,109.851,9.15,76.652,695.0,235.0,134
D-zangilan,Zangilan,district,fixed,2025,1,72.989,76.691,10.44,65.223,25.0,12.0,9
D-zaqatala,Zaqatala,district,fixed,2025,1,171.296,146.476,13.64,107.438,496.0,222.0,164
D-zardab,Zardab,district,fixed,2025,1,148.572,133.889,9.82,82.826,93.0,41.0,32
C-baku,Baku,city,fixed,2025,2,127.89,112.798,5.56,127.156,137312.0,46595.0,3187
C-ganja,Ganja,city,fixed,2025,2,106.691,99.528,26.06,103.278,4340.0,1509.0,157
C-khankendi,Khankendi,city,fixed,2025,2,168.171,167.936,8.59,145.841,17.0,11.0,3
C-lankaran,Lankaran,city,fixed,2025,2,142.007,128.301,11.44,124.367,1212.0,403.0,67
C-mingachevir,Mingachevir,city,fixed,2025,2,137.606,122.789,8.51,157.632,3213.0,768.0,88
C-nakhchivan,Nakhchivan,city,fixed,2025,2,17.141,17.258,6.8,13.304,702.0,282.0,67
C-shaki,Shaki,city,fixed,2025,2,124.567,122.727,10.71,111.775,563.0,174.0,44
C-shirvan,Shirvan,city,fixed,2025,2,185.977,119.225,7.57,181.821,1546.0,280.0,36
C-shusha,Shusha,city,fixed,2025,2,146.659,204.426,13.68,202.03,19.0,9.0,2
C-sumqayit,Sumqayit,city,fixed,2025,2,109.047,100.114,5.07,101.97,9616.0,2975.0,236
C-yevlakh,Yevlakh,city,fixed,2025,2,160.068,142.218,8.09,150.466,435.0,130.0,39
D-absheron,Absheron,district,fixed,2025,2,130.888,113.133,4.94,117.958,14226.0,4661.0,514
D-agdam,Agdam,district,fixed,2025,2,179.467,168.272,11.33,172.108,279.0,154.0,113
D-agdash,Agdash,district,fixed,2025,2,145.021,124.881,8.17,108.563,1687.0,477.0,184
D-aghjabadi,Aghjabadi,district,fixed,2025,2,182.068,143.119,11.04,129.405,915.0,298.0,184
D-agstafa,Agstafa,district,fixed,2025,2,155.525,155.258,11.46,135.489,1101.0,417.0,197
D-agsu,Agsu,district,fixed,2025,2,119.91,117.153,8.75,119.661,750.0,298.0,169
D-astara,Astara,district,fixed,2025,2,143.634,136.745,14.97,124.878,1840.0,674.0,306
D-babek,Babek,district,fixed,2025,2,11.788,12.896,7.26,10.971,350.0,141.0,88
D-balakan,Balakan,district,fixed,2025,2,140.427,107.291,10.15,140.539,944.0,330.0,216
D-barda,Barda,district,fixed,2025,2,149.139,132.715,9.34,163.632,1781.0,572.0,302
D-beylagan,Beylagan,district,fixed,2025,2,193.556,172.943,9.77,167.8,705.0,278.0,158
D-bilasuvar,Bilasuvar,district,fixed,2025,2,141.161,128.421,8.9,124.426,1282.0,375.0,208
D-dashkasan,Dashkasan,district,fixed,2025,2,206.628,200.333,11.53,162.497,339.0,146.0,65
D-fuzuli,Fuzuli,district,fixed,2025,2,209.778,166.432,9.81,199.35,439.0,189.0,123
D-gadabay,Gadabay,district,fixed,2025,2,146.984,161.818,13.24,127.71,599.0,230.0,169
D-gobustan,Gobustan,district,fixed,2025,2,152.932,176.529,6.26,120.146,466.0,101.0,70
D-goranboy,Goranboy,district,fixed,2025,2,158.342,145.893,11.72,158.504,1927.0,609.0,306
D-goychay,Goychay,district,fixed,2025,2,146.721,141.124,7.95,157.374,1449.0,517.0,232
D-goygol,Goygol,district,fixed,2025,2,147.448,142.014,21.4,120.149,2305.0,924.0,318
D-hajigabul,Hajigabul,district,fixed,2025,2,159.217,132.187,8.06,167.774,959.0,376.0,147
D-imishli,Imishli,district,fixed,2025,2,155.551,135.614,9.92,109.369,1306.0,448.0,201
D-ismailli,Ismailli,district,fixed,2025,2,148.996,127.38,9.51,85.264,755.0,293.0,179
D-jabrayil,Jabrayil,district,fixed,2025,2,63.098,100.137,9.22,192.917,9.0,4.0,3
D-jalilabad,Jalilabad,district,fixed,2025,2,162.914,149.578,12.77,161.475,1699.0,630.0,346
D-julfa,Julfa,district,fixed,2025,2,9.47,9.596,4.8,9.287,30.0,16.0,7
D-kalbajar,Kalbajar,district,fixed,2025,2,48.785,83.978,13.0,67.337,10.0,6.0,4
D-kangarli,Kangarli,district,fixed,2025,2,23.744,14.235,19.29,11.811,51.0,24.0,15
D-khachmaz,Khachmaz,district,fixed,2025,2,119.688,106.049,9.95,98.496,4111.0,1329.0,526
D-khizi,Khizi,district,fixed,2025,2,176.463,176.68,8.28,183.026,507.0,204.0,119
D-khojaly,Khojaly,district,fixed,2025,2,180.593,153.815,10.2,140.11,152.0,79.0,29
D-kurdamir,Kurdamir,district,fixed,2025,2,165.814,124.122,9.78,154.619,1044.0,340.0,180
D-lachin,Lachin,district,fixed,2025,2,85.484,63.941,20.39,47.25,28.0,24.0,13
D-lankaran,Lankaran,district,fixed,2025,2,143.06,131.577,12.26,117.755,3133.0,1014.0,427
D-lerik,Lerik,district,fixed,2025,2,189.361,182.287,10.34,194.811,1149.0,235.0,157
D-masally,Masally,district,fixed,2025,2,142.429,129.118,9.57,134.452,3607.0,1115.0,492
D-neftchala,Neftchala,district,fixed,2025,2,186.605,158.441,12.87,196.382,1271.0,520.0,235
D-oghuz,Oghuz,district,fixed,2025,2,173.721,156.909,9.71,168.525,730.0,238.0,147
D-ordubad,Ordubad,district,fixed,2025,2,12.943,13.312,21.0,11.783,7.0,6.0,5
D-qabala,Qabala,district,fixed,2025,2,143.666,121.65,9.64,104.118,1449.0,665.0,323
D-qakh,Qakh,district,fixed,2025,2,186.894,182.292,10.33,187.913,470.0,149.0,109
D-qazakh,Qazakh,district,fixed,2025,2,157.191,161.526,10.74,152.499,720.0,262.0,157
D-quba,Quba,district,fixed,2025,2,132.923,111.543,8.55,98.167,2243.0,955.0,409
D-qusar,Qusar,district,fixed,2025,2,123.551,110.133,8.3,93.922,1710.0,672.0,356
D-saatly,Saatly,district,fixed,2025,2,139.759,122.913,9.77,122.062,892.0,355.0,213
D-sabirabad,Sabirabad,district,fixed,2025,2,148.829,133.656,10.52,123.896,1171.0,456.0,306
D-sadarak,Sadarak,district,fixed,2025,2,17.919,23.225,17.0,17.919,1.0,1.0,1
D-salyan,Salyan,district,fixed,2025,2,164.232,149.773,11.69,158.799,1781.0,545.0,271
D-samukh,Samukh,district,fixed,2025,2,114.419,111.453,12.29,109.032,1090.0,364.0,163
D-shabran,Shabran,district,fixed,2025,2,166.154,157.584,7.69,129.798,505.0,214.0,118
D-shaki,Shaki,district,fixed,2025,2,139.483,121.319,9.36,127.256,1471.0,363.0,244
D-shamakhi,Shamakhi,district,fixed,2025,2,154.522,139.133,6.72,141.898,830.0,334.0,187
D-shamkir,Shamkir,district,fixed,2025,2,130.129,126.826,15.36,96.446,2074.0,932.0,480
D-sharur,Sharur,district,fixed,2025,2,16.425,18.538,5.12,15.026,8.0,5.0,4
D-shusha,Shusha,district,fixed,2025,2,35.667,126.64,22.0,35.667,2.0,2.0,1
D-siazan,Siazan,district,fixed,2025,2,130.351,111.273,6.38,124.033,911.0,185.0,79
D-tartar,Tartar,district,fixed,2025,2,176.127,186.073,10.35,181.942,1836.0,506.0,237
D-tovuz,Tovuz,district,fixed,2025,2,157.996,147.381,9.84,132.624,1007.0,398.0,250
D-ujar,Ujar,district,fixed,2025,2,157.151,145.572,10.32,165.678,395.0,179.0,108
D-yardymli,Yardymli,district,fixed,2025,2,191.073,189.251,14.29,242.622,809.0,297.0,187
D-yevlakh,Yevlakh,district,fixed,2025,2,142.443,132.227,8.62,115.162,731.0,276.0,158
D-zangilan,Zangilan,district,fixed,2025,2,77.108,72.784,22.5,43.048,36.0,21.0,14
D-zaqatala,Zaqatala,district,fixed,2025,2,175.367,157.483,12.76,171.216,635.0,279.0,191
D-zardab,Zardab,district,fixed,2025,2,195.365,166.65,8.47,71.116,129.0,53.0,43
C-baku,Baku,city,fixed,2025,3,147.572,132.616,5.26,156.511,133332.0,47921.0,3263
C-ganja,Ganja,city,fixed,2025,3,120.625,115.137,25.03,115.721,4332.0,1456.0,154
C-khankendi,Khankendi,city,fixed,2025,3,228.654,227.741,9.69,258.583,13.0,8.0,3
C-lankaran,Lankaran,city,fixed,2025,3,162.417,147.712,8.48,145.146,989.0,444.0,71
C-mingachevir,Mingachevir,city,fixed,2025,3,174.641,152.739,8.07,156.162,2451.0,640.0,90
C-nakhchivan,Nakhchivan,city,fixed,2025,3,17.228,18.807,10.0,13.053,802.0,336.0,78
C-shaki,Shaki,city,fixed,2025,3,146.313,133.234,12.27,127.377,407.0,229.0,47
C-shirvan,Shirvan,city,fixed,2025,3,190.585,174.109,7.38,204.146,1316.0,321.0,36
C-shusha,Shusha,city,fixed,2025,3,165.043,124.74,11.91,351.751,23.0,12.0,3
C-sumqayit,Sumqayit,city,fixed,2025,3,124.934,117.73,4.86,137.221,8641.0,2937.0,243
C-yevlakh,Yevlakh,city,fixed,2025,3,147.012,135.976,7.66,147.634,331.0,128.0,44
D-absheron,Absheron,district,fixed,2025,3,155.316,141.805,4.62,157.002,13298.0,4877.0,531
D-agdam,Agdam,district,fixed,2025,3,191.224,172.942,11.0,189.023,302.0,152.0,119
D-agdash,Agdash,district,fixed,2025,3,145.438,138.803,9.36,125.598,1065.0,433.0,200
D-aghjabadi,Aghjabadi,district,fixed,2025,3,257.251,215.822,9.75,241.459,993.0,358.0,226
D-agstafa,Agstafa,district,fixed,2025,3,309.926,242.367,10.77,219.342,1739.0,454.0,218
D-agsu,Agsu,district,fixed,2025,3,145.273,140.986,8.39,170.294,932.0,359.0,177
D-astara,Astara,district,fixed,2025,3,178.186,154.441,9.88,181.544,1749.0,706.0,317
D-babek,Babek,district,fixed,2025,3,13.375,15.222,11.21,12.325,266.0,124.0,77
D-balakan,Balakan,district,fixed,2025,3,148.544,118.466,10.33,131.8,861.0,354.0,236
D-barda,Barda,district,fixed,2025,3,165.858,162.128,8.86,162.894,1314.0,502.0,264
D-beylagan,Beylagan,district,fixed,2025,3,239.396,209.92,7.53,263.91,789.0,342.0,184
D-bilasuvar,Bilasuvar,district,fixed,2025,3,155.469,144.7,7.47,111.189,856.0,310.0,183
D-dashkasan,Dashkasan,district,fixed,2025,3,228.525,198.779,9.5,246.813,381.0,200.0,71
D-fuzuli,Fuzuli,district,fixed,2025,3,182.364,147.96,11.42,166.866,355.0,164.0,108
D-gadabay,Gadabay,district,fixed,2025,3,163.495,163.857,10.14,171.366,555.0,292.0,215
D-gobustan,Gobustan,district,fixed,2025,3,187.985,170.932,5.41,200.496,357.0,91.0,60
D-goranboy,Goranboy,district,fixed,2025,3,164.863,161.415,15.59,162.598,2107.0,675.0,294
D-goychay,Goychay,district,fixed,2025,3,167.446,160.371,7.37,174.02,1415.0,519.0,235
D-goygol,Goygol,district,fixed,2025,3,158.558,140.202,19.7,125.711,3101.0,1158.0,367
D-hajigabul,Hajigabul,district,fixed,2025,3,162.738,155.58,7.87,170.075,1704.0,567.0,187
D-imishli,Imishli,district,fixed,2025,3,173.43,154.983,8.52,166.868,1374.0,496.0,223
D-ismailli,Ismailli,district,fixed,2025,3,155.827,126.315,8.99,121.996,1125.0,521.0,280
D-jabrayil,Jabrayil,district,fixed,2025,3,185.566,150.375,9.0,137.314,7.0,7.0,5
D-jalilabad,Jalilabad,district,fixed,2025,3,168.247,155.115,7.92,170.192,1487.0,560.0,293
D-julfa,Julfa,district,fixed,2025,3,11.418,12.251,8.73,9.179,26.0,13.0,6
D-kalbajar,Kalbajar,district,fixed,2025,3,74.745,34.2,94.31,38.752,39.0,13.0,10
D-kangarli,Kangarli,district,fixed,2025,3,26.887,10.69,34.82,13.619,39.0,20.0,17
D-khachmaz,Khachmaz,district,fixed,2025,3,124.487,118.94,10.75,98.002,3361.0,1359.0,528
D-khizi,Khizi,district,fixed,2025,3,171.546,176.503,11.54,197.438,596.0,237.0,129
D-khojaly,Khojaly,district,fixed,2025,3,185.715,171.991,10.98,148.645,211.0,102.0,43
D-kurdamir,Kurdamir,district,fixed,2025,3,181.334,146.951,8.73,178.821,932.0,368.0,187
D-lachin,Lachin,district,fixed,2025,3,120.197,116.724,12.0,79.811,60.0,32.0,11
D-lankaran,Lankaran,district,fixed,2025,3,176.906,163.737,8.79,167.49,2865.0,1187.0,509
D-lerik,Lerik,district,fixed,2025,3,165.324,159.581,10.66,171.323,998.0,267.0,176
D-masally,Masally,district,fixed,2025,3,201.546,162.855,8.26,203.86,3436.0,1394.0,582
D-neftchala,Neftchala,district,fixed,2025,3,221.453,203.172,7.6,244.914,1531.0,717.0,315
D-oghuz,Oghuz,district,fixed,2025,3,171.996,157.176,8.48,212.958,1098.0,372.0,215
D-ordubad,Ordubad,district,fixed,2025,3,7.854,9.309,27.25,6.165,8.0,8.0,5
D-qabala,Qabala,district,fixed,2025,3,120.212,107.851,9.24,92.174,1773.0,836.0,324
D-qakh,Qakh,district,fixed,2025,3,169.171,163.346,9.74,160.67,587.0,244.0,137
D-qazakh,Qazakh,district,fixed,2025,3,158.931,147.897,10.69,160.258,626.0,267.0,160
D-quba,Quba,district,fixed,2025,3,156.98,139.482,8.44,119.047,3127.0,1207.0,517
D-qubadli,Qubadli,district,fixed,2025,3,17.962,39.467,31.0,17.962,5.0,1.0,1
D-qusar,Qusar,district,fixed,2025,3,147.079,130.418,7.99,106.887,1683.0,772.0,351
D-saatly,Saatly,district,fixed,2025,3,175.051,157.333,8.43,194.385,1304.0,442.0,269
D-sabirabad,Sabirabad,district,fixed,2025,3,151.09,133.191,9.61,148.957,1108.0,452.0,281
D-salyan,Salyan,district,fixed,2025,3,209.047,182.086,6.77,221.934,1405.0,618.0,324
D-samukh,Samukh,district,fixed,2025,3,184.881,173.023,9.1,172.869,1148.0,404.0,203
D-shabran,Shabran,district,fixed,2025,3,126.398,121.967,8.24,97.952,589.0,246.0,134
D-shahbuz,Shahbuz,district,fixed,2025,3,14.155,14.743,4.14,14.058,7.0,5.0,4
D-shaki,Shaki,district,fixed,2025,3,96.383,92.861,11.44,136.602,1849.0,387.0,255
D-shamakhi,Shamakhi,district,fixed,2025,3,142.473,144.181,6.45,144.992,1457.0,457.0,208
D-shamkir,Shamkir,district,fixed,2025,3,163.887,143.824,13.14,145.08,2408.0,1114.0,544
D-sharur,Sharur,district,fixed,2025,3,18.547,20.627,7.19,15.736,21.0,14.0,7
D-siazan,Siazan,district,fixed,2025,3,162.665,134.628,7.1,174.703,1206.0,185.0,73
D-tartar,Tartar,district,fixed,2025,3,178.97,184.15,9.71,199.296,1168.0,466.0,222
D-tovuz,Tovuz,district,fixed,2025,3,195.779,170.813,11.2,192.24,1820.0,802.0,413
D-ujar,Ujar,district,fixed,2025,3,157.489,146.898,8.14,91.529,356.0,180.0,119
D-yardymli,Yardymli,district,fixed,2025,3,182.149,157.163,9.92,235.327,732.0,264.0,167
D-yevlakh,Yevlakh,district,fixed,2025,3,132.675,136.156,9.07,93.95,674.0,266.0,150
D-zangilan,Zangilan,district,fixed,2025,3,50.02,41.396,43.5,27.526,26.0,16.0,10
D-zaqatala,Zaqatala,district,fixed,2025,3,186.658,174.088,10.42,174.264,740.0,337.0,239
D-zardab,Zardab,district,fixed,2025,3,231.554,210.422,7.52,242.345,228.0,107.0,77
C-baku,Baku,city,fixed,2025,4,180.274,157.272,4.81,193.031,169487.0,55060.0,3353
C-ganja,Ganja,city,fixed,2025,4,218.802,160.955,8.66,201.394,6886.0,2043.0,160
C-khankendi,Khankendi,city,fixed,2025,4,671.308,306.441,7.3,430.924,20.0,11.0,5
C-lankaran,Lankaran,city,fixed,2025,4,339.795,235.057,7.6,354.122,1768.0,635.0,69
C-mingachevir,Mingachevir,city,fixed,2025,4,321.744,216.148,5.92,306.762,2769.0,868.0,89
C-nakhchivan,Nakhchivan,city,fixed,2025,4,18.003,18.834,14.15,13.752,765.0,326.0,73
C-shaki,Shaki,city,fixed,2025,4,424.93,246.651,6.83,474.149,1306.0,430.0,60
C-shirvan,Shirvan,city,fixed,2025,4,218.696,163.921,6.42,225.109,1369.0,338.0,39
C-shusha,Shusha,city,fixed,2025,4,425.683,285.438,6.73,504.782,26.0,10.0,3
C-sumqayit,Sumqayit,city,fixed,2025,4,298.907,199.999,4.3,280.016,13658.0,3846.0,283
C-yevlakh,Yevlakh,city,fixed,2025,4,430.456,277.022,4.42,427.964,881.0,218.0,47
D-absheron,Absheron,district,fixed,2025,4,273.053,216.874,3.97,289.94,22481.0,6509.0,565
D-agdam,Agdam,district,fixed,2025,4,628.191,300.861,6.21,594.174,473.0,185.0,140
D-agdash,Agdash,district,fixed,2025,4,318.308,216.101,9.49,213.17,1326.0,641.0,298
D-aghjabadi,Aghjabadi,district,fixed,2025,4,363.557,226.593,7.61,291.918,1631.0,451.0,248
D-agstafa,Agstafa,district,fixed,2025,4,281.352,239.747,24.83,222.455,1681.0,484.0,221
D-agsu,Agsu,district,fixed,2025,4,491.02,273.597,5.45,430.542,1507.0,442.0,181
D-astara,Astara,district,fixed,2025,4,476.432,277.134,7.26,311.0,2399.0,1019.0,375
D-babek,Babek,district,fixed,2025,4,14.073,15.84,10.74,11.905,257.0,126.0,79
D-balakan,Balakan,district,fixed,2025,4,568.884,282.924,6.18,435.496,1338.0,486.0,259
D-barda,Barda,district,fixed,2025,4,522.462,310.425,6.73,473.129,2339.0,932.0,391
D-beylagan,Beylagan,district,fixed,2025,4,301.138,235.414,6.43,293.53,1185.0,406.0,225
D-bilasuvar,Bilasuvar,district,fixed,2025,4,416.127,268.93,5.71,271.102,1149.0,423.0,217
D-dashkasan,Dashkasan,district,fixed,2025,4,350.434,241.276,12.18,249.017,216.0,94.0,43
D-fuzuli,Fuzuli,district,fixed,2025,4,367.149,264.089,10.12,316.818,655.0,266.0,145
D-gadabay,Gadabay,district,fixed,2025,4,393.05,248.539,7.64,193.24,607.0,256.0,180
D-gobustan,Gobustan,district,fixed,2025,4,475.064,317.726,4.96,295.292,702.0,168.0,92
D-goranboy,Goranboy,district,fixed,2025,4,469.247,296.926,6.41,319.406,2820.0,1088.0,438
D-goychay,Goychay,district,fixed,2025,4,280.706,210.449,5.58,274.298,1542.0,590.0,279
D-goygol,Goygol,district,fixed,2025,4,302.869,212.859,8.01,230.793,4687.0,1708.0,441
D-hajigabul,Hajigabul,district,fixed,2025,4,307.386,231.172,6.42,234.985,2095.0,692.0,237
D-imishli,Imishli,district,fixed,2025,4,384.052,255.556,7.0,275.042,2139.0,596.0,277
D-ismailli,Ismailli,district,fixed,2025,4,665.612,380.2,4.32,559.379,1208.0,434.0,211
D-jabrayil,Jabrayil,district,fixed,2025,4,190.316,109.226,9.58,119.08,73.0,28.0,8
D-jalilabad,Jalilabad,district,fixed,2025,4,493.245,291.039,6.54,416.293,2328.0,906.0,400
D-julfa,Julfa,district,fixed,2025,4,14.529,14.578,10.63,15.345,179.0,36.0,19
D-kalbajar,Kalbajar,district,fixed,2025,4,793.986,413.694,47.23,903.921,204.0,130.0,47
D-kangarli,Kangarli,district,fixed,2025,4,37.27,28.812,28.88,13.816,83.0,19.0,14
D-khachmaz,Khachmaz,district,fixed,2025,4,350.482,234.468,6.41,227.338,5021.0,1856.0,632
D-khizi,Khizi,district,fixed,2025,4,538.661,315.189,5.48,342.568,1016.0,336.0,146
D-khojaly,Khojaly,district,fixed,2025,4,599.841,294.87,7.31,859.235,484.0,220.0,93
D-khojavend,Khojavend,district,fixed,2025,4,863.331,351.13,5.57,982.43,77.0,36.0,26
D-kurdamir,Kurdamir,district,fixed,2025,4,503.566,316.351,4.22,253.394,3459.0,515.0,246
D-lachin,Lachin,district,fixed,2025,4,683.566,380.866,6.81,730.333,59.0,41.0,17
D-lankaran,Lankaran,district,fixed,2025,4,473.747,295.526,6.83,371.044,4877.0,1937.0,571
D-lerik,Lerik,district,fixed,2025,4,580.528,336.119,5.52,546.771,1466.0,405.0,211
D-masally,Masally,district,fixed,2025,4,480.999,299.987,6.45,398.705,4662.0,2008.0,631
D-neftchala,Neftchala,district,fixed,2025,4,301.598,254.746,5.88,268.459,1251.0,552.0,273
D-oghuz,Oghuz,district,fixed,2025,4,552.463,321.034,5.37,348.715,1810.0,594.0,254
D-ordubad,Ordubad,district,fixed,2025,4,12.433,15.682,13.55,13.084,11.0,5.0,4
D-qabala,Qabala,district,fixed,2025,4,571.269,312.796,5.31,446.484,2739.0,1077.0,414
D-qakh,Qakh,district,fixed,2025,4,467.071,273.706,5.52,302.889,1185.0,414.0,213
D-qazakh,Qazakh,district,fixed,2025,4,204.106,204.445,16.29,176.095,806.0,370.0,195
D-quba,Quba,district,fixed,2025,4,374.258,243.948,5.98,249.598,3478.0,1462.0,582
D-qubadli,Qubadli,district,fixed,2025,4,60.624,43.122,20.6,46.332,20.0,6.0,4
D-qusar,Qusar,district,fixed,2025,4,429.311,266.786,5.54,276.326,2861.0,1140.0,444
D-saatly,Saatly,district,fixed,2025,4,388.108,262.312,6.55,246.01,1765.0,580.0,324
D-sabirabad,Sabirabad,district,fixed,2025,4,374.843,235.149,7.67,224.406,2007.0,714.0,403
D-salyan,Salyan,district,fixed,2025,4,364.843,266.658,5.84,285.762,2138.0,728.0,362
D-samukh,Samukh,district,fixed,2025,4,242.44,192.056,7.34,182.723,1077.0,428.0,206
D-shabran,Shabran,district,fixed,2025,4,602.266,322.87,4.88,325.417,821.0,361.0,153
D-shahbuz,Shahbuz,district,fixed,2025,4,12.933,15.265,4.6,12.052,5.0,5.0,4
D-shaki,Shaki,district,fixed,2025,4,652.758,335.191,5.33,702.371,3224.0,931.0,391
D-shamakhi,Shamakhi,district,fixed,2025,4,554.151,336.274,4.47,399.554,2050.0,580.0,219
D-shamkir,Shamkir,district,fixed,2025,4,192.215,154.727,10.11,140.19,2671.0,1081.0,518
D-sharur,Sharur,district,fixed,2025,4,28.937,29.916,7.19,20.605,52.0,18.0,7
D-shusha,Shusha,district,fixed,2025,4,783.779,477.299,4.31,771.131,16.0,9.0,6
D-siazan,Siazan,district,fixed,2025,4,372.445,276.237,5.29,332.232,1145.0,259.0,112
D-tartar,Tartar,district,fixed,2025,4,352.957,273.159,8.82,264.526,1720.0,656.0,283
D-tovuz,Tovuz,district,fixed,2025,4,279.384,221.907,19.83,228.894,1985.0,914.0,445
D-ujar,Ujar,district,fixed,2025,4,421.67,254.183,6.43,312.996,727.0,329.0,168
D-yardymli,Yardymli,district,fixed,2025,4,399.571,263.679,6.59,299.161,499.0,222.0,130
D-yevlakh,Yevlakh,district,fixed,2025,4,555.135,304.812,5.08,347.781,1415.0,587.0,254
D-zangilan,Zangilan,district,fixed,2025,4,513.741,225.517,24.53,501.855,68.0,32.0,17
D-zaqatala,Zaqatala,district,fixed,2025,4,485.632,280.265,6.33,416.864,2531.0,855.0,416
D-zardab,Zardab,district,fixed,2025,4,421.884,309.785,5.32,282.041,626.0,210.0,133
C-baku,Baku,city,fixed,2026,1,188.003,162.312,4.53,182.504,136395.0,44977.0,3159
C-ganja,Ganja,city,fixed,2026,1,306.438,191.444,6.98,285.518,6912.0,1777.0,159
C-khankendi,Khankendi,city,fixed,2026,1,583.81,288.659,7.12,585.419,8.0,7.0,3
C-lankaran,Lankaran,city,fixed,2026,1,392.334,272.373,7.84,355.796,1365.0,496.0,66
C-mingachevir,Mingachevir,city,fixed,2026,1,356.781,235.973,5.85,361.506,2475.0,730.0,87
C-nakhchivan,Nakhchivan,city,fixed,2026,1,19.18,20.347,9.0,14.0,806.0,349.0,72
C-shaki,Shaki,city,fixed,2026,1,402.832,250.755,6.14,356.954,974.0,338.0,48
C-shirvan,Shirvan,city,fixed,2026,1,328.871,236.14,5.97,356.786,1011.0,279.0,37
C-shusha,Shusha,city,fixed,2026,1,702.415,370.631,6.31,728.038,26.0,12.0,2
C-sumqayit,Sumqayit,city,fixed,2026,1,329.838,226.725,3.86,344.875,11609.0,3463.0,255
C-yevlakh,Yevlakh,city,fixed,2026,1,563.071,339.036,4.48,574.806,812.0,235.0,49
D-absheron,Absheron,district,fixed,2026,1,285.428,212.234,4.58,260.982,14899.0,5177.0,535
D-agdam,Agdam,district,fixed,2026,1,672.525,326.824,6.0,460.069,866.0,286.0,134
D-agdash,Agdash,district,fixed,2026,1,578.528,324.392,8.97,248.773,1681.0,601.0,289
D-aghjabadi,Aghjabadi,district,fixed,2026,1,624.349,346.436,6.64,279.148,1038.0,285.0,180
D-agstafa,Agstafa,district,fixed,2026,1,275.485,193.598,12.22,214.484,867.0,343.0,182
D-agsu,Agsu,district,fixed,2026,1,571.597,334.461,5.1,410.922,1368.0,309.0,142
D-astara,Astara,district,fixed,2026,1,257.153,231.606,9.26,232.7,1255.0,529.0,278
D-babek,Babek,district,fixed,2026,1,13.664,14.23,10.74,10.267,217.0,112.0,75
D-balakan,Balakan,district,fixed,2026,1,712.661,337.969,4.75,428.675,1190.0,382.0,209
D-barda,Barda,district,fixed,2026,1,720.252,359.126,5.89,613.09,2103.0,742.0,325
D-beylagan,Beylagan,district,fixed,2026,1,498.51,305.076,5.41,293.388,1476.0,332.0,196
D-bilasuvar,Bilasuvar,district,fixed,2026,1,425.084,288.854,5.88,279.9,975.0,397.0,198
D-dashkasan,Dashkasan,district,fixed,2026,1,510.446,348.674,7.63,302.225,52.0,27.0,15
D-fuzuli,Fuzuli,district,fixed,2026,1,519.393,351.309,8.4,422.45,756.0,277.0,146
D-gadabay,Gadabay,district,fixed,2026,1,586.427,310.233,5.69,273.909,544.0,235.0,159
D-gobustan,Gobustan,district,fixed,2026,1,698.82,406.316,3.86,255.458,538.0,160.0,80
D-goranboy,Goranboy,district,fixed,2026,1,464.61,272.489,6.12,282.666,2302.0,835.0,384
D-goychay,Goychay,district,fixed,2026,1,305.101,211.042,5.49,255.04,1305.0,466.0,236
D-goygol,Goygol,district,fixed,2026,1,389.592,234.364,7.35,217.05,3012.0,1154.0,358
D-hajigabul,Hajigabul,district,fixed,2026,1,517.738,319.677,5.43,289.68,1436.0,517.0,191
D-imishli,Imishli,district,fixed,2026,1,617.991,353.299,5.48,316.941,1705.0,511.0,255
D-ismailli,Ismailli,district,fixed,2026,1,724.048,403.978,4.35,611.977,1510.0,494.0,244
D-jabrayil,Jabrayil,district,fixed,2026,1,186.07,115.743,28.65,171.104,62.0,27.0,13
D-jalilabad,Jalilabad,district,fixed,2026,1,463.928,291.977,7.39,249.174,1918.0,724.0,363
D-julfa,Julfa,district,fixed,2026,1,15.682,13.622,21.19,14.091,102.0,42.0,21
D-kalbajar,Kalbajar,district,fixed,2026,1,878.495,442.989,4.31,902.169,576.0,121.0,45
D-kangarli,Kangarli,district,fixed,2026,1,13.083,14.082,7.13,13.766,102.0,23.0,15
D-khachmaz,Khachmaz,district,fixed,2026,1,458.453,287.976,5.24,286.686,5451.0,1844.0,629
D-khizi,Khizi,district,fixed,2026,1,601.763,372.964,4.65,315.747,784.0,282.0,126
D-khojaly,Khojaly,district,fixed,2026,1,614.218,334.685,6.57,376.888,386.0,151.0,66
D-khojavend,Khojavend,district,fixed,2026,1,921.179,453.093,4.47,996.934,139.0,45.0,25
D-kurdamir,Kurdamir,district,fixed,2026,1,471.39,376.581,6.32,148.551,998.0,293.0,176
D-lachin,Lachin,district,fixed,2026,1,793.151,415.299,5.06,842.854,126.0,54.0,18
D-lankaran,Lankaran,district,fixed,2026,1,485.271,317.193,7.05,325.58,3875.0,1385.0,498
D-lerik,Lerik,district,fixed,2026,1,642.069,383.22,6.38,332.45,1067.0,273.0,155
D-masally,Masally,district,fixed,2026,1,600.911,356.242,5.55,366.327,5417.0,1676.0,586
D-neftchala,Neftchala,district,fixed,2026,1,301.275,251.107,6.34,280.501,961.0,420.0,231
D-oghuz,Oghuz,district,fixed,2026,1,653.411,360.429,4.48,357.226,1540.0,471.0,222
D-ordubad,Ordubad,district,fixed,2026,1,12.111,12.714,7.86,11.798,21.0,14.0,8
D-qabala,Qabala,district,fixed,2026,1,668.746,348.668,4.76,619.579,2631.0,956.0,383
D-qakh,Qakh,district,fixed,2026,1,627.766,326.584,5.41,298.28,1396.0,363.0,172
D-qazakh,Qazakh,district,fixed,2026,1,290.252,219.066,9.88,258.327,617.0,286.0,166
D-quba,Quba,district,fixed,2026,1,469.979,294.276,5.4,292.382,3967.0,1350.0,534
D-qubadli,Qubadli,district,fixed,2026,1,1044.559,400.07,3.37,1056.937,65.0,26.0,13
D-qusar,Qusar,district,fixed,2026,1,528.465,314.96,5.32,295.999,2988.0,1087.0,415
D-saatly,Saatly,district,fixed,2026,1,650.246,373.402,5.6,345.885,2209.0,570.0,269
D-sabirabad,Sabirabad,district,fixed,2026,1,642.957,359.321,5.95,287.468,2198.0,635.0,362
D-salyan,Salyan,district,fixed,2026,1,452.483,308.697,5.12,279.123,1999.0,710.0,345
D-samukh,Samukh,district,fixed,2026,1,419.093,264.599,6.52,263.83,915.0,304.0,158
D-shabran,Shabran,district,fixed,2026,1,618.572,350.785,4.94,436.161,632.0,280.0,142
D-shahbuz,Shahbuz,district,fixed,2026,1,14.07,15.615,8.71,15.638,7.0,4.0,3
D-shaki,Shaki,district,fixed,2026,1,764.9,392.879,4.33,515.963,2817.0,630.0,330
D-shamakhi,Shamakhi,district,fixed,2026,1,630.511,375.148,4.17,484.988,2207.0,583.0,214
D-shamkir,Shamkir,district,fixed,2026,1,208.675,148.595,9.61,137.514,2471.0,933.0,468
D-sharur,Sharur,district,fixed,2026,1,18.986,20.86,6.94,14.088,131.0,58.0,27
D-shusha,Shusha,district,fixed,2026,1,856.021,430.688,3.38,842.059,37.0,12.0,5
D-siazan,Siazan,district,fixed,2026,1,466.677,308.95,4.88,313.994,1102.0,223.0,84
D-tartar,Tartar,district,fixed,2026,1,635.608,346.029,6.41,320.91,1286.0,524.0,239
D-tovuz,Tovuz,district,fixed,2026,1,311.006,224.202,10.52,251.91,1121.0,564.0,298
D-ujar,Ujar,district,fixed,2026,1,523.369,318.692,4.78,237.728,591.0,252.0,136
D-yardymli,Yardymli,district,fixed,2026,1,394.333,272.93,6.28,268.866,310.0,133.0,93
D-yevlakh,Yevlakh,district,fixed,2026,1,709.689,365.063,4.15,585.982,1265.0,466.0,222
D-zangilan,Zangilan,district,fixed,2026,1,525.506,256.947,8.1,179.511,119.0,47.0,21
D-zaqatala,Zaqatala,district,fixed,2026,1,576.028,309.65,5.88,357.836,2354.0,894.0,380
D-zardab,Zardab,district,fixed,2026,1,777.137,432.889,3.83,307.175,696.0,202.0,116
C-baku,Baku,city,fixed,2026,2,178.759,163.972,4.46,188.924,114015.0,41866.0,3208
C-ganja,Ganja,city,fixed,2026,2,207.858,155.028,7.62,190.852,4484.0,1546.0,154
C-khankendi,Khankendi,city,fixed,2026,2,764.221,363.375,6.26,836.504,34.0,13.0,4
C-lankaran,Lankaran,city,fixed,2026,2,293.595,242.223,7.96,236.42,1198.0,366.0,70
C-mingachevir,Mingachevir,city,fixed,2026,2,220.434,172.513,5.25,227.565,1446.0,470.0,80
C-nakhchivan,Nakhchivan,city,fixed,2026,2,19.086,19.108,9.01,14.566,664.0,308.0,77
C-shaki,Shaki,city,fixed,2026,2,212.516,170.675,5.57,200.831,863.0,351.0,51
C-shirvan,Shirvan,city,fixed,2026,2,246.282,216.019,6.54,274.337,1015.0,288.0,39
C-shusha,Shusha,city,fixed,2026,2,632.566,320.841,9.61,544.694,80.0,21.0,3
C-sumqayit,Sumqayit,city,fixed,2026,2,245.163,180.951,4.4,178.685,7990.0,2681.0,221
C-yevlakh,Yevlakh,city,fixed,2026,2,333.332,244.678,3.7,301.058,601.0,166.0,44
D-absheron,Absheron,district,fixed,2026,2,210.784,181.263,4.6,210.578,11427.0,4349.0,532
D-agdam,Agdam,district,fixed,2026,2,448.545,278.43,7.0,327.923,458.0,173.0,132
D-agdash,Agdash,district,fixed,2026,2,325.192,236.634,5.61,245.692,890.0,478.0,272
D-aghjabadi,Aghjabadi,district,fixed,2026,2,263.901,198.139,8.83,258.679,696.0,263.0,167
D-agstafa,Agstafa,district,fixed,2026,2,229.946,185.981,10.98,202.133,747.0,316.0,180
D-agsu,Agsu,district,fixed,2026,2,574.821,325.291,4.95,306.682,1576.0,305.0,151
D-astara,Astara,district,fixed,2026,2,212.973,189.458,9.89,261.715,1309.0,572.0,317
D-babek,Babek,district,fixed,2026,2,14.099,14.681,7.73,13.25,355.0,130.0,90
D-balakan,Balakan,district,fixed,2026,2,391.304,210.905,5.85,250.29,672.0,273.0,188
D-barda,Barda,district,fixed,2026,2,369.334,231.839,6.66,281.064,1167.0,523.0,298
D-beylagan,Beylagan,district,fixed,2026,2,193.191,178.474,7.12,247.217,1108.0,206.0,131
D-bilasuvar,Bilasuvar,district,fixed,2026,2,228.248,198.403,6.39,192.926,632.0,266.0,160
D-dashkasan,Dashkasan,district,fixed,2026,2,236.992,214.479,8.61,212.412,115.0,56.0,40
D-fuzuli,Fuzuli,district,fixed,2026,2,174.108,143.346,23.12,70.118,159.0,88.0,72
D-gadabay,Gadabay,district,fixed,2026,2,479.285,259.883,7.29,242.499,852.0,300.0,206
D-gobustan,Gobustan,district,fixed,2026,2,325.856,252.809,4.42,264.006,379.0,135.0,77
D-goranboy,Goranboy,district,fixed,2026,2,346.059,208.122,6.43,253.398,1882.0,732.0,355
D-goychay,Goychay,district,fixed,2026,2,239.496,193.18,5.63,229.782,1008.0,373.0,205
D-goygol,Goygol,district,fixed,2026,2,283.564,182.522,8.77,163.328,2606.0,1098.0,350
D-hajigabul,Hajigabul,district,fixed,2026,2,226.841,201.904,5.91,189.144,1075.0,422.0,177
D-imishli,Imishli,district,fixed,2026,2,437.275,259.622,6.51,220.576,1467.0,378.0,187
D-ismailli,Ismailli,district,fixed,2026,2,401.517,255.737,5.07,223.446,803.0,335.0,196
D-jabrayil,Jabrayil,district,fixed,2026,2,241.137,174.514,7.79,154.319,67.0,33.0,22
D-jalilabad,Jalilabad,district,fixed,2026,2,259.844,222.517,7.93,228.484,1721.0,756.0,436
D-julfa,Julfa,district,fixed,2026,2,12.994,13.276,9.69,14.89,100.0,41.0,23
D-kalbajar,Kalbajar,district,fixed,2026,2,135.764,75.326,57.44,194.108,299.0,34.0,29
D-kangarli,Kangarli,district,fixed,2026,2,23.6,15.505,25.37,13.154,46.0,26.0,19
D-khachmaz,Khachmaz,district,fixed,2026,2,301.237,227.493,5.5,221.2,3461.0,1412.0,563
D-khizi,Khizi,district,fixed,2026,2,289.877,217.319,6.44,249.264,486.0,205.0,115
D-khojaly,Khojaly,district,fixed,2026,2,694.661,320.859,7.37,507.396,550.0,164.0,72
D-khojavend,Khojavend,district,fixed,2026,2,695.043,439.791,6.53,555.653,49.0,24.0,21
D-kurdamir,Kurdamir,district,fixed,2026,2,493.302,301.394,5.29,289.344,1874.0,485.0,218
D-lachin,Lachin,district,fixed,2026,2,358.089,239.639,16.31,333.958,45.0,24.0,17
D-lankaran,Lankaran,district,fixed,2026,2,266.405,228.081,7.93,263.035,2456.0,972.0,461
D-lerik,Lerik,district,fixed,2026,2,272.065,232.384,8.4,221.819,837.0,197.0,127
D-masally,Masally,district,fixed,2026,2,243.061,206.48,7.03,216.113,2438.0,1102.0,537
D-neftchala,Neftchala,district,fixed,2026,2,418.333,257.453,5.22,274.762,1082.0,434.0,226
D-oghuz,Oghuz,district,fixed,2026,2,297.539,232.559,4.85,279.018,1035.0,362.0,214
D-ordubad,Ordubad,district,fixed,2026,2,14.248,14.968,7.07,14.312,67.0,26.0,18
D-qabala,Qabala,district,fixed,2026,2,442.396,246.959,6.31,271.432,1849.0,737.0,346
D-qakh,Qakh,district,fixed,2026,2,320.428,235.225,5.05,240.682,1262.0,412.0,218
D-qazakh,Qazakh,district,fixed,2026,2,218.076,197.32,10.15,243.818,441.0,249.0,162
D-quba,Quba,district,fixed,2026,2,338.954,216.404,5.9,184.993,2685.0,1062.0,484
D-qubadli,Qubadli,district,fixed,2026,2,746.812,400.503,3.95,784.819,44.0,14.0,14
D-qusar,Qusar,district,fixed,2026,2,386.555,239.6,5.84,200.044,1957.0,721.0,382
D-saatly,Saatly,district,fixed,2026,2,246.765,183.08,6.68,182.552,1102.0,328.0,196
D-sabirabad,Sabirabad,district,fixed,2026,2,248.455,201.681,6.61,177.446,1372.0,441.0,295
D-sadarak,Sadarak,district,fixed,2026,2,175.91,24.16,59.0,175.91,1.0,1.0,1
D-salyan,Salyan,district,fixed,2026,2,422.201,276.507,4.69,266.549,1747.0,627.0,317
D-samukh,Samukh,district,fixed,2026,2,200.243,166.717,7.52,196.72,553.0,262.0,150
D-shabran,Shabran,district,fixed,2026,2,391.238,288.716,5.96,247.167,574.0,248.0,147
D-shahbuz,Shahbuz,district,fixed,2026,2,14.116,13.566,9.83,14.198,18.0,9.0,8
D-shaki,Shaki,district,fixed,2026,2,420.093,255.359,4.98,277.464,2287.0,553.0,353
D-shamakhi,Shamakhi,district,fixed,2026,2,261.712,210.697,5.64,166.367,1197.0,402.0,180
D-shamkir,Shamkir,district,fixed,2026,2,173.992,128.894,9.73,110.72,2106.0,852.0,447
D-sharur,Sharur,district,fixed,2026,2,15.182,15.77,5.05,14.316,199.0,80.0,44
D-shusha,Shusha,district,fixed,2026,2,251.119,231.06,11.67,204.284,3.0,2.0,2
D-siazan,Siazan,district,fixed,2026,2,315.922,252.902,5.63,259.905,1017.0,172.0,73
D-tartar,Tartar,district,fixed,2026,2,342.455,261.35,8.38,307.895,672.0,347.0,211
D-tovuz,Tovuz,district,fixed,2026,2,262.226,199.247,9.7,264.234,1201.0,555.0,311
D-ujar,Ujar,district,fixed,2026,2,230.144,179.557,6.06,178.602,363.0,149.0,99
D-yardymli,Yardymli,district,fixed,2026,2,285.631,222.566,6.59,233.385,223.0,91.0,75
D-yevlakh,Yevlakh,district,fixed,2026,2,383.924,247.584,4.56,282.091,781.0,332.0,206
D-zangilan,Zangilan,district,fixed,2026,2,251.433,168.062,16.29,89.904,106.0,44.0,25
D-zaqatala,Zaqatala,district,fixed,2026,2,317.194,224.411,6.71,240.204,1344.0,643.0,355
D-zardab,Zardab,district,fixed,2026,2,313.775,263.429,4.97,286.628,434.0,210.0,134
C-baku,Baku,city,mobile,2019,1,36.597,16.638,26.23,32.376,13784.0,8433.0,1781
C-ganja,Ganja,city,mobile,2019,1,13.845,7.508,88.54,13.513,413.0,203.0,87
C-lankaran,Lankaran,city,mobile,2019,1,28.764,9.692,27.41,25.143,114.0,67.0,26
C-mingachevir,Mingachevir,city,mobile,2019,1,23.92,12.784,53.77,9.485,84.0,38.0,25
C-nakhchivan,Nakhchivan,city,mobile,2019,1,13.458,4.61,146.85,9.306,147.0,86.0,37
C-shaki,Shaki,city,mobile,2019,1,17.845,11.492,71.51,15.209,110.0,70.0,26
C-shirvan,Shirvan,city,mobile,2019,1,32.045,14.337,24.15,33.26,65.0,47.0,21
C-sumqayit,Sumqayit,city,mobile,2019,1,35.605,13.398,32.77,33.632,875.0,554.0,165
C-yevlakh,Yevlakh,city,mobile,2019,1,37.963,13.196,28.03,30.99,58.0,32.0,18
D-absheron,Absheron,district,mobile,2019,1,35.692,14.423,27.28,29.856,987.0,593.0,223
D-agdam,Agdam,district,mobile,2019,1,17.75,7.21,45.55,10.249,22.0,13.0,10
D-agdash,Agdash,district,mobile,2019,1,14.218,7.771,31.55,9.862,64.0,45.0,31
D-aghjabadi,Aghjabadi,district,mobile,2019,1,12.277,4.213,34.86,10.906,44.0,35.0,33
D-agstafa,Agstafa,district,mobile,2019,1,13.592,7.622,71.9,10.56,105.0,58.0,31
D-agsu,Agsu,district,mobile,2019,1,23.464,6.488,33.46,15.841,65.0,36.0,32
D-astara,Astara,district,mobile,2019,1,14.193,7.253,36.53,13.326,53.0,32.0,22
D-babek,Babek,district,mobile,2019,1,12.366,3.479,118.13,5.887,30.0,18.0,17
D-balakan,Balakan,district,mobile,2019,1,25.261,8.385,78.07,19.408,140.0,81.0,46
D-barda,Barda,district,mobile,2019,1,14.728,8.127,35.94,9.288,86.0,51.0,40
D-beylagan,Beylagan,district,mobile,2019,1,10.281,11.962,50.36,8.313,44.0,22.0,17
D-bilasuvar,Bilasuvar,district,mobile,2019,1,12.119,7.244,32.86,10.509,80.0,41.0,32
D-dashkasan,Dashkasan,district,mobile,2019,1,57.996,7.588,92.0,57.996,2.0,1.0,1
D-fuzuli,Fuzuli,district,mobile,2019,1,10.525,4.373,38.7,2.697,23.0,13.0,13
D-gadabay,Gadabay,district,mobile,2019,1,4.485,1.73,88.8,3.24,10.0,7.0,7
D-gobustan,Gobustan,district,mobile,2019,1,9.068,6.848,41.48,9.782,21.0,15.0,14
D-goranboy,Goranboy,district,mobile,2019,1,9.138,6.437,81.64,6.612,11.0,8.0,8
D-goychay,Goychay,district,mobile,2019,1,10.266,9.159,33.92,7.092,115.0,63.0,40
D-goygol,Goygol,district,mobile,2019,1,12.662,4.981,91.24,9.117,169.0,80.0,67
D-hajigabul,Hajigabul,district,mobile,2019,1,15.546,7.086,29.92,12.025,109.0,71.0,52
D-imishli,Imishli,district,mobile,2019,1,11.385,6.741,30.3,9.944,151.0,58.0,37
D-ismailli,Ismailli,district,mobile,2019,1,13.568,5.35,46.11,13.667,64.0,28.0,27
D-jalilabad,Jalilabad,district,mobile,2019,1,19.24,11.104,43.55,16.52,85.0,52.0,40
D-julfa,Julfa,district,mobile,2019,1,14.014,3.124,132.52,8.998,29.0,19.0,17
D-kalbajar,Kalbajar,district,mobile,2019,1,3.67,1.835,32.0,3.67,9.0,2.0,1
D-kangarli,Kangarli,district,mobile,2019,1,22.871,10.632,98.67,12.178,15.0,10.0,10
D-khachmaz,Khachmaz,district,mobile,2019,1,22.638,9.048,34.44,16.523,313.0,204.0,121
D-khizi,Khizi,district,mobile,2019,1,35.267,12.786,41.44,20.702,34.0,24.0,23
D-khojaly,Khojaly,district,mobile,2019,1,2.11,0.358,86.0,2.066,6.0,5.0,5
D-kurdamir,Kurdamir,district,mobile,2019,1,10.602,4.816,35.09,8.79,65.0,44.0,36
D-lachin,Lachin,district,mobile,2019,1,15.33,3.796,29.6,18.526,5.0,4.0,3
D-lankaran,Lankaran,district,mobile,2019,1,15.301,7.151,31.37,10.018,153.0,86.0,66
D-lerik,Lerik,district,mobile,2019,1,21.666,5.707,76.2,19.22,5.0,4.0,4
D-masally,Masally,district,mobile,2019,1,19.587,6.999,35.95,11.662,147.0,91.0,72
D-neftchala,Neftchala,district,mobile,2019,1,15.551,7.101,33.49,12.917,140.0,57.0,41
D-oghuz,Oghuz,district,mobile,2019,1,19.243,6.709,41.74,9.031,66.0,32.0,24
D-ordubad,Ordubad,district,mobile,2019,1,13.099,3.414,134.0,15.569,3.0,2.0,2
D-qabala,Qabala,district,mobile,2019,1,15.701,6.702,37.8,15.011,141.0,76.0,57
D-qakh,Qakh,district,mobile,2019,1,6.234,1.787,87.0,4.534,14.0,12.0,11
D-qazakh,Qazakh,district,mobile,2019,1,11.599,8.771,84.73,6.035,146.0,38.0,29
D-quba,Quba,district,mobile,2019,1,20.705,9.877,28.0,13.315,323.0,154.0,83
D-qubadli,Qubadli,district,mobile,2019,1,54.362,5.552,33.5,54.362,2.0,2.0,2
D-qusar,Qusar,district,mobile,2019,1,32.447,12.493,28.94,12.516,243.0,111.0,69
D-saatly,Saatly,district,mobile,2019,1,12.849,5.659,33.09,14.844,55.0,30.0,24
D-sabirabad,Sabirabad,district,mobile,2019,1,12.068,7.522,34.01,7.372,101.0,60.0,41
D-sadarak,Sadarak,district,mobile,2019,1,16.41,6.004,122.0,16.41,1.0,1.0,1
D-salyan,Salyan,district,mobile,2019,1,23.678,12.882,29.66,10.688,140.0,91.0,67
D-samukh,Samukh,district,mobile,2019,1,9.518,4.066,91.9,8.465,60.0,31.0,29
D-shabran,Shabran,district,mobile,2019,1,16.569,11.573,30.33,12.256,63.0,40.0,33
D-shahbuz,Shahbuz,district,mobile,2019,1,10.382,2.894,106.5,10.382,2.0,2.0,2
D-shaki,Shaki,district,mobile,2019,1,11.043,4.501,71.66,8.51,79.0,35.0,33
D-shamakhi,Shamakhi,district,mobile,2019,1,20.13,10.16,34.33,12.232,40.0,32.0,26
D-shamkir,Shamkir,district,mobile,2019,1,10.33,4.786,70.34,6.3,194.0,92.0,68
D-sharur,Sharur,district,mobile,2019,1,25.074,4.637,129.47,17.051,19.0,14.0,7
D-siazan,Siazan,district,mobile,2019,1,26.389,15.02,27.45,18.446,38.0,24.0,23
D-tartar,Tartar,district,mobile,2019,1,4.277,4.991,62.6,4.724,20.0,12.0,11
D-tovuz,Tovuz,district,mobile,2019,1,11.606,7.753,84.61,7.088,64.0,48.0,36
D-ujar,Ujar,district,mobile,2019,1,14.531,5.408,44.95,11.176,55.0,31.0,26
D-yardymli,Yardymli,district,mobile,2019,1,7.339,3.312,94.48,10.077,31.0,10.0,9
D-yevlakh,Yevlakh,district,mobile,2019,1,13.245,4.157,41.76,9.968,25.0,18.0,17
D-zangilan,Zangilan,district,mobile,2019,1,3.788,1.673,32.67,8.192,9.0,3.0,3
D-zaqatala,Zaqatala,district,mobile,2019,1,8.354,3.298,66.5,8.199,10.0,7.0,7
D-zardab,Zardab,district,mobile,2019,1,12.544,6.189,36.96,8.922,28.0,15.0,13
C-baku,Baku,city,mobile,2019,2,35.191,16.837,28.22,30.006,11700.0,7516.0,1768
C-ganja,Ganja,city,mobile,2019,2,13.891,8.105,95.99,10.852,340.0,184.0,86
C-lankaran,Lankaran,city,mobile,2019,2,30.215,12.58,27.06,22.076,103.0,67.0,26
C-mingachevir,Mingachevir,city,mobile,2019,2,21.591,12.072,70.8,17.266,123.0,69.0,36
C-nakhchivan,Nakhchivan,city,mobile,2019,2,14.63,4.396,134.15,10.034,175.0,99.0,41
C-shaki,Shaki,city,mobile,2019,2,23.043,11.471,77.86,18.873,86.0,51.0,23
C-shirvan,Shirvan,city,mobile,2019,2,20.717,8.742,26.53,21.183,79.0,48.0,18
C-sumqayit,Sumqayit,city,mobile,2019,2,32.367,13.831,30.7,31.02,731.0,501.0,164
C-yevlakh,Yevlakh,city,mobile,2019,2,37.279,17.519,27.42,37.47,50.0,31.0,22
D-absheron,Absheron,district,mobile,2019,2,29.975,12.689,29.37,23.958,893.0,525.0,222
D-agdam,Agdam,district,mobile,2019,2,5.06,2.004,43.36,5.321,22.0,10.0,7
D-agdash,Agdash,district,mobile,2019,2,20.614,10.803,29.37,16.087,71.0,41.0,31
D-aghjabadi,Aghjabadi,district,mobile,2019,2,11.976,4.825,39.09,9.969,53.0,20.0,18
D-agstafa,Agstafa,district,mobile,2019,2,21.291,12.15,65.55,11.388,67.0,36.0,22
D-agsu,Agsu,district,mobile,2019,2,19.452,9.13,36.02,10.87,59.0,39.0,32
D-astara,Astara,district,mobile,2019,2,13.366,6.809,31.85,13.431,62.0,36.0,29
D-babek,Babek,district,mobile,2019,2,21.78,4.065,118.17,14.118,18.0,11.0,10
D-balakan,Balakan,district,mobile,2019,2,27.405,8.929,74.36,18.134,78.0,55.0,30
D-barda,Barda,district,mobile,2019,2,18.715,10.706,33.2,12.171,97.0,59.0,47
D-beylagan,Beylagan,district,mobile,2019,2,14.043,8.199,33.46,8.39,41.0,26.0,21
D-bilasuvar,Bilasuvar,district,mobile,2019,2,36.669,14.744,44.71,23.051,56.0,34.0,26
D-dashkasan,Dashkasan,district,mobile,2019,2,16.74,15.032,98.0,16.74,2.0,2.0,2
D-fuzuli,Fuzuli,district,mobile,2019,2,20.603,7.587,44.0,3.868,4.0,4.0,4
D-gadabay,Gadabay,district,mobile,2019,2,11.039,3.482,80.38,11.486,8.0,5.0,4
D-gobustan,Gobustan,district,mobile,2019,2,26.765,7.252,33.91,26.736,35.0,19.0,19
D-goranboy,Goranboy,district,mobile,2019,2,15.763,9.899,105.62,13.014,34.0,27.0,24
D-goychay,Goychay,district,mobile,2019,2,20.706,8.414,33.23,11.742,91.0,48.0,36
D-goygol,Goygol,district,mobile,2019,2,8.854,4.76,109.41,7.74,93.0,49.0,40
D-hajigabul,Hajigabul,district,mobile,2019,2,21.853,9.007,27.95,13.817,79.0,53.0,38
D-imishli,Imishli,district,mobile,2019,2,18.771,9.533,29.71,11.957,119.0,40.0,31
D-ismailli,Ismailli,district,mobile,2019,2,10.36,4.753,47.98,6.367,66.0,39.0,36
D-jalilabad,Jalilabad,district,mobile,2019,2,13.591,7.413,33.87,11.3,165.0,71.0,56
D-julfa,Julfa,district,mobile,2019,2,15.687,3.092,152.22,9.105,18.0,14.0,13
D-kalbajar,Kalbajar,district,mobile,2019,2,8.037,2.472,27.0,8.037,1.0,1.0,1
D-kangarli,Kangarli,district,mobile,2019,2,27.758,3.676,132.56,31.443,18.0,10.0,7
D-khachmaz,Khachmaz,district,mobile,2019,2,26.037,9.703,34.71,16.973,215.0,138.0,93
D-khizi,Khizi,district,mobile,2019,2,17.712,23.708,22.97,16.102,33.0,17.0,16
D-khojaly,Khojaly,district,mobile,2019,2,1.62,0.457,186.75,2.045,16.0,9.0,5
D-kurdamir,Kurdamir,district,mobile,2019,2,19.653,6.658,36.38,7.894,34.0,25.0,24
D-lachin,Lachin,district,mobile,2019,2,1.067,1.595,28.0,1.067,2.0,2.0,2
D-lankaran,Lankaran,district,mobile,2019,2,24.338,7.685,30.11,15.228,134.0,79.0,60
D-lerik,Lerik,district,mobile,2019,2,18.112,3.715,31.83,11.9,12.0,11.0,10
D-masally,Masally,district,mobile,2019,2,21.32,9.186,30.28,17.26,130.0,84.0,67
D-neftchala,Neftchala,district,mobile,2019,2,18.177,7.153,40.58,17.646,99.0,54.0,28
D-oghuz,Oghuz,district,mobile,2019,2,34.701,15.754,27.02,16.484,42.0,16.0,12
D-ordubad,Ordubad,district,mobile,2019,2,26.657,3.557,106.12,22.147,16.0,12.0,11
D-qabala,Qabala,district,mobile,2019,2,19.1,7.704,32.22,14.81,147.0,90.0,68
D-qakh,Qakh,district,mobile,2019,2,12.133,6.196,106.17,7.938,12.0,11.0,11
D-qazakh,Qazakh,district,mobile,2019,2,8.133,5.272,87.17,3.86,35.0,24.0,20
D-quba,Quba,district,mobile,2019,2,19.118,7.801,30.91,12.588,190.0,131.0,78
D-qusar,Qusar,district,mobile,2019,2,23.008,9.016,33.95,12.178,172.0,101.0,77
D-saatly,Saatly,district,mobile,2019,2,22.108,8.79,27.1,14.309,42.0,24.0,18
D-sabirabad,Sabirabad,district,mobile,2019,2,17.875,7.975,27.02,9.447,64.0,46.0,35
D-sadarak,Sadarak,district,mobile,2019,2,15.884,4.14,129.14,7.392,7.0,7.0,7
D-salyan,Salyan,district,mobile,2019,2,21.729,9.025,29.25,16.961,136.0,72.0,51
D-samukh,Samukh,district,mobile,2019,2,9.955,3.53,70.17,5.396,24.0,18.0,17
D-shabran,Shabran,district,mobile,2019,2,21.416,12.514,25.21,16.298,86.0,43.0,28
D-shahbuz,Shahbuz,district,mobile,2019,2,38.587,5.63,128.25,36.563,8.0,4.0,3
D-shaki,Shaki,district,mobile,2019,2,17.111,6.252,88.56,13.52,48.0,42.0,36
D-shamakhi,Shamakhi,district,mobile,2019,2,18.156,10.098,28.09,14.423,46.0,40.0,31
D-shamkir,Shamkir,district,mobile,2019,2,14.628,8.32,72.41,10.495,92.0,66.0,51
D-sharur,Sharur,district,mobile,2019,2,16.39,4.165,116.71,8.587,24.0,17.0,17
D-siazan,Siazan,district,mobile,2019,2,32.996,16.888,24.47,18.681,32.0,22.0,19
D-tartar,Tartar,district,mobile,2019,2,11.24,8.774,64.09,6.141,23.0,18.0,14
D-tovuz,Tovuz,district,mobile,2019,2,17.557,9.109,76.34,7.986,53.0,44.0,37
D-ujar,Ujar,district,mobile,2019,2,20.531,6.292,29.9,17.094,21.0,19.0,17
D-yardymli,Yardymli,district,mobile,2019,2,22.076,10.353,57.07,13.522,27.0,18.0,16
D-yevlakh,Yevlakh,district,mobile,2019,2,39.356,21.977,44.05,13.207,38.0,20.0,18
D-zangilan,Zangilan,district,mobile,2019,2,5.876,2.056,29.33,5.693,3.0,3.0,3
D-zaqatala,Zaqatala,district,mobile,2019,2,14.178,3.643,104.44,9.876,16.0,13.0,11
D-zardab,Zardab,district,mobile,2019,2,5.946,3.372,57.55,3.099,44.0,9.0,7
C-baku,Baku,city,mobile,2019,3,38.52,18.431,24.65,32.926,14199.0,9386.0,2007
C-ganja,Ganja,city,mobile,2019,3,14.423,6.579,87.56,13.138,411.0,239.0,96
C-lankaran,Lankaran,city,mobile,2019,3,23.572,12.844,24.09,19.067,103.0,74.0,29
C-mingachevir,Mingachevir,city,mobile,2019,3,16.625,10.917,78.63,11.061,95.0,67.0,35
C-nakhchivan,Nakhchivan,city,mobile,2019,3,18.905,5.641,101.94,13.919,313.0,171.0,59
C-shaki,Shaki,city,mobile,2019,3,20.2,9.892,79.32,17.675,71.0,51.0,27
C-shirvan,Shirvan,city,mobile,2019,3,24.184,11.205,23.98,22.675,66.0,44.0,17
C-sumqayit,Sumqayit,city,mobile,2019,3,36.158,15.036,26.75,29.768,846.0,565.0,165
C-yevlakh,Yevlakh,city,mobile,2019,3,34.202,13.529,24.95,24.281,87.0,56.0,25
D-absheron,Absheron,district,mobile,2019,3,33.227,14.043,27.33,26.811,977.0,578.0,241
D-agdam,Agdam,district,mobile,2019,3,23.51,10.194,39.93,16.127,28.0,16.0,12
D-agdash,Agdash,district,mobile,2019,3,17.264,9.303,30.52,7.991,65.0,43.0,27
D-aghjabadi,Aghjabadi,district,mobile,2019,3,18.001,8.447,33.14,11.668,133.0,42.0,26
D-agstafa,Agstafa,district,mobile,2019,3,14.858,9.935,97.55,10.31,74.0,58.0,41
D-agsu,Agsu,district,mobile,2019,3,25.633,10.226,30.14,22.34,37.0,33.0,28
D-astara,Astara,district,mobile,2019,3,23.954,11.477,31.78,17.908,119.0,63.0,52
D-babek,Babek,district,mobile,2019,3,16.475,2.957,117.57,12.11,37.0,30.0,26
D-balakan,Balakan,district,mobile,2019,3,23.476,10.345,81.39,21.368,94.0,63.0,38
D-barda,Barda,district,mobile,2019,3,14.63,7.577,42.09,11.663,127.0,81.0,55
D-beylagan,Beylagan,district,mobile,2019,3,18.939,8.076,34.64,16.516,67.0,34.0,24
D-bilasuvar,Bilasuvar,district,mobile,2019,3,20.483,10.271,28.77,19.275,43.0,32.0,27
D-dashkasan,Dashkasan,district,mobile,2019,3,10.654,4.624,124.67,6.811,27.0,13.0,10
D-fuzuli,Fuzuli,district,mobile,2019,3,10.312,7.148,29.88,8.67,40.0,16.0,16
D-gadabay,Gadabay,district,mobile,2019,3,17.539,5.327,80.17,10.621,54.0,38.0,30
D-gobustan,Gobustan,district,mobile,2019,3,32.561,8.689,25.85,14.084,20.0,19.0,18
D-goranboy,Goranboy,district,mobile,2019,3,16.344,10.835,78.03,12.404,79.0,45.0,38
D-goychay,Goychay,district,mobile,2019,3,21.395,11.554,35.74,13.232,85.0,51.0,36
D-goygol,Goygol,district,mobile,2019,3,16.835,7.121,95.59,11.334,171.0,97.0,70
D-hajigabul,Hajigabul,district,mobile,2019,3,28.731,12.79,28.3,16.75,130.0,96.0,64
D-imishli,Imishli,district,mobile,2019,3,17.642,9.61,29.16,14.573,98.0,53.0,35
D-ismailli,Ismailli,district,mobile,2019,3,33.496,11.577,39.87,27.285,142.0,93.0,75
D-jalilabad,Jalilabad,district,mobile,2019,3,17.09,10.751,32.39,13.558,152.0,59.0,46
D-julfa,Julfa,district,mobile,2019,3,29.098,4.969,106.09,29.941,23.0,15.0,12
D-kangarli,Kangarli,district,mobile,2019,3,38.814,17.586,59.57,13.671,7.0,7.0,7
D-khachmaz,Khachmaz,district,mobile,2019,3,31.796,12.492,31.14,27.931,291.0,211.0,115
D-khizi,Khizi,district,mobile,2019,3,25.541,7.336,38.0,11.636,38.0,21.0,20
D-khojaly,Khojaly,district,mobile,2019,3,1.043,0.165,225.29,0.982,7.0,6.0,6
D-kurdamir,Kurdamir,district,mobile,2019,3,15.727,7.941,42.0,13.382,40.0,30.0,27
D-lachin,Lachin,district,mobile,2019,3,25.859,11.951,22.78,26.643,18.0,3.0,3
D-lankaran,Lankaran,district,mobile,2019,3,25.083,9.924,28.83,19.934,162.0,115.0,89
D-lerik,Lerik,district,mobile,2019,3,14.301,6.299,70.89,9.966,44.0,30.0,19
D-masally,Masally,district,mobile,2019,3,24.513,8.646,27.93,20.677,181.0,122.0,88
D-neftchala,Neftchala,district,mobile,2019,3,23.292,7.025,33.74,16.835,80.0,61.0,42
D-oghuz,Oghuz,district,mobile,2019,3,27.427,12.6,48.3,15.125,84.0,38.0,28
D-ordubad,Ordubad,district,mobile,2019,3,30.658,4.659,107.46,26.087,28.0,22.0,15
D-qabala,Qabala,district,mobile,2019,3,19.804,9.702,43.26,15.994,276.0,208.0,128
D-qakh,Qakh,district,mobile,2019,3,27.284,11.892,153.32,32.465,41.0,20.0,15
D-qazakh,Qazakh,district,mobile,2019,3,11.379,7.124,79.0,8.893,49.0,36.0,28
D-quba,Quba,district,mobile,2019,3,19.88,9.141,26.23,14.412,308.0,206.0,121
D-qubadli,Qubadli,district,mobile,2019,3,2.938,0.753,33.0,3.469,4.0,3.0,3
D-qusar,Qusar,district,mobile,2019,3,23.654,9.45,31.7,18.414,175.0,131.0,89
D-saatly,Saatly,district,mobile,2019,3,19.927,8.421,52.55,9.655,65.0,38.0,34
D-sabirabad,Sabirabad,district,mobile,2019,3,24.312,10.445,28.81,16.611,96.0,61.0,47
D-sadarak,Sadarak,district,mobile,2019,3,11.928,3.436,133.0,12.356,4.0,3.0,3
D-salyan,Salyan,district,mobile,2019,3,27.223,12.764,33.52,17.38,138.0,87.0,57
D-samukh,Samukh,district,mobile,2019,3,20.011,10.226,77.53,14.488,30.0,20.0,19
D-shabran,Shabran,district,mobile,2019,3,18.107,12.601,22.68,15.096,75.0,41.0,30
D-shahbuz,Shahbuz,district,mobile,2019,3,20.571,7.342,89.25,15.137,4.0,4.0,4
D-shaki,Shaki,district,mobile,2019,3,25.15,7.543,87.21,21.95,171.0,78.0,56
D-shamakhi,Shamakhi,district,mobile,2019,3,20.221,11.618,28.21,11.698,160.0,80.0,52
D-shamkir,Shamkir,district,mobile,2019,3,18.667,11.243,67.11,14.588,200.0,108.0,77
D-sharur,Sharur,district,mobile,2019,3,15.811,3.808,104.31,7.468,49.0,29.0,22
D-siazan,Siazan,district,mobile,2019,3,28.037,8.763,48.44,20.41,25.0,20.0,16
D-tartar,Tartar,district,mobile,2019,3,6.315,10.622,55.26,6.557,34.0,19.0,11
D-tovuz,Tovuz,district,mobile,2019,3,10.796,8.854,96.0,9.588,107.0,69.0,54
D-ujar,Ujar,district,mobile,2019,3,16.267,7.216,30.4,9.11,47.0,31.0,25
D-yardymli,Yardymli,district,mobile,2019,3,22.297,8.755,81.87,6.32,15.0,10.0,10
D-yevlakh,Yevlakh,district,mobile,2019,3,30.497,14.633,34.94,18.202,65.0,33.0,28
D-zangilan,Zangilan,district,mobile,2019,3,20.008,4.522,29.0,7.634,4.0,4.0,3
D-zaqatala,Zaqatala,district,mobile,2019,3,25.102,11.432,87.81,18.571,36.0,28.0,27
D-zardab,Zardab,district,mobile,2019,3,6.635,4.126,39.87,4.426,15.0,12.0,12
C-baku,Baku,city,mobile,2019,4,35.594,19.275,23.37,31.031,14644.0,9992.0,1857
C-ganja,Ganja,city,mobile,2019,4,16.83,7.935,82.04,14.57,468.0,280.0,102
C-lankaran,Lankaran,city,mobile,2019,4,22.679,11.433,23.88,16.167,104.0,69.0,27
C-mingachevir,Mingachevir,city,mobile,2019,4,19.867,10.872,62.91,17.335,128.0,80.0,37
C-nakhchivan,Nakhchivan,city,mobile,2019,4,13.39,4.406,46.93,10.727,326.0,166.0,48
C-shaki,Shaki,city,mobile,2019,4,22.889,9.343,81.78,17.393,50.0,39.0,19
C-shirvan,Shirvan,city,mobile,2019,4,28.894,11.357,21.41,29.475,93.0,66.0,18
C-sumqayit,Sumqayit,city,mobile,2019,4,33.419,15.444,25.7,28.706,778.0,549.0,159
C-yevlakh,Yevlakh,city,mobile,2019,4,30.943,16.621,52.44,23.68,41.0,31.0,19
D-absheron,Absheron,district,mobile,2019,4,29.128,12.846,26.06,23.567,1050.0,626.0,229
D-agdam,Agdam,district,mobile,2019,4,17.318,7.528,36.44,8.142,9.0,7.0,6
D-agdash,Agdash,district,mobile,2019,4,21.017,7.699,31.83,16.119,46.0,32.0,22
D-aghjabadi,Aghjabadi,district,mobile,2019,4,12.921,4.788,54.39,11.868,31.0,22.0,18
D-agstafa,Agstafa,district,mobile,2019,4,17.824,10.221,73.18,19.674,73.0,51.0,25
D-agsu,Agsu,district,mobile,2019,4,15.735,5.661,56.64,11.341,67.0,25.0,22
D-astara,Astara,district,mobile,2019,4,21.064,8.195,28.47,19.76,66.0,43.0,36
D-babek,Babek,district,mobile,2019,4,13.112,4.056,38.99,8.744,75.0,32.0,27
D-balakan,Balakan,district,mobile,2019,4,18.271,9.429,79.59,14.121,167.0,76.0,43
D-barda,Barda,district,mobile,2019,4,20.575,11.617,31.0,18.216,84.0,56.0,40
D-beylagan,Beylagan,district,mobile,2019,4,16.465,6.693,29.06,8.9,80.0,32.0,21
D-bilasuvar,Bilasuvar,district,mobile,2019,4,18.047,9.013,26.34,18.613,38.0,22.0,18
D-dashkasan,Dashkasan,district,mobile,2019,4,17.813,7.892,91.91,17.13,11.0,7.0,6
D-fuzuli,Fuzuli,district,mobile,2019,4,7.525,3.433,58.75,4.677,12.0,7.0,7
D-gadabay,Gadabay,district,mobile,2019,4,14.611,4.418,70.13,11.685,23.0,17.0,16
D-gobustan,Gobustan,district,mobile,2019,4,34.149,14.608,25.28,40.06,18.0,14.0,14
D-goranboy,Goranboy,district,mobile,2019,4,20.993,12.208,81.38,19.576,63.0,40.0,36
D-goychay,Goychay,district,mobile,2019,4,23.948,10.558,29.35,19.533,135.0,84.0,48
D-goygol,Goygol,district,mobile,2019,4,26.194,11.529,68.09,13.603,137.0,73.0,54
D-hajigabul,Hajigabul,district,mobile,2019,4,18.523,9.036,25.34,19.466,167.0,87.0,62
D-imishli,Imishli,district,mobile,2019,4,17.394,8.356,30.17,13.438,94.0,62.0,43
D-ismailli,Ismailli,district,mobile,2019,4,23.368,10.086,32.2,12.479,30.0,23.0,22
D-jalilabad,Jalilabad,district,mobile,2019,4,17.465,10.956,27.6,15.677,131.0,59.0,40
D-julfa,Julfa,district,mobile,2019,4,26.392,4.455,43.93,19.725,27.0,21.0,19
D-kangarli,Kangarli,district,mobile,2019,4,26.588,10.493,54.89,19.448,9.0,8.0,8
D-khachmaz,Khachmaz,district,mobile,2019,4,26.66,12.278,24.67,20.976,207.0,123.0,75
D-khizi,Khizi,district,mobile,2019,4,17.34,3.854,105.57,11.441,14.0,14.0,14
D-khojavend,Khojavend,district,mobile,2019,4,1.304,0.086,210.0,1.304,1.0,1.0,1
D-kurdamir,Kurdamir,district,mobile,2019,4,19.055,9.901,26.58,21.02,36.0,30.0,28
D-lachin,Lachin,district,mobile,2019,4,12.514,6.432,31.67,10.45,3.0,3.0,2
D-lankaran,Lankaran,district,mobile,2019,4,25.986,9.236,27.33,23.59,113.0,75.0,58
D-lerik,Lerik,district,mobile,2019,4,18.186,11.2,77.38,13.566,8.0,6.0,6
D-masally,Masally,district,mobile,2019,4,27.863,10.389,24.26,24.521,106.0,81.0,66
D-neftchala,Neftchala,district,mobile,2019,4,23.804,7.922,30.47,21.739,106.0,64.0,31
D-oghuz,Oghuz,district,mobile,2019,4,27.268,15.47,28.9,16.341,41.0,25.0,21
D-ordubad,Ordubad,district,mobile,2019,4,35.322,4.352,32.48,30.495,21.0,16.0,14
D-qabala,Qabala,district,mobile,2019,4,22.506,10.024,33.51,20.015,144.0,101.0,76
D-qakh,Qakh,district,mobile,2019,4,22.944,8.354,75.67,30.361,9.0,7.0,7
D-qazakh,Qazakh,district,mobile,2019,4,19.643,9.389,70.63,13.935,89.0,53.0,43
D-quba,Quba,district,mobile,2019,4,20.835,8.744,26.61,20.847,220.0,147.0,88
D-qusar,Qusar,district,mobile,2019,4,25.587,10.571,33.9,16.59,133.0,98.0,67
D-saatly,Saatly,district,mobile,2019,4,19.566,6.528,24.33,18.86,52.0,37.0,28
D-sabirabad,Sabirabad,district,mobile,2019,4,23.468,10.678,47.79,18.666,58.0,40.0,25
D-sadarak,Sadarak,district,mobile,2019,4,17.81,5.204,68.17,13.643,6.0,5.0,5
D-salyan,Salyan,district,mobile,2019,4,29.835,10.752,27.8,24.437,121.0,65.0,55
D-samukh,Samukh,district,mobile,2019,4,20.217,13.517,71.65,21.186,26.0,17.0,16
D-shabran,Shabran,district,mobile,2019,4,27.401,16.142,33.26,20.396,70.0,45.0,28
D-shahbuz,Shahbuz,district,mobile,2019,4,40.363,4.664,22.45,31.53,11.0,6.0,6
D-shaki,Shaki,district,mobile,2019,4,16.527,7.675,70.04,12.509,46.0,27.0,25
D-shamakhi,Shamakhi,district,mobile,2019,4,21.044,9.336,29.18,19.292,84.0,37.0,32
D-shamkir,Shamkir,district,mobile,2019,4,16.806,9.69,77.16,12.826,159.0,107.0,70
D-sharur,Sharur,district,mobile,2019,4,25.297,4.452,30.29,15.158,58.0,34.0,26
D-siazan,Siazan,district,mobile,2019,4,36.618,16.849,26.06,35.897,33.0,30.0,27
D-tartar,Tartar,district,mobile,2019,4,9.443,6.259,62.65,6.828,23.0,18.0,13
D-tovuz,Tovuz,district,mobile,2019,4,21.118,12.637,75.62,13.516,60.0,43.0,30
D-ujar,Ujar,district,mobile,2019,4,22.86,6.508,32.52,15.1,29.0,16.0,15
D-yardymli,Yardymli,district,mobile,2019,4,54.005,7.489,79.82,41.897,11.0,10.0,10
D-yevlakh,Yevlakh,district,mobile,2019,4,29.038,11.921,28.32,19.226,59.0,33.0,30
D-zangilan,Zangilan,district,mobile,2019,4,0.852,1.372,31.0,0.852,1.0,1.0,1
D-zaqatala,Zaqatala,district,mobile,2019,4,36.649,10.884,89.03,33.374,32.0,25.0,21
D-zardab,Zardab,district,mobile,2019,4,14.925,6.731,34.47,14.21,19.0,6.0,6
C-baku,Baku,city,mobile,2020,1,29.422,17.078,23.0,25.836,13773.0,9033.0,1883
C-ganja,Ganja,city,mobile,2020,1,24.253,10.274,49.47,18.649,309.0,203.0,88
C-lankaran,Lankaran,city,mobile,2020,1,22.393,11.004,25.34,15.389,65.0,52.0,28
C-mingachevir,Mingachevir,city,mobile,2020,1,29.588,14.35,28.07,26.708,59.0,43.0,27
C-nakhchivan,Nakhchivan,city,mobile,2020,1,22.973,5.032,20.78,24.29,599.0,269.0,66
C-shaki,Shaki,city,mobile,2020,1,21.957,10.978,38.94,18.596,106.0,60.0,27
C-shirvan,Shirvan,city,mobile,2020,1,28.277,16.24,21.55,22.128,78.0,52.0,20
C-sumqayit,Sumqayit,city,mobile,2020,1,30.284,15.058,24.99,28.03,786.0,526.0,153
C-yevlakh,Yevlakh,city,mobile,2020,1,20.799,10.019,25.4,16.088,45.0,29.0,15
D-absheron,Absheron,district,mobile,2020,1,29.112,13.615,26.55,24.576,1069.0,634.0,240
D-agdam,Agdam,district,mobile,2020,1,14.174,5.388,33.72,10.698,25.0,15.0,10
D-agdash,Agdash,district,mobile,2020,1,23.161,9.326,25.86,19.747,70.0,45.0,36
D-aghjabadi,Aghjabadi,district,mobile,2020,1,16.942,7.488,40.43,10.134,93.0,47.0,38
D-agstafa,Agstafa,district,mobile,2020,1,21.953,10.167,54.3,20.218,50.0,38.0,31
D-agsu,Agsu,district,mobile,2020,1,22.165,7.372,30.86,17.293,57.0,31.0,26
D-astara,Astara,district,mobile,2020,1,24.459,13.652,26.68,25.32,133.0,58.0,49
D-babek,Babek,district,mobile,2020,1,29.578,3.964,27.94,11.959,173.0,62.0,47
D-balakan,Balakan,district,mobile,2020,1,20.509,8.347,80.73,17.409,97.0,71.0,47
D-barda,Barda,district,mobile,2020,1,18.551,10.025,28.59,17.219,147.0,85.0,59
D-beylagan,Beylagan,district,mobile,2020,1,19.17,9.276,36.04,20.503,73.0,49.0,26
D-bilasuvar,Bilasuvar,district,mobile,2020,1,15.636,9.695,27.94,15.985,69.0,35.0,31
D-dashkasan,Dashkasan,district,mobile,2020,1,20.382,5.704,45.33,21.039,3.0,3.0,3
D-fuzuli,Fuzuli,district,mobile,2020,1,4.79,3.17,36.84,6.28,114.0,32.0,31
D-gadabay,Gadabay,district,mobile,2020,1,6.229,4.664,87.0,4.992,18.0,12.0,11
D-gobustan,Gobustan,district,mobile,2020,1,37.055,16.159,27.43,39.173,7.0,5.0,5
D-goranboy,Goranboy,district,mobile,2020,1,26.73,9.574,53.9,22.181,97.0,55.0,43
D-goychay,Goychay,district,mobile,2020,1,20.393,8.837,26.95,16.29,149.0,69.0,51
D-goygol,Goygol,district,mobile,2020,1,20.689,8.206,55.91,18.22,140.0,76.0,61
D-hajigabul,Hajigabul,district,mobile,2020,1,29.443,12.981,27.6,20.008,132.0,84.0,55
D-imishli,Imishli,district,mobile,2020,1,23.751,12.64,30.24,14.122,138.0,62.0,40
D-ismailli,Ismailli,district,mobile,2020,1,27.37,12.572,30.0,21.015,52.0,33.0,32
D-jabrayil,Jabrayil,district,mobile,2020,1,45.673,20.298,19.0,45.673,8.0,1.0,1
D-jalilabad,Jalilabad,district,mobile,2020,1,13.637,7.771,30.08,11.07,95.0,66.0,52
D-julfa,Julfa,district,mobile,2020,1,21.962,4.178,27.12,16.796,43.0,24.0,18
D-kangarli,Kangarli,district,mobile,2020,1,12.229,13.751,37.26,7.586,23.0,15.0,12
D-khachmaz,Khachmaz,district,mobile,2020,1,25.024,8.094,27.04,16.605,253.0,155.0,99
D-khizi,Khizi,district,mobile,2020,1,12.195,6.034,24.21,9.698,34.0,20.0,18
D-khojaly,Khojaly,district,mobile,2020,1,0.963,0.057,151.08,0.957,12.0,5.0,4
D-kurdamir,Kurdamir,district,mobile,2020,1,17.548,7.839,26.7,15.536,73.0,44.0,35
D-lachin,Lachin,district,mobile,2020,1,6.306,5.334,21.6,8.517,5.0,4.0,4
D-lankaran,Lankaran,district,mobile,2020,1,23.318,7.669,25.95,20.116,113.0,83.0,65
D-lerik,Lerik,district,mobile,2020,1,16.421,2.127,24.67,22.771,6.0,5.0,4
D-masally,Masally,district,mobile,2020,1,25.234,10.671,27.12,20.371,155.0,113.0,87
D-neftchala,Neftchala,district,mobile,2020,1,23.162,7.89,29.98,14.428,118.0,74.0,44
D-oghuz,Oghuz,district,mobile,2020,1,21.363,10.727,44.02,26.495,43.0,28.0,19
D-ordubad,Ordubad,district,mobile,2020,1,24.322,4.129,24.38,14.67,24.0,20.0,13
D-qabala,Qabala,district,mobile,2020,1,21.454,9.026,29.82,19.273,185.0,119.0,84
D-qakh,Qakh,district,mobile,2020,1,38.471,12.09,31.09,39.978,11.0,8.0,8
D-qazakh,Qazakh,district,mobile,2020,1,24.718,5.743,113.05,24.313,43.0,31.0,27
D-quba,Quba,district,mobile,2020,1,24.452,9.281,26.41,18.716,234.0,144.0,84
D-qusar,Qusar,district,mobile,2020,1,28.298,10.499,31.82,22.807,239.0,124.0,75
D-saatly,Saatly,district,mobile,2020,1,26.74,11.374,22.22,21.263,59.0,29.0,27
D-sabirabad,Sabirabad,district,mobile,2020,1,22.476,8.377,29.98,13.686,100.0,52.0,39
D-sadarak,Sadarak,district,mobile,2020,1,10.968,4.441,86.11,7.988,9.0,8.0,6
D-salyan,Salyan,district,mobile,2020,1,24.21,10.277,24.96,19.713,90.0,61.0,44
D-samukh,Samukh,district,mobile,2020,1,22.886,8.389,44.03,21.394,65.0,30.0,26
D-shabran,Shabran,district,mobile,2020,1,25.294,12.544,23.68,27.882,69.0,39.0,34
D-shahbuz,Shahbuz,district,mobile,2020,1,35.591,4.52,18.07,22.438,27.0,15.0,12
D-shaki,Shaki,district,mobile,2020,1,27.052,8.945,51.35,19.718,75.0,51.0,49
D-shamakhi,Shamakhi,district,mobile,2020,1,17.492,7.141,47.88,10.152,43.0,34.0,28
D-shamkir,Shamkir,district,mobile,2020,1,18.685,8.466,69.79,14.96,175.0,108.0,80
D-sharur,Sharur,district,mobile,2020,1,27.339,4.337,26.36,21.634,64.0,38.0,23
D-shusha,Shusha,district,mobile,2020,1,14.488,14.905,19.0,14.488,1.0,1.0,1
D-siazan,Siazan,district,mobile,2020,1,26.03,9.745,22.93,24.984,27.0,26.0,21
D-tartar,Tartar,district,mobile,2020,1,20.566,7.326,38.7,12.652,56.0,22.0,15
D-tovuz,Tovuz,district,mobile,2020,1,21.03,12.932,57.54,13.574,56.0,38.0,30
D-ujar,Ujar,district,mobile,2020,1,19.71,7.234,24.79,17.058,24.0,20.0,18
D-yardymli,Yardymli,district,mobile,2020,1,28.994,10.866,53.2,30.25,15.0,10.0,9
D-yevlakh,Yevlakh,district,mobile,2020,1,30.356,11.248,28.54,23.945,67.0,35.0,33
D-zaqatala,Zaqatala,district,mobile,2020,1,35.912,8.197,45.28,33.253,64.0,40.0,37
D-zardab,Zardab,district,mobile,2020,1,18.87,16.722,51.79,13.91,14.0,11.0,10
C-baku,Baku,city,mobile,2020,2,31.08,15.658,24.65,27.175,13312.0,7816.0,2101
C-ganja,Ganja,city,mobile,2020,2,26.93,13.122,51.74,26.2,293.0,200.0,93
C-khankendi,Khankendi,city,mobile,2020,2,0.791,0.012,78.0,0.791,1.0,1.0,1
C-lankaran,Lankaran,city,mobile,2020,2,23.858,10.049,26.2,22.438,102.0,58.0,32
C-mingachevir,Mingachevir,city,mobile,2020,2,26.517,11.573,30.76,26.909,62.0,46.0,31
C-nakhchivan,Nakhchivan,city,mobile,2020,2,22.364,5.256,21.03,21.094,359.0,192.0,59
C-shaki,Shaki,city,mobile,2020,2,27.278,10.32,36.89,28.748,115.0,56.0,27
C-shirvan,Shirvan,city,mobile,2020,2,20.179,8.44,23.02,22.152,99.0,49.0,21
C-sumqayit,Sumqayit,city,mobile,2020,2,29.669,13.171,26.62,26.66,822.0,516.0,160
C-yevlakh,Yevlakh,city,mobile,2020,2,24.612,9.847,26.87,20.84,30.0,27.0,20
D-absheron,Absheron,district,mobile,2020,2,27.373,12.209,29.36,25.869,1183.0,605.0,240
D-agdam,Agdam,district,mobile,2020,2,15.474,3.785,43.24,8.938,25.0,17.0,15
D-agdash,Agdash,district,mobile,2020,2,24.584,9.501,27.45,14.416,67.0,39.0,32
D-aghjabadi,Aghjabadi,district,mobile,2020,2,20.517,7.653,33.06,21.284,90.0,52.0,40
D-agstafa,Agstafa,district,mobile,2020,2,31.647,12.626,67.77,29.262,35.0,29.0,25
D-agsu,Agsu,district,mobile,2020,2,21.059,9.306,29.6,16.218,124.0,40.0,33
D-astara,Astara,district,mobile,2020,2,30.158,9.248,25.69,36.592,100.0,42.0,34
D-babek,Babek,district,mobile,2020,2,16.482,5.464,27.69,9.484,100.0,42.0,36
D-balakan,Balakan,district,mobile,2020,2,18.071,9.188,57.13,13.533,101.0,52.0,35
D-barda,Barda,district,mobile,2020,2,19.815,10.239,32.14,19.302,145.0,93.0,64
D-beylagan,Beylagan,district,mobile,2020,2,16.282,6.619,35.52,11.958,60.0,38.0,28
D-bilasuvar,Bilasuvar,district,mobile,2020,2,17.918,6.358,38.04,10.955,93.0,48.0,43
D-dashkasan,Dashkasan,district,mobile,2020,2,15.813,8.073,93.59,11.264,17.0,8.0,7
D-fuzuli,Fuzuli,district,mobile,2020,2,12.352,4.631,34.54,7.372,37.0,29.0,23
D-gadabay,Gadabay,district,mobile,2020,2,19.784,8.464,112.18,19.07,22.0,15.0,15
D-gobustan,Gobustan,district,mobile,2020,2,19.918,6.049,35.57,30.975,21.0,12.0,11
D-goranboy,Goranboy,district,mobile,2020,2,29.956,14.626,48.85,32.114,47.0,30.0,27
D-goychay,Goychay,district,mobile,2020,2,20.704,9.406,30.39,20.773,107.0,66.0,52
D-goygol,Goygol,district,mobile,2020,2,23.651,11.836,55.96,21.398,138.0,83.0,65
D-hajigabul,Hajigabul,district,mobile,2020,2,31.434,14.298,21.43,23.535,167.0,89.0,63
D-imishli,Imishli,district,mobile,2020,2,22.893,9.2,30.58,23.448,130.0,72.0,52
D-ismailli,Ismailli,district,mobile,2020,2,26.931,11.784,39.92,28.259,60.0,41.0,36
D-jabrayil,Jabrayil,district,mobile,2020,2,64.271,28.309,16.0,64.271,2.0,1.0,1
D-jalilabad,Jalilabad,district,mobile,2020,2,22.649,8.899,27.53,16.596,124.0,66.0,56
D-julfa,Julfa,district,mobile,2020,2,14.365,3.923,62.09,9.682,45.0,19.0,15
D-kangarli,Kangarli,district,mobile,2020,2,15.253,7.541,35.1,11.375,39.0,25.0,17
D-khachmaz,Khachmaz,district,mobile,2020,2,23.529,9.042,39.59,20.493,189.0,127.0,97
D-khizi,Khizi,district,mobile,2020,2,24.735,8.974,19.28,21.502,25.0,17.0,14
D-khojaly,Khojaly,district,mobile,2020,2,1.045,0.065,48.0,1.037,3.0,3.0,3
D-kurdamir,Kurdamir,district,mobile,2020,2,22.066,7.277,30.37,19.382,104.0,46.0,42
D-lachin,Lachin,district,mobile,2020,2,12.238,3.757,40.06,9.244,17.0,6.0,6
D-lankaran,Lankaran,district,mobile,2020,2,30.627,10.407,28.14,28.837,183.0,85.0,69
D-lerik,Lerik,district,mobile,2020,2,35.304,14.584,29.53,53.125,36.0,24.0,22
D-masally,Masally,district,mobile,2020,2,24.11,6.039,25.36,24.428,174.0,92.0,77
D-neftchala,Neftchala,district,mobile,2020,2,37.64,13.877,35.26,33.028,109.0,68.0,47
D-oghuz,Oghuz,district,mobile,2020,2,26.982,12.39,26.93,16.657,57.0,34.0,27
D-ordubad,Ordubad,district,mobile,2020,2,29.351,8.195,29.53,21.745,59.0,36.0,26
D-qabala,Qabala,district,mobile,2020,2,21.975,9.697,43.38,14.876,186.0,108.0,76
D-qakh,Qakh,district,mobile,2020,2,38.612,9.646,37.33,44.811,9.0,6.0,5
D-qazakh,Qazakh,district,mobile,2020,2,32.706,13.046,72.08,32.059,72.0,41.0,37
D-quba,Quba,district,mobile,2020,2,26.015,8.471,28.02,20.759,310.0,179.0,121
D-qubadli,Qubadli,district,mobile,2020,2,10.48,2.479,27.0,10.48,2.0,2.0,2
D-qusar,Qusar,district,mobile,2020,2,26.924,9.642,28.71,19.586,224.0,120.0,98
D-saatly,Saatly,district,mobile,2020,2,22.078,9.609,21.87,20.53,70.0,36.0,29
D-sabirabad,Sabirabad,district,mobile,2020,2,19.801,5.545,33.89,17.686,90.0,49.0,39
D-sadarak,Sadarak,district,mobile,2020,2,18.045,2.705,28.27,8.739,22.0,14.0,13
D-salyan,Salyan,district,mobile,2020,2,22.304,9.82,30.32,18.227,180.0,82.0,65
D-samukh,Samukh,district,mobile,2020,2,32.872,13.157,44.38,35.16,55.0,34.0,32
D-shabran,Shabran,district,mobile,2020,2,15.75,7.791,27.81,11.454,27.0,19.0,18
D-shahbuz,Shahbuz,district,mobile,2020,2,34.954,4.257,15.9,26.897,10.0,7.0,6
D-shaki,Shaki,district,mobile,2020,2,29.619,11.527,52.1,18.4,105.0,52.0,42
D-shamakhi,Shamakhi,district,mobile,2020,2,20.722,10.022,26.85,16.913,59.0,39.0,31
D-shamkir,Shamkir,district,mobile,2020,2,26.825,11.129,71.14,18.229,196.0,124.0,97
D-sharur,Sharur,district,mobile,2020,2,33.905,4.344,26.89,32.502,36.0,19.0,13
D-siazan,Siazan,district,mobile,2020,2,26.757,11.207,21.58,17.639,33.0,21.0,18
D-tartar,Tartar,district,mobile,2020,2,17.667,5.647,47.39,12.712,38.0,19.0,17
D-tovuz,Tovuz,district,mobile,2020,2,25.601,11.376,84.33,25.117,67.0,42.0,40
D-ujar,Ujar,district,mobile,2020,2,30.464,10.712,29.46,32.062,28.0,22.0,22
D-yardymli,Yardymli,district,mobile,2020,2,40.009,15.001,28.6,52.21,25.0,18.0,18
D-yevlakh,Yevlakh,district,mobile,2020,2,26.996,9.905,26.2,23.826,45.0,23.0,22
D-zangilan,Zangilan,district,mobile,2020,2,14.327,0.422,25.0,14.327,1.0,1.0,1
D-zaqatala,Zaqatala,district,mobile,2020,2,46.332,13.728,50.19,42.26,63.0,41.0,38
D-zardab,Zardab,district,mobile,2020,2,32.928,6.781,40.95,23.79,21.0,13.0,13
C-baku,Baku,city,mobile,2020,3,35.013,16.759,24.06,30.412,11032.0,7202.0,2027
C-ganja,Ganja,city,mobile,2020,3,26.395,13.929,65.52,19.492,151.0,108.0,70
C-khankendi,Khankendi,city,mobile,2020,3,7.083,0.546,38.62,6.519,16.0,7.0,5
C-lankaran,Lankaran,city,mobile,2020,3,29.232,15.507,23.09,30.608,70.0,55.0,23
C-mingachevir,Mingachevir,city,mobile,2020,3,36.321,21.106,34.44,28.847,27.0,22.0,13
C-nakhchivan,Nakhchivan,city,mobile,2020,3,27.651,6.223,27.65,22.535,181.0,116.0,51
C-shaki,Shaki,city,mobile,2020,3,42.002,17.587,42.52,38.654,48.0,38.0,22
C-shirvan,Shirvan,city,mobile,2020,3,24.893,9.428,23.87,23.686,62.0,34.0,16
C-sumqayit,Sumqayit,city,mobile,2020,3,37.126,14.357,25.88,35.392,616.0,414.0,150
C-yevlakh,Yevlakh,city,mobile,2020,3,26.153,12.456,25.64,22.39,28.0,24.0,11
D-absheron,Absheron,district,mobile,2020,3,32.784,12.75,26.48,26.465,843.0,512.0,227
D-agdam,Agdam,district,mobile,2020,3,24.17,15.264,32.35,25.364,23.0,14.0,10
D-agdash,Agdash,district,mobile,2020,3,30.208,13.324,30.04,28.218,55.0,37.0,31
D-aghjabadi,Aghjabadi,district,mobile,2020,3,21.305,6.983,33.02,13.91,47.0,28.0,25
D-agstafa,Agstafa,district,mobile,2020,3,24.007,8.329,49.94,20.744,52.0,39.0,31
D-agsu,Agsu,district,mobile,2020,3,23.691,9.736,34.86,16.466,57.0,35.0,28
D-astara,Astara,district,mobile,2020,3,38.281,10.151,25.28,32.555,64.0,43.0,29
D-babek,Babek,district,mobile,2020,3,20.203,3.328,21.98,7.167,50.0,25.0,19
D-balakan,Balakan,district,mobile,2020,3,19.112,6.691,62.23,13.636,73.0,45.0,35
D-barda,Barda,district,mobile,2020,3,29.749,15.875,25.61,25.71,74.0,50.0,35
D-beylagan,Beylagan,district,mobile,2020,3,22.375,8.256,29.86,12.094,43.0,29.0,24
D-bilasuvar,Bilasuvar,district,mobile,2020,3,24.624,8.505,27.57,20.589,60.0,39.0,32
D-dashkasan,Dashkasan,district,mobile,2020,3,6.267,4.037,94.9,4.128,10.0,10.0,10
D-fuzuli,Fuzuli,district,mobile,2020,3,22.211,8.137,34.88,15.155,17.0,11.0,9
D-gadabay,Gadabay,district,mobile,2020,3,26.162,5.022,51.48,21.012,21.0,19.0,18
D-gobustan,Gobustan,district,mobile,2020,3,32.58,15.885,26.88,30.749,25.0,18.0,16
D-goranboy,Goranboy,district,mobile,2020,3,34.013,12.256,50.49,19.212,41.0,26.0,23
D-goychay,Goychay,district,mobile,2020,3,28.71,9.389,37.12,33.316,78.0,48.0,38
D-goygol,Goygol,district,mobile,2020,3,26.364,13.271,60.18,24.834,66.0,42.0,35
D-hajigabul,Hajigabul,district,mobile,2020,3,30.02,10.693,24.25,12.813,88.0,68.0,49
D-imishli,Imishli,district,mobile,2020,3,23.901,7.586,26.62,16.636,64.0,44.0,36
D-ismailli,Ismailli,district,mobile,2020,3,23.777,9.134,36.26,25.361,117.0,64.0,51
D-jabrayil,Jabrayil,district,mobile,2020,3,41.498,24.168,18.45,40.856,11.0,3.0,2
D-jalilabad,Jalilabad,district,mobile,2020,3,19.727,9.237,28.9,17.045,94.0,56.0,45
D-julfa,Julfa,district,mobile,2020,3,34.146,7.259,36.22,31.632,18.0,12.0,8
D-kalbajar,Kalbajar,district,mobile,2020,3,6.112,3.466,193.0,6.112,2.0,2.0,2
D-kangarli,Kangarli,district,mobile,2020,3,12.084,8.06,47.5,12.138,22.0,12.0,12
D-khachmaz,Khachmaz,district,mobile,2020,3,27.559,9.697,28.13,25.477,189.0,130.0,89
D-khizi,Khizi,district,mobile,2020,3,37.853,12.587,29.69,27.751,32.0,25.0,22
D-khojaly,Khojaly,district,mobile,2020,3,5.07,0.681,45.95,3.844,105.0,41.0,20
D-khojavend,Khojavend,district,mobile,2020,3,7.912,1.058,37.34,8.163,79.0,10.0,8
D-kurdamir,Kurdamir,district,mobile,2020,3,27.939,10.046,26.68,19.264,72.0,37.0,35
D-lachin,Lachin,district,mobile,2020,3,12.285,2.527,77.8,7.665,5.0,3.0,3
D-lankaran,Lankaran,district,mobile,2020,3,31.927,10.074,25.75,27.764,128.0,86.0,70
D-lerik,Lerik,district,mobile,2020,3,26.525,6.212,30.81,27.948,21.0,15.0,12
D-masally,Masally,district,mobile,2020,3,27.885,8.106,28.48,22.505,126.0,78.0,69
D-neftchala,Neftchala,district,mobile,2020,3,29.052,7.133,33.42,18.87,50.0,45.0,34
D-oghuz,Oghuz,district,mobile,2020,3,29.416,8.601,32.79,26.654,43.0,28.0,21
D-ordubad,Ordubad,district,mobile,2020,3,41.131,7.743,16.64,35.582,33.0,18.0,12
D-qabala,Qabala,district,mobile,2020,3,31.249,9.677,32.99,24.89,207.0,125.0,100
D-qakh,Qakh,district,mobile,2020,3,45.948,17.071,67.88,45.967,24.0,18.0,16
D-qazakh,Qazakh,district,mobile,2020,3,25.523,9.867,53.05,20.5,41.0,30.0,26
D-quba,Quba,district,mobile,2020,3,30.538,10.163,24.55,24.552,336.0,182.0,115
D-qubadli,Qubadli,district,mobile,2020,3,1.446,0.086,43.0,1.446,2.0,1.0,1
D-qusar,Qusar,district,mobile,2020,3,27.324,11.85,29.43,24.796,180.0,110.0,83
D-saatly,Saatly,district,mobile,2020,3,30.472,12.714,27.75,30.61,57.0,40.0,33
D-sabirabad,Sabirabad,district,mobile,2020,3,28.729,8.738,24.8,24.666,65.0,40.0,31
D-sadarak,Sadarak,district,mobile,2020,3,25.145,3.725,30.0,12.936,29.0,13.0,11
D-salyan,Salyan,district,mobile,2020,3,20.867,8.59,33.61,20.506,171.0,71.0,59
D-samukh,Samukh,district,mobile,2020,3,36.105,12.262,60.91,42.936,22.0,19.0,14
D-shabran,Shabran,district,mobile,2020,3,22.145,11.189,22.38,11.503,40.0,22.0,20
D-shahbuz,Shahbuz,district,mobile,2020,3,35.804,5.553,32.12,30.751,8.0,6.0,5
D-shaki,Shaki,district,mobile,2020,3,28.487,6.469,46.31,23.437,77.0,45.0,37
D-shamakhi,Shamakhi,district,mobile,2020,3,21.5,8.534,30.75,20.997,134.0,63.0,44
D-shamkir,Shamkir,district,mobile,2020,3,24.759,10.362,54.07,22.081,128.0,84.0,70
D-sharur,Sharur,district,mobile,2020,3,34.464,4.137,61.75,16.922,36.0,14.0,13
D-siazan,Siazan,district,mobile,2020,3,22.608,7.25,31.38,13.186,58.0,22.0,20
D-tartar,Tartar,district,mobile,2020,3,24.113,15.017,69.46,22.576,26.0,16.0,12
D-tovuz,Tovuz,district,mobile,2020,3,18.719,6.248,80.98,11.837,44.0,31.0,27
D-ujar,Ujar,district,mobile,2020,3,25.413,11.009,25.77,22.652,43.0,33.0,29
D-yardymli,Yardymli,district,mobile,2020,3,25.742,12.163,25.33,30.654,6.0,5.0,3
D-yevlakh,Yevlakh,district,mobile,2020,3,29.291,12.604,25.61,21.322,23.0,19.0,19
D-zangilan,Zangilan,district,mobile,2020,3,13.23,10.433,23.0,13.23,2.0,2.0,2
D-zaqatala,Zaqatala,district,mobile,2020,3,46.227,12.57,61.92,42.747,48.0,30.0,25
D-zardab,Zardab,district,mobile,2020,3,24.016,8.847,30.5,17.409,14.0,11.0,9
C-baku,Baku,city,mobile,2020,4,32.202,16.888,24.87,28.255,7533.0,4783.0,1581
C-ganja,Ganja,city,mobile,2020,4,25.913,11.059,46.74,21.422,78.0,52.0,42
C-khankendi,Khankendi,city,mobile,2020,4,42.018,18.031,21.2,19.38,20.0,10.0,3
C-lankaran,Lankaran,city,mobile,2020,4,34.253,13.404,23.36,30.325,44.0,34.0,18
C-mingachevir,Mingachevir,city,mobile,2020,4,22.63,15.516,23.0,14.779,35.0,26.0,19
C-nakhchivan,Nakhchivan,city,mobile,2020,4,15.323,6.662,40.07,15.646,152.0,84.0,40
C-shaki,Shaki,city,mobile,2020,4,25.855,11.988,35.47,23.719,43.0,18.0,14
C-shirvan,Shirvan,city,mobile,2020,4,24.51,9.609,52.36,23.058,39.0,22.0,13
C-sumqayit,Sumqayit,city,mobile,2020,4,33.247,15.343,24.75,30.378,455.0,291.0,119
C-yevlakh,Yevlakh,city,mobile,2020,4,27.633,13.745,22.45,22.258,11.0,8.0,8
D-absheron,Absheron,district,mobile,2020,4,31.179,12.91,25.91,25.436,628.0,359.0,180
D-agdam,Agdam,district,mobile,2020,4,39.868,15.84,26.2,42.569,10.0,8.0,7
D-agdash,Agdash,district,mobile,2020,4,16.839,8.096,25.79,20.02,29.0,20.0,14
D-aghjabadi,Aghjabadi,district,mobile,2020,4,18.675,9.578,27.78,16.482,86.0,42.0,33
D-agstafa,Agstafa,district,mobile,2020,4,35.165,15.946,57.38,23.237,24.0,14.0,13
D-agsu,Agsu,district,mobile,2020,4,16.678,7.515,44.35,8.25,26.0,16.0,16
D-astara,Astara,district,mobile,2020,4,19.605,8.348,28.0,15.227,25.0,22.0,21
D-babek,Babek,district,mobile,2020,4,18.834,4.862,26.25,10.647,32.0,20.0,19
D-balakan,Balakan,district,mobile,2020,4,12.859,6.822,45.24,7.601,51.0,32.0,30
D-barda,Barda,district,mobile,2020,4,11.003,5.296,25.3,2.982,37.0,25.0,22
D-beylagan,Beylagan,district,mobile,2020,4,25.118,11.003,28.03,26.031,34.0,17.0,15
D-bilasuvar,Bilasuvar,district,mobile,2020,4,16.831,7.039,76.76,13.838,29.0,15.0,13
D-dashkasan,Dashkasan,district,mobile,2020,4,29.544,9.254,57.3,28.531,10.0,5.0,4
D-fuzuli,Fuzuli,district,mobile,2020,4,20.938,5.092,31.0,19.768,12.0,8.0,6
D-gadabay,Gadabay,district,mobile,2020,4,40.281,7.054,23.0,40.281,1.0,1.0,1
D-gobustan,Gobustan,district,mobile,2020,4,28.09,22.469,18.67,36.1,3.0,3.0,3
D-goranboy,Goranboy,district,mobile,2020,4,39.274,17.363,30.0,45.935,11.0,10.0,8
D-goychay,Goychay,district,mobile,2020,4,30.266,15.379,27.07,21.99,44.0,28.0,25
D-goygol,Goygol,district,mobile,2020,4,25.281,9.39,57.27,21.818,41.0,27.0,24
D-hajigabul,Hajigabul,district,mobile,2020,4,26.446,9.971,26.77,16.811,57.0,35.0,30
D-imishli,Imishli,district,mobile,2020,4,25.509,9.183,28.27,24.628,66.0,39.0,30
D-ismailli,Ismailli,district,mobile,2020,4,35.683,10.622,23.92,40.944,13.0,11.0,11
D-jabrayil,Jabrayil,district,mobile,2020,4,36.357,14.872,69.56,35.252,18.0,6.0,4
D-jalilabad,Jalilabad,district,mobile,2020,4,22.03,8.195,39.79,14.572,66.0,35.0,34
D-julfa,Julfa,district,mobile,2020,4,36.038,4.281,18.75,37.809,4.0,4.0,4
D-kangarli,Kangarli,district,mobile,2020,4,19.266,12.31,45.58,11.724,19.0,14.0,12
D-khachmaz,Khachmaz,district,mobile,2020,4,33.552,12.512,29.53,35.89,86.0,64.0,50
D-khizi,Khizi,district,mobile,2020,4,31.146,14.827,26.0,20.876,11.0,9.0,9
D-khojaly,Khojaly,district,mobile,2020,4,33.534,22.772,27.95,25.244,59.0,45.0,22
D-khojavend,Khojavend,district,mobile,2020,4,30.823,9.988,28.0,30.823,3.0,3.0,1
D-kurdamir,Kurdamir,district,mobile,2020,4,15.123,10.442,36.18,16.568,33.0,18.0,18
D-lachin,Lachin,district,mobile,2020,4,15.039,9.24,21.67,20.115,3.0,3.0,3
D-lankaran,Lankaran,district,mobile,2020,4,20.112,8.977,27.88,16.707,66.0,45.0,38
D-lerik,Lerik,district,mobile,2020,4,33.279,9.636,32.0,32.157,5.0,4.0,4
D-masally,Masally,district,mobile,2020,4,28.459,8.57,24.31,25.716,48.0,32.0,30
D-neftchala,Neftchala,district,mobile,2020,4,26.008,11.787,31.89,22.353,37.0,26.0,21
D-oghuz,Oghuz,district,mobile,2020,4,24.686,9.428,27.67,15.342,18.0,12.0,11
D-ordubad,Ordubad,district,mobile,2020,4,77.429,5.202,15.64,71.724,11.0,4.0,4
D-qabala,Qabala,district,mobile,2020,4,28.854,12.001,32.04,22.731,72.0,51.0,42
D-qakh,Qakh,district,mobile,2020,4,26.644,1.558,29.0,26.644,5.0,1.0,1
D-qazakh,Qazakh,district,mobile,2020,4,23.701,9.646,34.2,20.056,20.0,12.0,11
D-quba,Quba,district,mobile,2020,4,29.442,11.596,22.37,24.821,155.0,67.0,53
D-qubadli,Qubadli,district,mobile,2020,4,11.069,1.675,47.0,11.069,1.0,1.0,1
D-qusar,Qusar,district,mobile,2020,4,21.125,8.144,35.01,11.351,80.0,54.0,44
D-saatly,Saatly,district,mobile,2020,4,26.269,9.626,23.68,17.163,22.0,20.0,18
D-sabirabad,Sabirabad,district,mobile,2020,4,23.282,7.681,31.12,16.674,26.0,17.0,16
D-sadarak,Sadarak,district,mobile,2020,4,4.922,3.55,142.5,4.922,2.0,2.0,2
D-salyan,Salyan,district,mobile,2020,4,27.359,9.303,27.66,18.502,76.0,51.0,40
D-samukh,Samukh,district,mobile,2020,4,47.33,18.42,47.54,39.889,13.0,11.0,10
D-shabran,Shabran,district,mobile,2020,4,18.323,9.804,22.57,12.563,21.0,18.0,15
D-shahbuz,Shahbuz,district,mobile,2020,4,60.374,4.966,17.0,60.374,1.0,1.0,1
D-shaki,Shaki,district,mobile,2020,4,26.982,8.188,35.54,19.125,24.0,17.0,17
D-shamakhi,Shamakhi,district,mobile,2020,4,28.546,11.648,22.08,23.994,26.0,15.0,14
D-shamkir,Shamkir,district,mobile,2020,4,24.266,9.465,46.58,23.241,76.0,57.0,47
D-sharur,Sharur,district,mobile,2020,4,17.078,3.58,45.89,16.868,19.0,10.0,10
D-siazan,Siazan,district,mobile,2020,4,37.877,15.904,22.08,32.313,25.0,13.0,11
D-tartar,Tartar,district,mobile,2020,4,19.066,3.802,30.83,42.864,6.0,2.0,2
D-tovuz,Tovuz,district,mobile,2020,4,15.693,8.077,53.73,16.798,22.0,17.0,17
D-ujar,Ujar,district,mobile,2020,4,27.811,9.107,27.44,16.263,27.0,16.0,15
D-yardymli,Yardymli,district,mobile,2020,4,2.505,3.966,22.0,2.505,2.0,2.0,2
D-yevlakh,Yevlakh,district,mobile,2020,4,24.294,13.091,23.14,26.965,7.0,7.0,7
D-zangilan,Zangilan,district,mobile,2020,4,7.482,8.316,287.33,5.65,3.0,2.0,2
D-zaqatala,Zaqatala,district,mobile,2020,4,26.089,13.081,79.5,18.6,16.0,13.0,12
D-zardab,Zardab,district,mobile,2020,4,57.909,2.358,31.0,57.909,2.0,2.0,2
C-baku,Baku,city,mobile,2021,1,36.637,17.525,22.21,32.113,8812.0,5551.0,1711
C-ganja,Ganja,city,mobile,2021,1,30.801,11.475,26.27,28.523,138.0,108.0,65
C-khankendi,Khankendi,city,mobile,2021,1,19.1,12.131,32.0,8.342,56.0,31.0,8
C-lankaran,Lankaran,city,mobile,2021,1,25.84,12.819,24.35,22.802,86.0,57.0,26
C-mingachevir,Mingachevir,city,mobile,2021,1,32.631,12.395,24.36,36.081,36.0,27.0,20
C-nakhchivan,Nakhchivan,city,mobile,2021,1,12.071,4.927,32.6,11.992,119.0,80.0,38
C-shaki,Shaki,city,mobile,2021,1,30.598,14.075,22.91,26.75,45.0,33.0,20
C-shirvan,Shirvan,city,mobile,2021,1,21.863,10.131,42.27,16.838,33.0,29.0,18
C-sumqayit,Sumqayit,city,mobile,2021,1,39.109,16.507,24.0,31.926,477.0,351.0,138
C-yevlakh,Yevlakh,city,mobile,2021,1,25.04,13.338,21.71,17.136,14.0,12.0,9
D-absheron,Absheron,district,mobile,2021,1,36.327,13.806,23.94,32.354,774.0,450.0,185
D-agdam,Agdam,district,mobile,2021,1,15.098,9.21,33.8,5.498,15.0,11.0,10
D-agdash,Agdash,district,mobile,2021,1,24.291,9.155,26.0,21.052,62.0,35.0,27
D-aghjabadi,Aghjabadi,district,mobile,2021,1,23.419,9.147,28.9,22.606,77.0,30.0,25
D-agstafa,Agstafa,district,mobile,2021,1,40.428,14.905,27.37,36.247,43.0,32.0,27
D-agsu,Agsu,district,mobile,2021,1,39.622,12.68,22.52,32.84,25.0,18.0,17
D-astara,Astara,district,mobile,2021,1,31.104,7.812,27.5,19.81,52.0,34.0,30
D-babek,Babek,district,mobile,2021,1,9.057,2.824,43.07,10.633,57.0,19.0,18
D-balakan,Balakan,district,mobile,2021,1,21.973,7.478,35.22,16.59,99.0,66.0,42
D-barda,Barda,district,mobile,2021,1,13.105,7.301,25.53,12.548,103.0,59.0,37
D-beylagan,Beylagan,district,mobile,2021,1,9.721,6.894,53.94,16.01,96.0,30.0,24
D-bilasuvar,Bilasuvar,district,mobile,2021,1,22.766,9.058,28.24,24.012,41.0,21.0,18
D-dashkasan,Dashkasan,district,mobile,2021,1,29.749,12.473,42.5,29.662,4.0,4.0,4
D-fuzuli,Fuzuli,district,mobile,2021,1,19.687,6.791,32.76,12.18,25.0,19.0,18
D-gadabay,Gadabay,district,mobile,2021,1,40.388,9.788,24.47,25.276,15.0,9.0,8
D-gobustan,Gobustan,district,mobile,2021,1,40.918,11.836,21.94,33.966,17.0,8.0,7
D-goranboy,Goranboy,district,mobile,2021,1,37.784,10.176,24.78,31.458,32.0,23.0,21
D-goychay,Goychay,district,mobile,2021,1,19.509,6.1,64.12,11.596,78.0,45.0,35
D-goygol,Goygol,district,mobile,2021,1,29.38,12.186,23.65,28.223,62.0,50.0,46
D-hajigabul,Hajigabul,district,mobile,2021,1,23.883,7.315,22.92,14.957,62.0,48.0,43
D-imishli,Imishli,district,mobile,2021,1,39.137,13.778,26.9,19.896,81.0,47.0,34
D-ismailli,Ismailli,district,mobile,2021,1,29.368,8.188,26.62,25.906,34.0,27.0,26
D-jabrayil,Jabrayil,district,mobile,2021,1,21.327,9.258,26.57,21.502,7.0,4.0,4
D-jalilabad,Jalilabad,district,mobile,2021,1,14.216,9.874,37.86,11.506,103.0,57.0,47
D-julfa,Julfa,district,mobile,2021,1,18.493,3.901,20.0,18.493,3.0,1.0,1
D-kangarli,Kangarli,district,mobile,2021,1,12.586,10.232,63.67,6.614,18.0,12.0,10
D-khachmaz,Khachmaz,district,mobile,2021,1,25.564,7.707,31.7,20.95,174.0,103.0,68
D-khizi,Khizi,district,mobile,2021,1,35.163,16.468,17.62,22.811,13.0,11.0,11
D-khojaly,Khojaly,district,mobile,2021,1,17.955,18.11,26.67,16.427,255.0,160.0,37
D-khojavend,Khojavend,district,mobile,2021,1,17.931,3.854,21.0,17.931,1.0,1.0,1
D-kurdamir,Kurdamir,district,mobile,2021,1,38.408,20.262,27.92,30.367,50.0,33.0,28
D-lachin,Lachin,district,mobile,2021,1,12.428,3.18,29.2,7.095,5.0,5.0,5
D-lankaran,Lankaran,district,mobile,2021,1,25.812,9.349,29.21,21.408,131.0,62.0,54
D-lerik,Lerik,district,mobile,2021,1,21.208,5.974,22.2,17.674,5.0,4.0,4
D-masally,Masally,district,mobile,2021,1,30.112,11.595,22.29,27.48,90.0,63.0,54
D-neftchala,Neftchala,district,mobile,2021,1,36.491,10.859,23.75,22.294,67.0,39.0,30
D-oghuz,Oghuz,district,mobile,2021,1,34.116,5.235,25.65,22.905,34.0,13.0,11
D-ordubad,Ordubad,district,mobile,2021,1,16.752,3.765,18.25,20.16,4.0,4.0,4
D-qabala,Qabala,district,mobile,2021,1,26.835,10.347,26.0,18.612,119.0,64.0,47
D-qakh,Qakh,district,mobile,2021,1,48.456,14.869,38.06,53.092,18.0,12.0,12
D-qazakh,Qazakh,district,mobile,2021,1,29.747,7.79,27.21,18.631,47.0,20.0,15
D-quba,Quba,district,mobile,2021,1,26.537,8.005,26.79,23.12,158.0,105.0,78
D-qubadli,Qubadli,district,mobile,2021,1,15.809,6.872,60.62,3.079,8.0,3.0,3
D-qusar,Qusar,district,mobile,2021,1,25.652,11.497,26.36,21.163,131.0,94.0,65
D-saatly,Saatly,district,mobile,2021,1,28.462,10.699,31.79,19.176,66.0,40.0,38
D-sabirabad,Sabirabad,district,mobile,2021,1,20.901,6.777,24.78,14.665,49.0,37.0,29
D-sadarak,Sadarak,district,mobile,2021,1,14.478,4.836,19.44,14.702,9.0,5.0,5
D-salyan,Salyan,district,mobile,2021,1,22.68,8.505,27.01,13.524,139.0,72.0,62
D-samukh,Samukh,district,mobile,2021,1,28.037,3.681,31.67,23.231,30.0,16.0,15
D-shabran,Shabran,district,mobile,2021,1,32.887,11.518,26.72,31.582,25.0,21.0,16
D-shahbuz,Shahbuz,district,mobile,2021,1,19.453,5.255,15.38,18.78,8.0,4.0,4
D-shaki,Shaki,district,mobile,2021,1,29.974,10.185,35.06,24.564,52.0,37.0,34
D-shamakhi,Shamakhi,district,mobile,2021,1,22.052,6.634,42.34,24.667,53.0,28.0,25
D-shamkir,Shamkir,district,mobile,2021,1,28.996,9.119,26.39,29.268,152.0,84.0,65
D-sharur,Sharur,district,mobile,2021,1,15.709,4.665,15.13,17.923,15.0,15.0,10
D-siazan,Siazan,district,mobile,2021,1,42.522,14.25,22.77,43.378,13.0,9.0,8
D-tartar,Tartar,district,mobile,2021,1,25.501,7.474,96.06,25.739,33.0,19.0,18
D-tovuz,Tovuz,district,mobile,2021,1,18.695,6.569,26.81,18.602,47.0,32.0,28
D-ujar,Ujar,district,mobile,2021,1,23.058,10.8,25.11,25.76,18.0,15.0,13
D-yardymli,Yardymli,district,mobile,2021,1,20.421,3.678,26.75,7.002,4.0,3.0,3
D-yevlakh,Yevlakh,district,mobile,2021,1,28.119,6.468,22.74,34.17,35.0,9.0,8
D-zangilan,Zangilan,district,mobile,2021,1,16.823,3.834,25.67,5.613,3.0,3.0,3
D-zaqatala,Zaqatala,district,mobile,2021,1,37.356,9.309,27.39,34.319,38.0,22.0,21
D-zardab,Zardab,district,mobile,2021,1,24.885,7.292,27.72,21.573,18.0,11.0,9
C-baku,Baku,city,mobile,2021,2,37.988,17.129,21.16,33.359,8199.0,5391.0,1743
C-ganja,Ganja,city,mobile,2021,2,33.29,13.971,22.58,28.814,140.0,110.0,62
C-khankendi,Khankendi,city,mobile,2021,2,10.947,3.222,39.1,10.04,40.0,17.0,5
C-lankaran,Lankaran,city,mobile,2021,2,27.644,14.389,28.1,28.252,132.0,69.0,27
C-mingachevir,Mingachevir,city,mobile,2021,2,34.874,12.679,25.83,32.51,66.0,43.0,29
C-nakhchivan,Nakhchivan,city,mobile,2021,2,12.013,4.402,20.07,13.556,181.0,92.0,36
C-shaki,Shaki,city,mobile,2021,2,21.761,7.629,24.99,16.974,89.0,53.0,24
C-shirvan,Shirvan,city,mobile,2021,2,25.276,10.202,21.53,16.943,30.0,24.0,13
C-sumqayit,Sumqayit,city,mobile,2021,2,37.623,15.57,23.16,34.048,434.0,317.0,138
C-yevlakh,Yevlakh,city,mobile,2021,2,24.475,8.076,26.05,13.456,20.0,14.0,12
D-absheron,Absheron,district,mobile,2021,2,35.333,13.665,21.93,28.577,677.0,452.0,211
D-agdam,Agdam,district,mobile,2021,2,25.415,9.578,28.76,30.523,41.0,27.0,17
D-agdash,Agdash,district,mobile,2021,2,20.515,7.749,24.61,16.157,69.0,48.0,42
D-aghjabadi,Aghjabadi,district,mobile,2021,2,18.958,8.708,37.63,11.97,91.0,47.0,41
D-agstafa,Agstafa,district,mobile,2021,2,40.232,12.454,30.18,38.579,38.0,34.0,26
D-agsu,Agsu,district,mobile,2021,2,22.069,5.921,25.0,22.674,33.0,25.0,22
D-astara,Astara,district,mobile,2021,2,26.803,6.932,23.3,24.31,44.0,31.0,26
D-babek,Babek,district,mobile,2021,2,12.591,3.539,47.21,10.801,47.0,31.0,25
D-balakan,Balakan,district,mobile,2021,2,27.406,8.347,30.34,25.09,104.0,57.0,35
D-barda,Barda,district,mobile,2021,2,19.621,8.117,29.66,15.836,145.0,99.0,70
D-beylagan,Beylagan,district,mobile,2021,2,17.234,7.317,31.58,10.082,60.0,33.0,30
D-bilasuvar,Bilasuvar,district,mobile,2021,2,24.504,10.271,34.14,21.415,35.0,25.0,21
D-dashkasan,Dashkasan,district,mobile,2021,2,28.988,3.41,21.83,34.02,6.0,6.0,6
D-fuzuli,Fuzuli,district,mobile,2021,2,16.411,6.775,60.64,10.008,47.0,31.0,29
D-gadabay,Gadabay,district,mobile,2021,2,26.006,8.419,24.62,23.308,26.0,19.0,14
D-gobustan,Gobustan,district,mobile,2021,2,35.427,6.903,24.38,26.219,13.0,12.0,11
D-goranboy,Goranboy,district,mobile,2021,2,32.526,13.075,23.2,29.952,40.0,28.0,23
D-goychay,Goychay,district,mobile,2021,2,24.394,8.546,27.63,16.091,60.0,45.0,39
D-goygol,Goygol,district,mobile,2021,2,38.613,13.483,23.35,30.458,101.0,71.0,59
D-hajigabul,Hajigabul,district,mobile,2021,2,30.653,9.603,20.59,21.628,125.0,57.0,46
D-imishli,Imishli,district,mobile,2021,2,39.059,11.127,28.14,26.113,65.0,45.0,30
D-ismailli,Ismailli,district,mobile,2021,2,40.342,9.597,40.36,36.556,61.0,44.0,35
D-jabrayil,Jabrayil,district,mobile,2021,2,69.279,14.688,28.2,36.668,5.0,4.0,4
D-jalilabad,Jalilabad,district,mobile,2021,2,19.219,7.312,25.49,17.542,61.0,38.0,38
D-julfa,Julfa,district,mobile,2021,2,17.308,4.231,17.53,19.26,19.0,16.0,10
D-kalbajar,Kalbajar,district,mobile,2021,2,32.194,30.278,30.0,32.194,1.0,1.0,1
D-kangarli,Kangarli,district,mobile,2021,2,13.951,6.6,20.54,16.934,13.0,11.0,10
D-khachmaz,Khachmaz,district,mobile,2021,2,28.156,8.828,32.43,23.41,178.0,119.0,92
D-khizi,Khizi,district,mobile,2021,2,27.459,13.369,22.3,17.55,23.0,17.0,15
D-khojaly,Khojaly,district,mobile,2021,2,25.255,5.481,28.55,19.252,125.0,71.0,29
D-khojavend,Khojavend,district,mobile,2021,2,11.663,1.557,24.0,11.663,1.0,1.0,1
D-kurdamir,Kurdamir,district,mobile,2021,2,45.062,16.818,24.47,24.468,43.0,28.0,26
D-lankaran,Lankaran,district,mobile,2021,2,23.374,8.067,27.9,18.282,130.0,76.0,58
D-lerik,Lerik,district,mobile,2021,2,30.849,7.54,26.62,28.816,34.0,27.0,24
D-masally,Masally,district,mobile,2021,2,25.906,7.955,30.5,14.613,107.0,69.0,63
D-neftchala,Neftchala,district,mobile,2021,2,41.444,10.081,29.58,35.249,64.0,45.0,38
D-oghuz,Oghuz,district,mobile,2021,2,29.949,12.494,24.41,27.604,27.0,20.0,15
D-ordubad,Ordubad,district,mobile,2021,2,20.707,6.312,18.67,22.134,6.0,6.0,6
D-qabala,Qabala,district,mobile,2021,2,30.449,8.538,26.95,24.735,160.0,96.0,76
D-qakh,Qakh,district,mobile,2021,2,34.95,9.236,27.31,32.056,16.0,12.0,12
D-qazakh,Qazakh,district,mobile,2021,2,18.935,4.428,29.97,18.354,31.0,20.0,15
D-quba,Quba,district,mobile,2021,2,26.102,9.374,30.03,21.234,151.0,94.0,80
D-qubadli,Qubadli,district,mobile,2021,2,6.31,0.378,36.0,6.31,1.0,1.0,1
D-qusar,Qusar,district,mobile,2021,2,25.491,7.002,27.41,25.836,93.0,69.0,55
D-saatly,Saatly,district,mobile,2021,2,29.188,9.368,31.9,20.231,50.0,32.0,25
D-sabirabad,Sabirabad,district,mobile,2021,2,24.6,6.389,26.38,19.582,53.0,36.0,32
D-sadarak,Sadarak,district,mobile,2021,2,9.767,2.878,21.31,8.331,13.0,7.0,7
D-salyan,Salyan,district,mobile,2021,2,23.762,7.704,25.47,21.174,100.0,60.0,52
D-samukh,Samukh,district,mobile,2021,2,35.856,8.2,23.85,32.889,20.0,14.0,13
D-shabran,Shabran,district,mobile,2021,2,20.431,9.222,27.74,17.095,42.0,30.0,25
D-shahbuz,Shahbuz,district,mobile,2021,2,13.237,5.636,14.0,13.237,1.0,1.0,1
D-shaki,Shaki,district,mobile,2021,2,29.13,8.832,24.89,22.546,64.0,48.0,41
D-shamakhi,Shamakhi,district,mobile,2021,2,27.222,8.833,25.47,25.664,45.0,38.0,32
D-shamkir,Shamkir,district,mobile,2021,2,25.028,9.105,25.32,20.734,156.0,88.0,73
D-sharur,Sharur,district,mobile,2021,2,15.978,4.507,20.69,21.631,26.0,20.0,15
D-siazan,Siazan,district,mobile,2021,2,23.825,5.145,24.52,17.748,21.0,18.0,16
D-tartar,Tartar,district,mobile,2021,2,53.343,16.322,22.59,37.824,22.0,8.0,8
D-tovuz,Tovuz,district,mobile,2021,2,23.111,6.35,26.4,15.032,53.0,33.0,30
D-ujar,Ujar,district,mobile,2021,2,34.311,13.611,25.68,38.758,41.0,29.0,28
D-yardymli,Yardymli,district,mobile,2021,2,28.181,12.514,23.67,27.79,15.0,10.0,10
D-yevlakh,Yevlakh,district,mobile,2021,2,34.39,7.316,33.56,22.724,18.0,15.0,15
D-zangilan,Zangilan,district,mobile,2021,2,9.966,12.207,24.0,9.966,2.0,2.0,1
D-zaqatala,Zaqatala,district,mobile,2021,2,31.714,7.115,28.41,28.962,22.0,16.0,14
D-zardab,Zardab,district,mobile,2021,2,30.208,5.83,28.8,35.065,15.0,9.0,9
C-baku,Baku,city,mobile,2021,3,40.414,17.413,21.87,33.568,7945.0,5420.0,1819
C-ganja,Ganja,city,mobile,2021,3,31.598,11.202,40.09,25.907,116.0,89.0,61
C-khankendi,Khankendi,city,mobile,2021,3,14.626,4.966,30.12,9.245,24.0,12.0,4
C-lankaran,Lankaran,city,mobile,2021,3,23.732,10.893,28.33,23.726,90.0,60.0,31
C-mingachevir,Mingachevir,city,mobile,2021,3,32.652,10.414,25.92,25.348,38.0,33.0,26
C-nakhchivan,Nakhchivan,city,mobile,2021,3,15.639,4.147,23.7,15.702,67.0,61.0,30
C-shaki,Shaki,city,mobile,2021,3,15.643,7.28,41.56,12.966,93.0,51.0,28
C-shirvan,Shirvan,city,mobile,2021,3,25.279,11.895,24.62,22.522,29.0,25.0,16
C-sumqayit,Sumqayit,city,mobile,2021,3,35.702,13.264,21.65,34.282,447.0,315.0,129
C-yevlakh,Yevlakh,city,mobile,2021,3,38.539,17.915,26.64,25.193,11.0,10.0,8
D-absheron,Absheron,district,mobile,2021,3,39.003,13.865,24.97,34.817,642.0,427.0,216
D-agdam,Agdam,district,mobile,2021,3,17.343,6.514,40.48,5.489,29.0,19.0,17
D-agdash,Agdash,district,mobile,2021,3,20.702,7.703,37.33,15.776,73.0,57.0,48
D-aghjabadi,Aghjabadi,district,mobile,2021,3,14.506,5.188,29.67,6.501,55.0,36.0,32
D-agstafa,Agstafa,district,mobile,2021,3,29.185,9.151,48.11,18.957,27.0,23.0,21
D-agsu,Agsu,district,mobile,2021,3,33.317,14.515,27.27,26.613,49.0,24.0,21
D-astara,Astara,district,mobile,2021,3,26.295,9.049,27.49,18.664,49.0,32.0,28
D-babek,Babek,district,mobile,2021,3,11.033,4.141,30.11,9.563,37.0,30.0,29
D-balakan,Balakan,district,mobile,2021,3,16.393,6.549,40.19,12.508,118.0,53.0,33
D-barda,Barda,district,mobile,2021,3,15.54,5.681,35.36,12.206,122.0,65.0,39
D-beylagan,Beylagan,district,mobile,2021,3,31.684,9.656,27.43,15.415,63.0,34.0,28
D-bilasuvar,Bilasuvar,district,mobile,2021,3,31.528,10.423,27.76,12.857,33.0,27.0,24
D-dashkasan,Dashkasan,district,mobile,2021,3,33.4,6.947,24.46,19.039,13.0,9.0,8
D-fuzuli,Fuzuli,district,mobile,2021,3,17.172,5.339,34.35,8.6,26.0,20.0,20
D-gadabay,Gadabay,district,mobile,2021,3,30.991,7.967,47.34,23.439,29.0,22.0,19
D-gobustan,Gobustan,district,mobile,2021,3,41.669,13.55,21.52,35.748,29.0,25.0,22
D-goranboy,Goranboy,district,mobile,2021,3,37.926,11.12,42.37,14.289,27.0,21.0,19
D-goychay,Goychay,district,mobile,2021,3,38.29,13.711,27.08,25.684,52.0,37.0,30
D-goygol,Goygol,district,mobile,2021,3,24.997,8.826,43.56,20.076,85.0,69.0,60
D-hajigabul,Hajigabul,district,mobile,2021,3,33.351,10.718,25.19,23.172,84.0,60.0,52
D-imishli,Imishli,district,mobile,2021,3,35.422,9.846,24.82,17.848,65.0,41.0,35
D-ismailli,Ismailli,district,mobile,2021,3,29.792,9.271,26.89,28.468,89.0,62.0,50
D-jabrayil,Jabrayil,district,mobile,2021,3,18.0,3.872,30.5,15.818,4.0,2.0,2
D-jalilabad,Jalilabad,district,mobile,2021,3,19.576,11.362,23.29,13.34,83.0,47.0,40
D-julfa,Julfa,district,mobile,2021,3,11.946,2.361,30.76,13.576,21.0,10.0,8
D-kalbajar,Kalbajar,district,mobile,2021,3,33.913,21.115,55.5,33.913,2.0,2.0,2
D-kangarli,Kangarli,district,mobile,2021,3,16.741,4.217,20.5,16.741,2.0,2.0,2
D-khachmaz,Khachmaz,district,mobile,2021,3,25.322,9.526,26.54,23.657,341.0,179.0,124
D-khizi,Khizi,district,mobile,2021,3,16.56,10.467,20.42,12.88,12.0,10.0,10
D-khojaly,Khojaly,district,mobile,2021,3,26.364,9.262,33.06,21.358,125.0,72.0,27
D-khojavend,Khojavend,district,mobile,2021,3,48.181,13.833,20.6,42.068,5.0,5.0,5
D-kurdamir,Kurdamir,district,mobile,2021,3,41.823,14.255,23.14,28.97,29.0,22.0,22
D-lachin,Lachin,district,mobile,2021,3,15.216,1.88,25.5,15.216,2.0,2.0,2
D-lankaran,Lankaran,district,mobile,2021,3,31.147,11.98,28.03,29.056,115.0,69.0,52
D-lerik,Lerik,district,mobile,2021,3,30.226,8.825,25.56,27.082,25.0,18.0,16
D-masally,Masally,district,mobile,2021,3,26.832,9.231,24.29,19.09,92.0,62.0,56
D-neftchala,Neftchala,district,mobile,2021,3,26.967,7.749,27.65,21.662,54.0,42.0,28
D-oghuz,Oghuz,district,mobile,2021,3,26.935,6.714,30.6,18.699,40.0,22.0,20
D-ordubad,Ordubad,district,mobile,2021,3,16.012,3.695,32.88,20.542,16.0,13.0,12
D-qabala,Qabala,district,mobile,2021,3,28.069,10.971,28.15,16.853,155.0,123.0,85
D-qakh,Qakh,district,mobile,2021,3,37.513,8.343,37.95,29.552,20.0,16.0,16
D-qazakh,Qazakh,district,mobile,2021,3,38.273,10.1,59.35,34.321,34.0,28.0,27
D-quba,Quba,district,mobile,2021,3,29.385,10.19,25.36,22.918,199.0,131.0,102
D-qubadli,Qubadli,district,mobile,2021,3,7.474,1.052,27.0,7.474,2.0,2.0,2
D-qusar,Qusar,district,mobile,2021,3,34.483,9.977,29.34,24.819,138.0,104.0,87
D-saatly,Saatly,district,mobile,2021,3,23.419,6.162,25.44,23.786,32.0,24.0,16
D-sabirabad,Sabirabad,district,mobile,2021,3,29.994,11.499,25.23,29.318,52.0,33.0,30
D-sadarak,Sadarak,district,mobile,2021,3,8.645,3.006,30.0,9.78,6.0,6.0,6
D-salyan,Salyan,district,mobile,2021,3,15.906,6.491,25.59,7.928,201.0,82.0,76
D-samukh,Samukh,district,mobile,2021,3,30.603,6.412,51.55,30.474,20.0,16.0,14
D-shabran,Shabran,district,mobile,2021,3,28.836,10.304,24.62,17.733,39.0,29.0,23
D-shahbuz,Shahbuz,district,mobile,2021,3,22.197,5.296,15.5,22.197,2.0,2.0,2
D-shaki,Shaki,district,mobile,2021,3,30.118,9.62,34.2,23.276,45.0,37.0,33
D-shamakhi,Shamakhi,district,mobile,2021,3,34.84,10.465,22.59,34.004,59.0,42.0,34
D-shamkir,Shamkir,district,mobile,2021,3,35.605,9.875,54.52,23.273,97.0,71.0,65
D-sharur,Sharur,district,mobile,2021,3,13.032,3.929,22.93,13.226,30.0,20.0,19
D-siazan,Siazan,district,mobile,2021,3,34.506,8.512,21.15,29.316,13.0,13.0,12
D-tartar,Tartar,district,mobile,2021,3,14.987,8.717,37.91,15.6,23.0,18.0,17
D-tovuz,Tovuz,district,mobile,2021,3,31.197,8.285,68.82,27.207,49.0,38.0,33
D-ujar,Ujar,district,mobile,2021,3,29.491,6.959,27.95,22.326,19.0,18.0,17
D-yardymli,Yardymli,district,mobile,2021,3,12.946,2.562,31.5,6.27,8.0,8.0,7
D-yevlakh,Yevlakh,district,mobile,2021,3,31.755,11.82,32.48,27.062,21.0,18.0,15
D-zaqatala,Zaqatala,district,mobile,2021,3,25.985,5.223,34.77,25.555,31.0,23.0,21
D-zardab,Zardab,district,mobile,2021,3,41.614,14.009,22.4,10.05,10.0,6.0,6
C-baku,Baku,city,mobile,2021,4,39.323,16.832,21.67,33.263,10150.0,6889.0,1837
C-ganja,Ganja,city,mobile,2021,4,28.045,11.349,36.5,17.146,244.0,162.0,75
C-khankendi,Khankendi,city,mobile,2021,4,12.616,6.784,30.4,11.698,10.0,7.0,3
C-lankaran,Lankaran,city,mobile,2021,4,19.192,9.337,24.48,14.614,101.0,65.0,26
C-mingachevir,Mingachevir,city,mobile,2021,4,31.029,10.152,25.81,33.942,42.0,32.0,26
C-nakhchivan,Nakhchivan,city,mobile,2021,4,13.322,4.243,23.49,13.722,264.0,136.0,45
C-shaki,Shaki,city,mobile,2021,4,23.78,9.495,28.38,18.739,74.0,48.0,21
C-shirvan,Shirvan,city,mobile,2021,4,32.491,11.243,20.38,30.908,50.0,28.0,18
C-sumqayit,Sumqayit,city,mobile,2021,4,35.828,14.354,24.81,32.893,558.0,407.0,141
C-yevlakh,Yevlakh,city,mobile,2021,4,49.716,20.105,24.38,38.301,21.0,18.0,15
D-absheron,Absheron,district,mobile,2021,4,39.504,12.654,22.58,35.443,961.0,542.0,249
D-agdam,Agdam,district,mobile,2021,4,28.658,13.06,36.12,27.539,17.0,11.0,8
D-agdash,Agdash,district,mobile,2021,4,23.387,9.769,27.38,16.9,78.0,40.0,30
D-aghjabadi,Aghjabadi,district,mobile,2021,4,28.836,8.291,36.54,17.203,56.0,41.0,35
D-agstafa,Agstafa,district,mobile,2021,4,35.621,13.996,67.02,38.815,66.0,39.0,32
D-agsu,Agsu,district,mobile,2021,4,28.762,11.265,28.5,15.826,34.0,31.0,24
D-astara,Astara,district,mobile,2021,4,22.839,11.263,28.8,17.056,75.0,49.0,36
D-babek,Babek,district,mobile,2021,4,14.441,3.774,21.52,16.45,54.0,33.0,24
D-balakan,Balakan,district,mobile,2021,4,20.81,6.058,49.37,8.588,98.0,60.0,41
D-barda,Barda,district,mobile,2021,4,16.935,7.018,34.55,12.881,108.0,73.0,45
D-beylagan,Beylagan,district,mobile,2021,4,20.53,11.84,32.98,14.616,58.0,27.0,22
D-bilasuvar,Bilasuvar,district,mobile,2021,4,27.802,10.21,33.88,14.409,51.0,30.0,29
D-dashkasan,Dashkasan,district,mobile,2021,4,16.006,6.888,82.94,0.37,31.0,15.0,14
D-fuzuli,Fuzuli,district,mobile,2021,4,33.704,9.611,30.5,26.204,48.0,28.0,22
D-gadabay,Gadabay,district,mobile,2021,4,26.77,4.403,73.89,26.662,18.0,11.0,10
D-gobustan,Gobustan,district,mobile,2021,4,15.657,3.745,22.12,12.628,17.0,10.0,10
D-goranboy,Goranboy,district,mobile,2021,4,26.185,7.524,34.21,12.611,66.0,43.0,40
D-goychay,Goychay,district,mobile,2021,4,22.192,9.079,36.74,14.062,66.0,42.0,26
D-goygol,Goygol,district,mobile,2021,4,26.868,8.03,40.6,19.76,86.0,65.0,58
D-hajigabul,Hajigabul,district,mobile,2021,4,32.925,8.547,23.62,17.96,159.0,81.0,60
D-imishli,Imishli,district,mobile,2021,4,25.487,9.155,28.12,19.169,67.0,40.0,30
D-ismailli,Ismailli,district,mobile,2021,4,29.131,6.847,40.9,25.829,62.0,35.0,29
D-jabrayil,Jabrayil,district,mobile,2021,4,21.602,10.248,32.0,21.602,6.0,5.0,2
D-jalilabad,Jalilabad,district,mobile,2021,4,17.037,10.467,28.74,12.79,100.0,44.0,40
D-julfa,Julfa,district,mobile,2021,4,11.222,3.615,24.43,13.962,7.0,6.0,6
D-kalbajar,Kalbajar,district,mobile,2021,4,10.681,1.066,36.0,10.681,1.0,1.0,1
D-kangarli,Kangarli,district,mobile,2021,4,57.351,25.005,73.0,42.27,4.0,4.0,4
D-khachmaz,Khachmaz,district,mobile,2021,4,29.321,9.619,24.59,21.2,264.0,143.0,78
D-khizi,Khizi,district,mobile,2021,4,33.016,12.507,19.96,26.912,23.0,19.0,15
D-khojaly,Khojaly,district,mobile,2021,4,16.884,7.473,28.56,10.971,107.0,60.0,31
D-khojavend,Khojavend,district,mobile,2021,4,50.062,4.18,25.6,41.22,5.0,5.0,4
D-kurdamir,Kurdamir,district,mobile,2021,4,41.012,13.289,23.61,28.714,51.0,32.0,31
D-lachin,Lachin,district,mobile,2021,4,12.956,5.795,27.67,6.004,9.0,5.0,5
D-lankaran,Lankaran,district,mobile,2021,4,22.642,6.891,28.44,20.698,117.0,66.0,55
D-lerik,Lerik,district,mobile,2021,4,26.161,8.692,29.56,25.331,9.0,8.0,7
D-masally,Masally,district,mobile,2021,4,34.179,11.82,25.64,20.482,98.0,66.0,55
D-neftchala,Neftchala,district,mobile,2021,4,25.768,6.404,27.58,12.634,74.0,46.0,33
D-oghuz,Oghuz,district,mobile,2021,4,41.417,12.531,30.4,37.488,10.0,9.0,8
D-ordubad,Ordubad,district,mobile,2021,4,19.025,4.36,32.89,19.295,9.0,7.0,6
D-qabala,Qabala,district,mobile,2021,4,22.612,8.401,29.42,15.764,157.0,93.0,66
D-qakh,Qakh,district,mobile,2021,4,20.954,5.236,37.0,1.724,7.0,7.0,7
D-qazakh,Qazakh,district,mobile,2021,4,37.688,13.35,74.87,25.323,47.0,29.0,21
D-quba,Quba,district,mobile,2021,4,31.679,9.899,32.44,21.348,143.0,94.0,68
D-qubadli,Qubadli,district,mobile,2021,4,41.115,2.137,59.0,41.115,2.0,2.0,1
D-qusar,Qusar,district,mobile,2021,4,37.496,10.608,34.47,30.927,161.0,94.0,75
D-saatly,Saatly,district,mobile,2021,4,29.055,10.682,29.6,25.103,48.0,24.0,22
D-sabirabad,Sabirabad,district,mobile,2021,4,21.726,9.421,32.56,10.754,50.0,44.0,35
D-sadarak,Sadarak,district,mobile,2021,4,25.24,5.112,25.0,14.825,3.0,3.0,3
D-salyan,Salyan,district,mobile,2021,4,22.964,7.77,26.74,10.179,162.0,77.0,62
D-samukh,Samukh,district,mobile,2021,4,32.038,11.486,29.42,28.498,40.0,33.0,30
D-shabran,Shabran,district,mobile,2021,4,25.159,12.905,23.26,24.099,35.0,22.0,20
D-shahbuz,Shahbuz,district,mobile,2021,4,11.812,0.335,21.0,11.812,2.0,2.0,2
D-shaki,Shaki,district,mobile,2021,4,15.553,5.457,37.08,6.99,60.0,45.0,41
D-shamakhi,Shamakhi,district,mobile,2021,4,32.219,9.16,24.97,28.384,70.0,43.0,36
D-shamkir,Shamkir,district,mobile,2021,4,29.82,7.272,44.2,25.587,147.0,96.0,81
D-sharur,Sharur,district,mobile,2021,4,15.444,4.376,39.92,16.469,13.0,9.0,8
D-siazan,Siazan,district,mobile,2021,4,25.776,11.622,22.62,19.664,39.0,21.0,18
D-tartar,Tartar,district,mobile,2021,4,14.948,9.82,52.62,10.693,42.0,31.0,23
D-tovuz,Tovuz,district,mobile,2021,4,26.447,8.028,73.64,24.826,64.0,35.0,28
D-ujar,Ujar,district,mobile,2021,4,21.019,9.743,24.77,17.615,22.0,20.0,19
D-yardymli,Yardymli,district,mobile,2021,4,17.29,2.025,34.0,12.654,4.0,4.0,4
D-yevlakh,Yevlakh,district,mobile,2021,4,43.142,11.79,29.59,27.533,22.0,16.0,15
D-zangilan,Zangilan,district,mobile,2021,4,53.339,24.45,26.0,53.339,2.0,2.0,2
D-zaqatala,Zaqatala,district,mobile,2021,4,31.644,8.236,43.15,21.48,26.0,24.0,24
D-zardab,Zardab,district,mobile,2021,4,23.121,8.552,27.58,21.786,12.0,8.0,7
C-baku,Baku,city,mobile,2022,1,41.043,17.223,20.99,34.771,9191.0,6062.0,1776
C-ganja,Ganja,city,mobile,2022,1,35.33,12.003,23.23,28.595,227.0,162.0,84
C-khankendi,Khankendi,city,mobile,2022,1,8.945,5.154,45.48,8.315,56.0,19.0,9
C-lankaran,Lankaran,city,mobile,2022,1,22.744,13.341,23.03,22.966,86.0,52.0,23
C-mingachevir,Mingachevir,city,mobile,2022,1,39.525,10.863,22.62,37.973,47.0,37.0,25
C-nakhchivan,Nakhchivan,city,mobile,2022,1,12.686,4.296,21.32,13.692,117.0,61.0,34
C-shaki,Shaki,city,mobile,2022,1,22.334,12.339,29.71,19.329,105.0,67.0,23
C-shirvan,Shirvan,city,mobile,2022,1,23.168,9.945,22.35,24.776,43.0,23.0,16
C-sumqayit,Sumqayit,city,mobile,2022,1,38.337,14.671,23.65,33.955,585.0,410.0,152
C-yevlakh,Yevlakh,city,mobile,2022,1,24.079,15.452,31.39,20.213,18.0,15.0,14
D-absheron,Absheron,district,mobile,2022,1,39.409,13.632,23.3,33.333,828.0,500.0,239
D-agdam,Agdam,district,mobile,2022,1,21.743,9.076,26.02,9.676,49.0,24.0,17
D-agdash,Agdash,district,mobile,2022,1,22.923,7.844,32.88,10.205,82.0,56.0,43
D-aghjabadi,Aghjabadi,district,mobile,2022,1,19.44,9.6,33.97,12.224,62.0,47.0,43
D-agstafa,Agstafa,district,mobile,2022,1,38.154,11.737,24.13,30.032,63.0,41.0,31
D-agsu,Agsu,district,mobile,2022,1,34.322,12.555,26.0,30.111,24.0,18.0,15
D-astara,Astara,district,mobile,2022,1,44.803,15.646,27.64,40.128,55.0,33.0,27
D-babek,Babek,district,mobile,2022,1,13.509,2.886,43.81,15.73,21.0,12.0,12
D-balakan,Balakan,district,mobile,2022,1,25.955,8.704,29.95,6.983,107.0,58.0,38
D-barda,Barda,district,mobile,2022,1,24.187,9.797,26.23,14.178,119.0,78.0,53
D-beylagan,Beylagan,district,mobile,2022,1,11.483,12.022,33.3,17.594,122.0,29.0,25
D-bilasuvar,Bilasuvar,district,mobile,2022,1,30.382,12.138,31.49,38.669,91.0,40.0,33
D-dashkasan,Dashkasan,district,mobile,2022,1,21.773,9.578,23.69,20.605,13.0,6.0,6
D-fuzuli,Fuzuli,district,mobile,2022,1,42.858,15.549,24.38,37.59,146.0,46.0,36
D-gadabay,Gadabay,district,mobile,2022,1,18.294,8.728,25.83,15.006,30.0,17.0,16
D-gobustan,Gobustan,district,mobile,2022,1,19.364,4.714,20.4,23.76,20.0,9.0,9
D-goranboy,Goranboy,district,mobile,2022,1,26.363,7.459,28.74,10.056,54.0,36.0,34
D-goychay,Goychay,district,mobile,2022,1,21.592,8.246,47.14,20.706,66.0,49.0,33
D-goygol,Goygol,district,mobile,2022,1,20.735,6.642,25.63,15.054,108.0,72.0,60
D-hajigabul,Hajigabul,district,mobile,2022,1,26.481,8.655,23.89,17.28,128.0,78.0,64
D-imishli,Imishli,district,mobile,2022,1,25.067,8.169,24.38,20.846,91.0,54.0,36
D-ismailli,Ismailli,district,mobile,2022,1,28.28,6.967,24.94,29.255,88.0,35.0,29
D-jabrayil,Jabrayil,district,mobile,2022,1,127.093,37.405,19.0,127.093,1.0,1.0,1
D-jalilabad,Jalilabad,district,mobile,2022,1,26.222,12.077,26.96,21.798,123.0,55.0,54
D-julfa,Julfa,district,mobile,2022,1,15.502,4.852,19.27,16.856,40.0,16.0,9
D-kalbajar,Kalbajar,district,mobile,2022,1,21.002,7.591,26.25,29.776,4.0,3.0,3
D-kangarli,Kangarli,district,mobile,2022,1,30.595,8.716,39.11,25.678,18.0,9.0,6
D-khachmaz,Khachmaz,district,mobile,2022,1,31.276,8.597,24.92,22.063,310.0,166.0,106
D-khizi,Khizi,district,mobile,2022,1,28.602,4.134,22.36,23.328,22.0,17.0,16
D-khojaly,Khojaly,district,mobile,2022,1,18.179,7.711,27.14,18.211,200.0,76.0,29
D-khojavend,Khojavend,district,mobile,2022,1,24.14,15.898,21.5,16.027,14.0,5.0,5
D-kurdamir,Kurdamir,district,mobile,2022,1,29.73,12.121,23.96,25.719,45.0,31.0,27
D-lachin,Lachin,district,mobile,2022,1,12.782,6.048,19.5,9.588,4.0,2.0,2
D-lankaran,Lankaran,district,mobile,2022,1,19.912,7.224,29.98,16.423,84.0,52.0,46
D-lerik,Lerik,district,mobile,2022,1,20.164,7.2,25.17,7.046,18.0,12.0,10
D-masally,Masally,district,mobile,2022,1,29.622,9.56,25.89,23.536,123.0,77.0,60
D-neftchala,Neftchala,district,mobile,2022,1,31.813,6.613,26.07,26.034,44.0,39.0,32
D-oghuz,Oghuz,district,mobile,2022,1,36.026,11.374,26.0,13.878,22.0,17.0,16
D-ordubad,Ordubad,district,mobile,2022,1,20.968,4.374,18.25,21.282,4.0,4.0,4
D-qabala,Qabala,district,mobile,2022,1,27.202,9.451,26.62,16.681,205.0,115.0,79
D-qakh,Qakh,district,mobile,2022,1,23.078,13.742,27.36,14.6,11.0,8.0,8
D-qazakh,Qazakh,district,mobile,2022,1,31.02,14.331,22.59,35.081,32.0,19.0,17
D-quba,Quba,district,mobile,2022,1,23.87,8.14,28.64,15.339,152.0,108.0,77
D-qubadli,Qubadli,district,mobile,2022,1,7.028,0.596,28.67,6.646,3.0,2.0,2
D-qusar,Qusar,district,mobile,2022,1,33.285,12.409,47.97,31.708,121.0,78.0,60
D-saatly,Saatly,district,mobile,2022,1,24.555,8.318,24.19,20.062,54.0,38.0,33
D-sabirabad,Sabirabad,district,mobile,2022,1,20.556,5.51,32.06,13.9,80.0,49.0,42
D-sadarak,Sadarak,district,mobile,2022,1,12.848,4.89,16.0,13.42,7.0,3.0,3
D-salyan,Salyan,district,mobile,2022,1,18.669,8.599,29.43,11.012,146.0,78.0,65
D-samukh,Samukh,district,mobile,2022,1,24.57,8.295,25.26,17.851,53.0,36.0,35
D-shabran,Shabran,district,mobile,2022,1,35.472,9.542,22.48,36.186,40.0,30.0,26
D-shaki,Shaki,district,mobile,2022,1,15.123,5.859,40.73,6.93,134.0,50.0,38
D-shamakhi,Shamakhi,district,mobile,2022,1,31.645,7.507,32.39,21.01,69.0,49.0,40
D-shamkir,Shamkir,district,mobile,2022,1,28.832,9.989,25.65,13.872,124.0,81.0,72
D-sharur,Sharur,district,mobile,2022,1,8.226,2.944,20.64,13.422,14.0,4.0,4
D-siazan,Siazan,district,mobile,2022,1,40.892,11.439,19.24,41.329,21.0,16.0,14
D-tartar,Tartar,district,mobile,2022,1,12.838,8.193,39.18,7.526,33.0,27.0,24
D-tovuz,Tovuz,district,mobile,2022,1,53.728,16.874,23.29,24.978,45.0,29.0,27
D-ujar,Ujar,district,mobile,2022,1,20.475,9.902,24.73,18.437,22.0,18.0,17
D-yardymli,Yardymli,district,mobile,2022,1,6.393,2.914,25.75,0.968,4.0,3.0,3
D-yevlakh,Yevlakh,district,mobile,2022,1,38.473,17.937,24.85,37.494,40.0,19.0,17
D-zangilan,Zangilan,district,mobile,2022,1,11.61,7.071,26.14,2.641,7.0,7.0,6
D-zaqatala,Zaqatala,district,mobile,2022,1,37.721,10.073,28.52,47.166,29.0,20.0,17
D-zardab,Zardab,district,mobile,2022,1,18.237,4.927,29.44,13.658,18.0,10.0,10
C-baku,Baku,city,mobile,2022,2,43.521,18.207,22.79,37.71,9956.0,6697.0,1873
C-ganja,Ganja,city,mobile,2022,2,31.464,12.215,37.01,25.376,267.0,206.0,94
C-khankendi,Khankendi,city,mobile,2022,2,34.129,16.378,23.34,25.848,56.0,33.0,8
C-lankaran,Lankaran,city,mobile,2022,2,22.864,7.036,57.19,25.836,74.0,53.0,23
C-mingachevir,Mingachevir,city,mobile,2022,2,34.667,19.479,22.9,29.04,49.0,35.0,20
C-nakhchivan,Nakhchivan,city,mobile,2022,2,11.898,3.8,36.44,9.962,120.0,80.0,40
C-shaki,Shaki,city,mobile,2022,2,22.863,14.089,35.18,22.781,90.0,65.0,23
C-shirvan,Shirvan,city,mobile,2022,2,22.904,9.013,21.11,20.052,45.0,31.0,16
C-shusha,Shusha,city,mobile,2022,2,67.078,9.301,37.5,88.149,4.0,4.0,2
C-sumqayit,Sumqayit,city,mobile,2022,2,41.374,16.077,24.85,33.436,605.0,388.0,138
C-yevlakh,Yevlakh,city,mobile,2022,2,9.907,5.07,29.82,8.149,33.0,13.0,11
D-absheron,Absheron,district,mobile,2022,2,39.925,13.267,24.72,34.974,726.0,476.0,218
D-agdam,Agdam,district,mobile,2022,2,19.503,10.896,31.09,17.291,54.0,39.0,31
D-agdash,Agdash,district,mobile,2022,2,28.573,10.268,49.65,15.739,66.0,31.0,25
D-aghjabadi,Aghjabadi,district,mobile,2022,2,17.033,7.774,36.58,5.357,31.0,27.0,25
D-agstafa,Agstafa,district,mobile,2022,2,31.427,12.895,54.09,24.019,80.0,48.0,35
D-agsu,Agsu,district,mobile,2022,2,44.858,11.772,31.34,40.779,65.0,43.0,28
D-astara,Astara,district,mobile,2022,2,25.509,9.195,56.84,24.392,80.0,52.0,45
D-babek,Babek,district,mobile,2022,2,13.069,3.233,54.87,17.306,46.0,28.0,24
D-balakan,Balakan,district,mobile,2022,2,24.993,10.049,36.91,16.289,128.0,61.0,45
D-barda,Barda,district,mobile,2022,2,21.849,8.834,42.64,17.215,111.0,72.0,54
D-beylagan,Beylagan,district,mobile,2022,2,40.668,11.407,32.69,9.701,36.0,21.0,17
D-bilasuvar,Bilasuvar,district,mobile,2022,2,45.403,10.353,50.25,22.776,48.0,32.0,28
D-dashkasan,Dashkasan,district,mobile,2022,2,20.404,7.806,72.09,1.003,53.0,24.0,22
D-fuzuli,Fuzuli,district,mobile,2022,2,34.326,15.261,29.45,22.722,82.0,53.0,36
D-gadabay,Gadabay,district,mobile,2022,2,28.846,9.642,67.33,19.3,27.0,21.0,18
D-gobustan,Gobustan,district,mobile,2022,2,44.246,12.121,21.41,38.83,22.0,18.0,17
D-goranboy,Goranboy,district,mobile,2022,2,41.957,11.487,24.96,32.844,57.0,45.0,36
D-goychay,Goychay,district,mobile,2022,2,22.389,9.122,27.44,12.864,50.0,31.0,25
D-goygol,Goygol,district,mobile,2022,2,35.817,11.372,29.14,30.839,88.0,76.0,59
D-hajigabul,Hajigabul,district,mobile,2022,2,28.115,8.602,21.28,26.89,151.0,76.0,57
D-imishli,Imishli,district,mobile,2022,2,23.03,7.424,27.1,16.763,48.0,36.0,25
D-ismailli,Ismailli,district,mobile,2022,2,37.69,10.054,30.68,33.263,68.0,46.0,39
D-jabrayil,Jabrayil,district,mobile,2022,2,16.338,7.501,34.07,9.533,30.0,19.0,13
D-jalilabad,Jalilabad,district,mobile,2022,2,32.259,12.405,54.24,18.83,207.0,76.0,63
D-julfa,Julfa,district,mobile,2022,2,13.137,4.994,15.87,18.347,39.0,10.0,8
D-kalbajar,Kalbajar,district,mobile,2022,2,19.163,5.621,38.73,11.777,11.0,9.0,9
D-kangarli,Kangarli,district,mobile,2022,2,42.43,12.865,41.18,22.187,11.0,9.0,7
D-khachmaz,Khachmaz,district,mobile,2022,2,32.529,12.234,32.85,29.83,247.0,156.0,115
D-khizi,Khizi,district,mobile,2022,2,23.929,6.271,22.38,21.612,24.0,18.0,18
D-khojaly,Khojaly,district,mobile,2022,2,25.821,14.927,26.76,17.883,499.0,204.0,74
D-khojavend,Khojavend,district,mobile,2022,2,21.057,10.302,55.05,22.301,98.0,26.0,25
D-kurdamir,Kurdamir,district,mobile,2022,2,26.567,10.445,26.06,20.474,63.0,30.0,23
D-lachin,Lachin,district,mobile,2022,2,16.94,13.366,37.74,14.296,19.0,11.0,9
D-lankaran,Lankaran,district,mobile,2022,2,23.335,9.945,30.25,14.878,123.0,80.0,67
D-lerik,Lerik,district,mobile,2022,2,34.915,10.93,39.61,37.755,18.0,12.0,11
D-masally,Masally,district,mobile,2022,2,34.17,10.311,34.82,29.899,97.0,53.0,46
D-neftchala,Neftchala,district,mobile,2022,2,48.21,11.21,37.03,30.862,64.0,39.0,30
D-oghuz,Oghuz,district,mobile,2022,2,29.701,12.613,28.74,29.858,42.0,26.0,22
D-ordubad,Ordubad,district,mobile,2022,2,18.073,4.74,21.36,21.402,11.0,8.0,8
D-qabala,Qabala,district,mobile,2022,2,29.869,8.71,33.5,10.578,183.0,117.0,83
D-qakh,Qakh,district,mobile,2022,2,28.127,8.602,34.09,26.512,44.0,29.0,21
D-qazakh,Qazakh,district,mobile,2022,2,51.784,10.597,37.05,54.572,19.0,13.0,12
D-quba,Quba,district,mobile,2022,2,41.521,12.688,28.77,25.567,182.0,119.0,93
D-qubadli,Qubadli,district,mobile,2022,2,38.442,15.006,42.5,29.966,6.0,5.0,5
D-qusar,Qusar,district,mobile,2022,2,34.757,8.92,47.16,23.365,127.0,85.0,63
D-saatly,Saatly,district,mobile,2022,2,28.445,7.843,27.18,27.281,39.0,34.0,28
D-sabirabad,Sabirabad,district,mobile,2022,2,21.133,10.581,29.42,18.609,80.0,47.0,33
D-sadarak,Sadarak,district,mobile,2022,2,18.628,5.685,15.2,21.831,5.0,5.0,5
D-salyan,Salyan,district,mobile,2022,2,21.889,7.53,31.2,15.009,94.0,71.0,61
D-samukh,Samukh,district,mobile,2022,2,20.249,8.613,84.05,20.938,56.0,26.0,22
D-shabran,Shabran,district,mobile,2022,2,20.239,10.274,27.58,15.14,33.0,19.0,18
D-shahbuz,Shahbuz,district,mobile,2022,2,17.104,3.769,35.55,21.952,11.0,10.0,9
D-shaki,Shaki,district,mobile,2022,2,19.014,6.278,29.79,13.93,63.0,47.0,38
D-shamakhi,Shamakhi,district,mobile,2022,2,34.699,8.161,28.75,29.738,36.0,30.0,27
D-shamkir,Shamkir,district,mobile,2022,2,33.717,8.874,39.54,20.802,124.0,83.0,67
D-sharur,Sharur,district,mobile,2022,2,11.428,2.815,34.8,9.857,30.0,20.0,15
D-shusha,Shusha,district,mobile,2022,2,73.321,9.657,27.75,59.964,4.0,4.0,3
D-siazan,Siazan,district,mobile,2022,2,34.146,15.474,26.76,25.456,38.0,28.0,23
D-tartar,Tartar,district,mobile,2022,2,27.38,5.716,26.52,11.658,48.0,34.0,31
D-tovuz,Tovuz,district,mobile,2022,2,28.093,7.317,77.8,23.529,54.0,42.0,39
D-ujar,Ujar,district,mobile,2022,2,33.446,10.334,30.36,18.875,25.0,15.0,14
D-yardymli,Yardymli,district,mobile,2022,2,45.64,9.065,28.79,49.01,43.0,12.0,12
D-yevlakh,Yevlakh,district,mobile,2022,2,18.196,8.711,24.78,8.149,27.0,20.0,18
D-zangilan,Zangilan,district,mobile,2022,2,37.225,16.461,54.02,20.364,46.0,19.0,15
D-zaqatala,Zaqatala,district,mobile,2022,2,35.749,12.565,49.48,29.305,67.0,50.0,37
D-zardab,Zardab,district,mobile,2022,2,48.293,11.868,30.65,27.286,26.0,13.0,11
C-baku,Baku,city,mobile,2022,3,42.92,17.944,24.78,36.329,8824.0,6247.0,1866
C-ganja,Ganja,city,mobile,2022,3,27.711,12.737,30.58,28.036,286.0,190.0,90
C-khankendi,Khankendi,city,mobile,2022,3,7.891,9.468,36.87,6.266,53.0,30.0,6
C-lankaran,Lankaran,city,mobile,2022,3,36.811,17.084,46.72,29.691,156.0,74.0,31
C-mingachevir,Mingachevir,city,mobile,2022,3,30.157,14.377,31.27,29.837,48.0,43.0,29
C-nakhchivan,Nakhchivan,city,mobile,2022,3,13.287,3.633,53.32,15.265,215.0,105.0,51
C-shaki,Shaki,city,mobile,2022,3,33.243,12.982,33.42,25.916,132.0,88.0,35
C-shirvan,Shirvan,city,mobile,2022,3,44.915,16.194,22.59,17.012,22.0,19.0,13
C-shusha,Shusha,city,mobile,2022,3,40.702,6.741,35.0,40.702,1.0,1.0,1
C-sumqayit,Sumqayit,city,mobile,2022,3,38.758,16.481,23.81,29.885,458.0,299.0,125
C-yevlakh,Yevlakh,city,mobile,2022,3,25.396,10.678,26.43,28.236,14.0,12.0,10
D-absheron,Absheron,district,mobile,2022,3,41.83,15.818,25.54,34.549,689.0,457.0,223
D-agdam,Agdam,district,mobile,2022,3,25.303,9.582,38.92,11.703,50.0,28.0,21
D-agdash,Agdash,district,mobile,2022,3,24.028,8.74,54.42,10.998,65.0,39.0,36
D-aghjabadi,Aghjabadi,district,mobile,2022,3,33.813,8.359,29.79,24.803,91.0,54.0,47
D-agstafa,Agstafa,district,mobile,2022,3,24.652,12.921,31.55,22.87,66.0,38.0,32
D-agsu,Agsu,district,mobile,2022,3,40.267,14.382,32.38,32.55,64.0,37.0,31
D-astara,Astara,district,mobile,2022,3,33.782,13.285,40.18,25.644,92.0,62.0,55
D-babek,Babek,district,mobile,2022,3,13.394,3.562,47.44,12.584,43.0,27.0,25
D-balakan,Balakan,district,mobile,2022,3,20.815,8.344,58.59,17.402,83.0,44.0,30
D-barda,Barda,district,mobile,2022,3,24.623,8.541,35.63,17.897,91.0,60.0,51
D-beylagan,Beylagan,district,mobile,2022,3,40.546,10.846,29.23,15.789,86.0,53.0,43
D-bilasuvar,Bilasuvar,district,mobile,2022,3,40.372,8.639,35.21,23.206,48.0,30.0,27
D-dashkasan,Dashkasan,district,mobile,2022,3,24.942,8.727,64.19,22.04,32.0,18.0,16
D-fuzuli,Fuzuli,district,mobile,2022,3,45.374,12.624,34.66,34.47,96.0,54.0,38
D-gadabay,Gadabay,district,mobile,2022,3,29.615,6.529,60.0,20.944,40.0,23.0,20
D-gobustan,Gobustan,district,mobile,2022,3,30.225,8.557,29.92,28.008,25.0,22.0,20
D-goranboy,Goranboy,district,mobile,2022,3,44.96,13.551,38.75,23.723,72.0,51.0,45
D-goychay,Goychay,district,mobile,2022,3,38.465,13.221,26.7,32.189,61.0,46.0,33
D-goygol,Goygol,district,mobile,2022,3,25.815,8.589,33.04,19.522,163.0,113.0,88
D-hajigabul,Hajigabul,district,mobile,2022,3,25.164,7.566,31.28,17.968,109.0,69.0,58
D-imishli,Imishli,district,mobile,2022,3,22.004,7.684,31.16,14.366,85.0,57.0,41
D-ismailli,Ismailli,district,mobile,2022,3,28.106,8.893,34.68,23.318,91.0,69.0,56
D-jabrayil,Jabrayil,district,mobile,2022,3,11.683,7.178,24.3,4.186,10.0,8.0,7
D-jalilabad,Jalilabad,district,mobile,2022,3,26.643,9.566,39.77,20.217,93.0,58.0,51
D-julfa,Julfa,district,mobile,2022,3,16.644,4.015,48.16,15.494,31.0,14.0,10
D-kalbajar,Kalbajar,district,mobile,2022,3,45.29,21.873,36.0,38.742,18.0,14.0,14
D-kangarli,Kangarli,district,mobile,2022,3,24.962,15.551,37.05,20.949,19.0,12.0,11
D-khachmaz,Khachmaz,district,mobile,2022,3,25.966,8.633,30.48,19.551,232.0,142.0,97
D-khizi,Khizi,district,mobile,2022,3,18.654,3.8,26.95,5.134,20.0,16.0,15
D-khojaly,Khojaly,district,mobile,2022,3,14.739,13.004,37.63,7.708,369.0,196.0,70
D-khojavend,Khojavend,district,mobile,2022,3,25.914,11.547,30.28,18.458,80.0,40.0,29
D-kurdamir,Kurdamir,district,mobile,2022,3,37.61,12.195,36.15,14.112,55.0,32.0,30
D-lachin,Lachin,district,mobile,2022,3,40.931,13.902,31.12,31.642,16.0,14.0,14
D-lankaran,Lankaran,district,mobile,2022,3,36.144,12.459,29.77,28.71,150.0,106.0,81
D-lerik,Lerik,district,mobile,2022,3,57.499,10.796,29.21,31.575,34.0,25.0,18
D-masally,Masally,district,mobile,2022,3,23.528,7.145,30.11,18.677,171.0,82.0,65
D-neftchala,Neftchala,district,mobile,2022,3,39.806,10.522,36.29,22.404,45.0,35.0,26
D-oghuz,Oghuz,district,mobile,2022,3,40.407,17.642,42.45,19.627,132.0,56.0,48
D-ordubad,Ordubad,district,mobile,2022,3,10.672,2.541,73.37,8.842,19.0,14.0,11
D-qabala,Qabala,district,mobile,2022,3,25.935,8.587,35.07,16.796,283.0,162.0,108
D-qakh,Qakh,district,mobile,2022,3,28.41,9.159,33.17,31.794,69.0,45.0,31
D-qazakh,Qazakh,district,mobile,2022,3,37.263,11.111,30.03,31.624,34.0,20.0,19
D-quba,Quba,district,mobile,2022,3,41.976,12.395,23.7,29.946,269.0,176.0,118
D-qubadli,Qubadli,district,mobile,2022,3,20.072,8.417,41.57,8.897,14.0,8.0,8
D-qusar,Qusar,district,mobile,2022,3,38.394,13.275,31.17,23.442,126.0,97.0,78
D-saatly,Saatly,district,mobile,2022,3,21.107,7.002,120.9,19.232,40.0,28.0,26
D-sabirabad,Sabirabad,district,mobile,2022,3,15.514,7.371,43.44,13.54,61.0,46.0,38
D-sadarak,Sadarak,district,mobile,2022,3,16.347,3.935,20.0,16.039,15.0,6.0,6
D-salyan,Salyan,district,mobile,2022,3,37.764,12.35,31.84,29.63,90.0,53.0,42
D-samukh,Samukh,district,mobile,2022,3,25.068,9.496,34.07,22.368,41.0,25.0,22
D-shabran,Shabran,district,mobile,2022,3,31.837,14.388,25.57,15.209,46.0,38.0,30
D-shahbuz,Shahbuz,district,mobile,2022,3,13.263,2.913,66.2,13.287,5.0,5.0,5
D-shaki,Shaki,district,mobile,2022,3,20.964,6.249,43.86,12.816,125.0,70.0,61
D-shamakhi,Shamakhi,district,mobile,2022,3,29.855,9.456,26.51,19.994,106.0,74.0,53
D-shamkir,Shamkir,district,mobile,2022,3,40.275,9.942,33.74,23.517,70.0,51.0,44
D-sharur,Sharur,district,mobile,2022,3,14.407,3.293,66.25,16.426,8.0,8.0,5
D-shusha,Shusha,district,mobile,2022,3,83.656,12.234,50.33,93.972,3.0,3.0,3
D-siazan,Siazan,district,mobile,2022,3,38.858,12.123,22.85,27.568,41.0,23.0,18
D-tartar,Tartar,district,mobile,2022,3,20.255,7.653,32.44,10.989,54.0,37.0,30
D-tovuz,Tovuz,district,mobile,2022,3,34.413,12.891,38.16,27.713,55.0,42.0,36
D-ujar,Ujar,district,mobile,2022,3,35.301,8.162,25.56,22.005,16.0,13.0,13
D-yardymli,Yardymli,district,mobile,2022,3,30.283,4.295,23.72,22.577,18.0,15.0,15
D-yevlakh,Yevlakh,district,mobile,2022,3,25.333,8.39,26.45,18.901,29.0,23.0,22
D-zangilan,Zangilan,district,mobile,2022,3,49.535,24.978,27.33,43.68,3.0,3.0,2
D-zaqatala,Zaqatala,district,mobile,2022,3,20.121,9.517,38.6,14.564,119.0,57.0,45
D-zardab,Zardab,district,mobile,2022,3,40.348,7.822,64.05,30.232,21.0,11.0,10
C-baku,Baku,city,mobile,2022,4,43.826,17.693,25.2,36.711,9464.0,6354.0,1737
C-ganja,Ganja,city,mobile,2022,4,40.992,14.131,40.89,29.491,390.0,227.0,97
C-khankendi,Khankendi,city,mobile,2022,4,6.729,11.618,38.7,8.838,89.0,17.0,4
C-lankaran,Lankaran,city,mobile,2022,4,44.654,12.368,26.45,36.491,111.0,72.0,28
C-mingachevir,Mingachevir,city,mobile,2022,4,29.033,12.527,32.24,27.658,49.0,38.0,20
C-nakhchivan,Nakhchivan,city,mobile,2022,4,29.618,4.51,30.24,28.478,812.0,272.0,69
C-shaki,Shaki,city,mobile,2022,4,29.756,9.753,29.9,26.037,101.0,50.0,27
C-shirvan,Shirvan,city,mobile,2022,4,28.66,8.597,26.72,24.476,25.0,23.0,11
C-shusha,Shusha,city,mobile,2022,4,42.857,3.593,28.75,48.712,8.0,2.0,2
C-sumqayit,Sumqayit,city,mobile,2022,4,38.834,15.969,24.35,34.0,541.0,355.0,139
C-yevlakh,Yevlakh,city,mobile,2022,4,32.18,23.661,25.53,11.464,17.0,10.0,9
D-absheron,Absheron,district,mobile,2022,4,39.931,14.131,25.61,32.169,692.0,445.0,219
D-agdam,Agdam,district,mobile,2022,4,31.234,9.933,30.93,17.206,55.0,25.0,20
D-agdash,Agdash,district,mobile,2022,4,29.56,8.859,28.62,15.314,45.0,37.0,28
D-aghjabadi,Aghjabadi,district,mobile,2022,4,41.556,6.754,36.97,22.565,69.0,41.0,39
D-agstafa,Agstafa,district,mobile,2022,4,37.59,11.696,64.72,28.358,47.0,31.0,26
D-agsu,Agsu,district,mobile,2022,4,31.449,11.023,24.0,29.108,57.0,41.0,33
D-astara,Astara,district,mobile,2022,4,28.169,9.572,37.66,10.972,106.0,47.0,37
D-babek,Babek,district,mobile,2022,4,31.418,4.001,45.44,22.152,110.0,70.0,50
D-balakan,Balakan,district,mobile,2022,4,19.075,9.345,55.05,6.695,87.0,44.0,33
D-barda,Barda,district,mobile,2022,4,36.749,11.714,26.76,27.06,108.0,62.0,50
D-beylagan,Beylagan,district,mobile,2022,4,43.919,12.696,30.74,34.078,46.0,29.0,26
D-bilasuvar,Bilasuvar,district,mobile,2022,4,32.428,10.02,70.23,19.6,104.0,59.0,41
D-dashkasan,Dashkasan,district,mobile,2022,4,55.282,13.739,57.62,70.627,8.0,7.0,5
D-fuzuli,Fuzuli,district,mobile,2022,4,35.011,11.113,35.45,33.816,91.0,50.0,40
D-gadabay,Gadabay,district,mobile,2022,4,30.605,10.656,102.79,15.761,19.0,13.0,13
D-gobustan,Gobustan,district,mobile,2022,4,46.68,10.125,29.19,51.417,21.0,14.0,11
D-goranboy,Goranboy,district,mobile,2022,4,31.967,10.472,28.78,23.24,60.0,48.0,40
D-goychay,Goychay,district,mobile,2022,4,30.361,12.368,35.57,22.215,101.0,58.0,44
D-goygol,Goygol,district,mobile,2022,4,30.118,12.166,33.1,22.068,141.0,81.0,70
D-hajigabul,Hajigabul,district,mobile,2022,4,27.251,10.048,35.82,13.724,112.0,74.0,56
D-imishli,Imishli,district,mobile,2022,4,34.979,10.192,34.58,18.204,101.0,58.0,38
D-ismailli,Ismailli,district,mobile,2022,4,36.883,10.28,41.81,39.085,62.0,39.0,33
D-jabrayil,Jabrayil,district,mobile,2022,4,9.576,3.799,35.86,4.676,14.0,10.0,9
D-jalilabad,Jalilabad,district,mobile,2022,4,32.369,13.675,67.17,25.447,127.0,60.0,50
D-julfa,Julfa,district,mobile,2022,4,18.265,3.34,50.0,17.478,20.0,16.0,13
D-kalbajar,Kalbajar,district,mobile,2022,4,45.642,15.614,27.04,25.79,25.0,14.0,9
D-kangarli,Kangarli,district,mobile,2022,4,40.638,10.516,94.58,38.06,19.0,13.0,7
D-khachmaz,Khachmaz,district,mobile,2022,4,39.233,11.555,31.85,30.113,177.0,118.0,87
D-khizi,Khizi,district,mobile,2022,4,40.763,15.285,47.24,47.18,21.0,16.0,15
D-khojaly,Khojaly,district,mobile,2022,4,15.001,13.438,50.12,9.409,280.0,146.0,59
D-khojavend,Khojavend,district,mobile,2022,4,24.485,9.177,43.97,25.924,36.0,15.0,14
D-kurdamir,Kurdamir,district,mobile,2022,4,37.567,17.501,31.67,19.327,30.0,25.0,23
D-lachin,Lachin,district,mobile,2022,4,14.257,7.292,68.96,5.046,23.0,11.0,10
D-lankaran,Lankaran,district,mobile,2022,4,49.121,13.94,24.97,32.8,151.0,89.0,72
D-lerik,Lerik,district,mobile,2022,4,34.416,7.248,21.86,37.308,14.0,7.0,6
D-masally,Masally,district,mobile,2022,4,24.923,7.758,37.75,26.087,344.0,123.0,103
D-neftchala,Neftchala,district,mobile,2022,4,38.491,6.599,105.22,28.755,36.0,29.0,22
D-oghuz,Oghuz,district,mobile,2022,4,31.282,7.55,51.2,26.699,30.0,21.0,18
D-ordubad,Ordubad,district,mobile,2022,4,19.883,3.422,61.0,12.916,20.0,16.0,16
D-qabala,Qabala,district,mobile,2022,4,25.286,9.404,34.94,16.09,116.0,84.0,64
D-qakh,Qakh,district,mobile,2022,4,32.998,5.852,29.58,26.015,59.0,23.0,21
D-qazakh,Qazakh,district,mobile,2022,4,37.939,13.92,44.07,28.767,29.0,18.0,15
D-quba,Quba,district,mobile,2022,4,41.304,11.493,24.31,33.412,172.0,122.0,82
D-qubadli,Qubadli,district,mobile,2022,4,36.009,22.194,24.43,17.516,7.0,4.0,4
D-qusar,Qusar,district,mobile,2022,4,34.79,11.577,28.98,35.047,81.0,56.0,39
D-saatly,Saatly,district,mobile,2022,4,25.7,9.362,40.28,24.916,32.0,23.0,20
D-sabirabad,Sabirabad,district,mobile,2022,4,27.55,9.155,48.96,27.308,72.0,44.0,38
D-sadarak,Sadarak,district,mobile,2022,4,19.61,2.327,31.4,16.544,10.0,4.0,4
D-salyan,Salyan,district,mobile,2022,4,33.751,11.515,31.51,23.504,70.0,51.0,42
D-samukh,Samukh,district,mobile,2022,4,31.014,12.79,26.96,26.604,45.0,32.0,28
D-shabran,Shabran,district,mobile,2022,4,25.176,8.304,28.36,15.344,50.0,32.0,23
D-shahbuz,Shahbuz,district,mobile,2022,4,28.749,3.238,91.7,18.702,23.0,13.0,12
D-shaki,Shaki,district,mobile,2022,4,29.639,8.204,34.71,20.678,68.0,55.0,48
D-shamakhi,Shamakhi,district,mobile,2022,4,37.755,10.355,28.85,32.812,46.0,37.0,34
D-shamkir,Shamkir,district,mobile,2022,4,35.991,10.441,35.67,25.234,104.0,72.0,60
D-sharur,Sharur,district,mobile,2022,4,16.004,3.467,46.9,13.825,31.0,26.0,22
D-shusha,Shusha,district,mobile,2022,4,31.713,6.312,43.33,34.504,3.0,2.0,2
D-siazan,Siazan,district,mobile,2022,4,53.831,18.311,27.06,26.732,34.0,19.0,13
D-tartar,Tartar,district,mobile,2022,4,21.64,7.685,30.34,12.886,71.0,34.0,28
D-tovuz,Tovuz,district,mobile,2022,4,22.543,7.311,68.61,9.215,23.0,19.0,16
D-ujar,Ujar,district,mobile,2022,4,35.529,15.192,40.29,24.427,21.0,15.0,13
D-yardymli,Yardymli,district,mobile,2022,4,31.77,14.687,52.17,24.619,18.0,9.0,9
D-yevlakh,Yevlakh,district,mobile,2022,4,36.73,11.322,29.94,21.745,18.0,14.0,13
D-zangilan,Zangilan,district,mobile,2022,4,32.962,10.463,55.3,29.819,27.0,14.0,11
D-zaqatala,Zaqatala,district,mobile,2022,4,22.202,10.544,41.19,22.778,111.0,60.0,47
D-zardab,Zardab,district,mobile,2022,4,68.851,14.886,57.0,39.203,6.0,4.0,3
C-baku,Baku,city,mobile,2023,1,48.49,18.363,26.78,35.328,9179.0,5899.0,1704
C-ganja,Ganja,city,mobile,2023,1,40.344,11.646,48.7,30.058,438.0,240.0,102
C-khankendi,Khankendi,city,mobile,2023,1,8.168,11.914,50.41,11.39,44.0,16.0,4
C-lankaran,Lankaran,city,mobile,2023,1,43.493,13.882,26.47,38.588,100.0,74.0,27
C-mingachevir,Mingachevir,city,mobile,2023,1,32.53,14.26,31.56,25.841,72.0,53.0,31
C-nakhchivan,Nakhchivan,city,mobile,2023,1,41.474,11.78,40.8,36.858,719.0,322.0,68
C-shaki,Shaki,city,mobile,2023,1,32.161,13.092,37.59,29.662,98.0,43.0,22
C-shirvan,Shirvan,city,mobile,2023,1,28.895,10.052,31.48,26.919,56.0,35.0,19
C-shusha,Shusha,city,mobile,2023,1,15.177,27.619,35.0,15.177,2.0,2.0,1
C-sumqayit,Sumqayit,city,mobile,2023,1,37.377,15.291,29.26,30.3,548.0,371.0,148
C-yevlakh,Yevlakh,city,mobile,2023,1,37.689,11.213,72.62,28.405,26.0,16.0,13
D-absheron,Absheron,district,mobile,2023,1,33.366,14.107,31.11,28.168,969.0,538.0,217
D-agdam,Agdam,district,mobile,2023,1,29.151,9.787,53.25,17.725,61.0,37.0,29
D-agdash,Agdash,district,mobile,2023,1,42.875,16.265,29.85,23.156,66.0,42.0,33
D-aghjabadi,Aghjabadi,district,mobile,2023,1,52.949,14.926,28.57,22.701,68.0,47.0,43
D-agstafa,Agstafa,district,mobile,2023,1,38.225,11.346,67.5,38.648,68.0,45.0,37
D-agsu,Agsu,district,mobile,2023,1,37.643,14.342,25.01,29.403,79.0,40.0,30
D-astara,Astara,district,mobile,2023,1,34.394,11.052,48.78,19.652,86.0,54.0,42
D-babek,Babek,district,mobile,2023,1,37.895,11.897,43.24,23.069,182.0,101.0,65
D-balakan,Balakan,district,mobile,2023,1,29.394,11.507,59.98,6.937,130.0,59.0,41
D-barda,Barda,district,mobile,2023,1,28.896,10.701,52.49,22.435,167.0,91.0,70
D-beylagan,Beylagan,district,mobile,2023,1,44.609,9.228,28.76,23.43,68.0,34.0,31
D-bilasuvar,Bilasuvar,district,mobile,2023,1,50.216,11.919,61.92,34.37,95.0,47.0,36
D-dashkasan,Dashkasan,district,mobile,2023,1,10.735,12.103,27.62,12.911,13.0,4.0,3
D-fuzuli,Fuzuli,district,mobile,2023,1,69.535,16.849,38.87,32.013,62.0,44.0,34
D-gadabay,Gadabay,district,mobile,2023,1,20.514,6.049,98.35,7.957,31.0,20.0,20
D-gobustan,Gobustan,district,mobile,2023,1,38.896,7.237,21.67,48.766,9.0,9.0,9
D-goranboy,Goranboy,district,mobile,2023,1,40.792,17.332,41.02,28.991,55.0,35.0,29
D-goychay,Goychay,district,mobile,2023,1,26.296,9.67,53.58,20.332,103.0,61.0,48
D-goygol,Goygol,district,mobile,2023,1,34.719,10.346,31.28,25.39,143.0,101.0,77
D-hajigabul,Hajigabul,district,mobile,2023,1,37.694,8.891,28.16,18.488,109.0,68.0,57
D-imishli,Imishli,district,mobile,2023,1,33.223,11.839,31.13,25.64,77.0,55.0,36
D-ismailli,Ismailli,district,mobile,2023,1,36.295,7.832,77.28,33.378,53.0,39.0,34
D-jabrayil,Jabrayil,district,mobile,2023,1,23.958,9.047,34.5,7.608,12.0,8.0,7
D-jalilabad,Jalilabad,district,mobile,2023,1,45.194,16.328,78.49,37.796,196.0,63.0,51
D-julfa,Julfa,district,mobile,2023,1,30.753,5.506,35.58,17.783,50.0,37.0,23
D-kalbajar,Kalbajar,district,mobile,2023,1,22.289,3.026,53.92,7.091,12.0,9.0,9
D-kangarli,Kangarli,district,mobile,2023,1,44.139,13.309,78.7,28.8,60.0,31.0,22
D-khachmaz,Khachmaz,district,mobile,2023,1,42.986,14.05,36.03,32.402,269.0,154.0,111
D-khizi,Khizi,district,mobile,2023,1,34.967,12.74,41.75,13.304,20.0,18.0,16
D-khojaly,Khojaly,district,mobile,2023,1,12.004,10.806,50.29,5.963,243.0,114.0,53
D-khojavend,Khojavend,district,mobile,2023,1,51.151,18.361,37.62,47.723,13.0,9.0,7
D-kurdamir,Kurdamir,district,mobile,2023,1,37.602,14.292,33.11,29.17,47.0,34.0,28
D-lachin,Lachin,district,mobile,2023,1,26.67,7.392,30.46,13.437,28.0,9.0,7
D-lankaran,Lankaran,district,mobile,2023,1,33.492,11.381,30.17,16.338,135.0,89.0,76
D-lerik,Lerik,district,mobile,2023,1,40.026,7.432,31.96,39.031,23.0,9.0,9
D-masally,Masally,district,mobile,2023,1,44.01,11.349,28.06,32.826,102.0,65.0,50
D-neftchala,Neftchala,district,mobile,2023,1,41.932,8.222,52.51,30.649,79.0,45.0,35
D-oghuz,Oghuz,district,mobile,2023,1,46.202,11.9,48.23,31.822,22.0,13.0,11
D-ordubad,Ordubad,district,mobile,2023,1,36.218,7.375,48.33,33.472,58.0,47.0,33
D-qabala,Qabala,district,mobile,2023,1,29.027,10.192,39.09,18.162,159.0,98.0,72
D-qakh,Qakh,district,mobile,2023,1,26.389,8.82,27.64,8.269,39.0,23.0,19
D-qazakh,Qazakh,district,mobile,2023,1,50.789,14.946,44.57,39.38,60.0,35.0,29
D-quba,Quba,district,mobile,2023,1,45.14,16.484,35.2,39.53,157.0,100.0,73
D-qubadli,Qubadli,district,mobile,2023,1,56.268,8.778,23.33,58.816,3.0,3.0,3
D-qusar,Qusar,district,mobile,2023,1,47.464,13.847,33.0,31.202,92.0,74.0,64
D-saatly,Saatly,district,mobile,2023,1,24.968,9.178,25.96,19.77,50.0,30.0,26
D-sabirabad,Sabirabad,district,mobile,2023,1,31.671,9.08,41.54,17.589,57.0,44.0,41
D-sadarak,Sadarak,district,mobile,2023,1,34.66,23.022,25.81,27.226,16.0,9.0,7
D-salyan,Salyan,district,mobile,2023,1,26.05,8.672,29.15,20.508,117.0,68.0,52
D-samukh,Samukh,district,mobile,2023,1,32.791,8.792,96.08,21.986,80.0,46.0,37
D-shabran,Shabran,district,mobile,2023,1,33.673,17.208,48.74,26.788,50.0,38.0,34
D-shahbuz,Shahbuz,district,mobile,2023,1,17.388,7.924,52.43,13.734,28.0,20.0,14
D-shaki,Shaki,district,mobile,2023,1,25.845,8.678,41.09,14.787,94.0,52.0,44
D-shamakhi,Shamakhi,district,mobile,2023,1,30.732,10.597,41.33,16.99,36.0,26.0,23
D-shamkir,Shamkir,district,mobile,2023,1,47.528,12.209,50.74,29.023,125.0,89.0,72
D-sharur,Sharur,district,mobile,2023,1,42.114,9.353,46.22,38.59,65.0,36.0,30
D-shusha,Shusha,district,mobile,2023,1,17.738,8.71,28.67,21.528,3.0,3.0,3
D-siazan,Siazan,district,mobile,2023,1,36.353,13.489,34.51,20.199,53.0,25.0,21
D-tartar,Tartar,district,mobile,2023,1,25.275,11.713,40.61,10.309,82.0,45.0,37
D-tovuz,Tovuz,district,mobile,2023,1,25.47,9.656,64.59,20.907,34.0,27.0,24
D-ujar,Ujar,district,mobile,2023,1,38.597,18.621,47.97,26.194,58.0,37.0,27
D-yardymli,Yardymli,district,mobile,2023,1,94.961,34.275,23.81,31.394,70.0,10.0,10
D-yevlakh,Yevlakh,district,mobile,2023,1,37.127,15.492,68.56,24.947,64.0,30.0,27
D-zangilan,Zangilan,district,mobile,2023,1,40.181,9.372,32.15,39.418,39.0,11.0,11
D-zaqatala,Zaqatala,district,mobile,2023,1,27.447,8.953,69.84,22.631,130.0,81.0,49
D-zardab,Zardab,district,mobile,2023,1,40.043,15.936,32.6,42.733,15.0,13.0,13
C-baku,Baku,city,mobile,2023,2,56.834,19.795,25.7,39.415,8001.0,5522.0,1695
C-ganja,Ganja,city,mobile,2023,2,50.778,15.823,41.57,39.421,398.0,275.0,109
C-khankendi,Khankendi,city,mobile,2023,2,81.486,15.392,50.79,43.905,139.0,18.0,5
C-lankaran,Lankaran,city,mobile,2023,2,43.052,13.058,33.26,36.692,141.0,107.0,32
C-mingachevir,Mingachevir,city,mobile,2023,2,36.806,15.036,34.37,28.702,86.0,56.0,32
C-nakhchivan,Nakhchivan,city,mobile,2023,2,41.342,16.835,46.92,36.382,382.0,187.0,56
C-shaki,Shaki,city,mobile,2023,2,46.408,17.071,29.44,30.551,139.0,70.0,33
C-shirvan,Shirvan,city,mobile,2023,2,26.039,8.514,42.02,19.962,53.0,28.0,14
C-shusha,Shusha,city,mobile,2023,2,58.795,32.492,32.0,58.795,4.0,2.0,1
C-sumqayit,Sumqayit,city,mobile,2023,2,52.501,18.279,29.63,37.618,455.0,324.0,132
C-yevlakh,Yevlakh,city,mobile,2023,2,38.503,12.171,43.11,37.406,38.0,29.0,18
D-absheron,Absheron,district,mobile,2023,2,41.264,15.67,25.44,35.11,600.0,402.0,203
D-agdam,Agdam,district,mobile,2023,2,32.537,12.435,34.9,20.008,49.0,28.0,21
D-agdash,Agdash,district,mobile,2023,2,30.058,11.324,34.07,33.1,119.0,44.0,38
D-aghjabadi,Aghjabadi,district,mobile,2023,2,42.628,11.704,25.97,26.446,76.0,32.0,26
D-agstafa,Agstafa,district,mobile,2023,2,34.941,12.789,79.94,30.286,68.0,47.0,36
D-agsu,Agsu,district,mobile,2023,2,52.628,16.35,38.09,47.29,56.0,39.0,34
D-astara,Astara,district,mobile,2023,2,42.837,12.893,36.93,23.76,89.0,49.0,42
D-babek,Babek,district,mobile,2023,2,38.766,13.439,51.11,31.665,106.0,66.0,45
D-balakan,Balakan,district,mobile,2023,2,30.958,10.804,42.69,20.799,114.0,57.0,36
D-barda,Barda,district,mobile,2023,2,46.851,15.62,58.0,36.574,238.0,111.0,68
D-beylagan,Beylagan,district,mobile,2023,2,47.644,9.651,24.32,34.581,41.0,34.0,27
D-bilasuvar,Bilasuvar,district,mobile,2023,2,45.685,15.804,33.12,43.34,50.0,32.0,26
D-dashkasan,Dashkasan,district,mobile,2023,2,50.77,17.48,36.31,32.102,13.0,11.0,10
D-fuzuli,Fuzuli,district,mobile,2023,2,68.468,17.254,49.61,26.936,109.0,48.0,35
D-gadabay,Gadabay,district,mobile,2023,2,17.99,4.369,97.53,13.326,38.0,24.0,16
D-gobustan,Gobustan,district,mobile,2023,2,46.425,7.851,35.59,36.664,17.0,12.0,12
D-goranboy,Goranboy,district,mobile,2023,2,44.658,14.48,47.37,40.06,65.0,38.0,32
D-goychay,Goychay,district,mobile,2023,2,42.242,14.083,50.53,35.718,99.0,58.0,43
D-goygol,Goygol,district,mobile,2023,2,44.75,11.999,30.63,37.19,202.0,111.0,88
D-hajigabul,Hajigabul,district,mobile,2023,2,37.007,11.596,25.5,30.531,138.0,92.0,74
D-imishli,Imishli,district,mobile,2023,2,28.603,9.717,26.33,22.59,49.0,41.0,34
D-ismailli,Ismailli,district,mobile,2023,2,38.549,11.719,34.98,34.044,65.0,45.0,36
D-jabrayil,Jabrayil,district,mobile,2023,2,40.072,14.072,37.33,19.763,12.0,10.0,9
D-jalilabad,Jalilabad,district,mobile,2023,2,35.159,16.551,58.74,23.513,114.0,71.0,61
D-julfa,Julfa,district,mobile,2023,2,31.807,10.109,43.0,14.848,42.0,32.0,22
D-kalbajar,Kalbajar,district,mobile,2023,2,40.724,10.951,25.51,21.802,37.0,23.0,20
D-kangarli,Kangarli,district,mobile,2023,2,47.227,16.117,69.11,41.307,37.0,25.0,21
D-khachmaz,Khachmaz,district,mobile,2023,2,35.615,11.736,36.28,22.664,186.0,128.0,95
D-khizi,Khizi,district,mobile,2023,2,41.933,10.539,30.0,31.201,19.0,16.0,16
D-khojaly,Khojaly,district,mobile,2023,2,49.198,19.155,31.38,18.143,323.0,143.0,59
D-khojavend,Khojavend,district,mobile,2023,2,19.992,10.888,32.19,15.994,32.0,22.0,20
D-kurdamir,Kurdamir,district,mobile,2023,2,26.786,11.203,25.23,24.802,91.0,41.0,34
D-lachin,Lachin,district,mobile,2023,2,22.452,12.269,32.23,15.129,56.0,26.0,23
D-lankaran,Lankaran,district,mobile,2023,2,31.195,10.883,26.51,30.039,144.0,94.0,76
D-lerik,Lerik,district,mobile,2023,2,58.488,18.0,27.47,47.276,38.0,24.0,16
D-masally,Masally,district,mobile,2023,2,51.104,14.087,37.8,37.308,119.0,93.0,77
D-neftchala,Neftchala,district,mobile,2023,2,44.564,10.653,49.11,41.243,89.0,54.0,43
D-oghuz,Oghuz,district,mobile,2023,2,55.375,16.191,35.34,55.366,29.0,21.0,20
D-ordubad,Ordubad,district,mobile,2023,2,28.594,6.183,61.33,18.184,27.0,16.0,16
D-qabala,Qabala,district,mobile,2023,2,44.476,12.435,46.5,26.019,157.0,111.0,82
D-qakh,Qakh,district,mobile,2023,2,55.894,17.58,36.49,42.98,41.0,28.0,21
D-qazakh,Qazakh,district,mobile,2023,2,61.448,17.969,39.84,28.873,44.0,22.0,19
D-quba,Quba,district,mobile,2023,2,39.145,13.265,37.75,33.761,178.0,121.0,83
D-qubadli,Qubadli,district,mobile,2023,2,37.612,8.473,28.67,17.441,6.0,3.0,3
D-qusar,Qusar,district,mobile,2023,2,39.181,14.201,30.08,38.574,106.0,77.0,64
D-saatly,Saatly,district,mobile,2023,2,43.265,14.324,25.24,34.416,51.0,34.0,27
D-sabirabad,Sabirabad,district,mobile,2023,2,30.709,9.273,78.97,20.831,98.0,69.0,55
D-sadarak,Sadarak,district,mobile,2023,2,57.833,15.538,36.97,58.391,32.0,12.0,9
D-salyan,Salyan,district,mobile,2023,2,30.32,9.517,34.45,20.376,121.0,77.0,65
D-samukh,Samukh,district,mobile,2023,2,37.385,9.591,61.1,26.714,49.0,40.0,37
D-shabran,Shabran,district,mobile,2023,2,49.32,19.522,32.44,17.446,50.0,34.0,28
D-shahbuz,Shahbuz,district,mobile,2023,2,26.659,9.116,22.0,26.659,2.0,2.0,2
D-shaki,Shaki,district,mobile,2023,2,31.614,12.205,25.53,24.746,68.0,44.0,38
D-shamakhi,Shamakhi,district,mobile,2023,2,34.765,9.694,51.61,27.206,46.0,39.0,34
D-shamkir,Shamkir,district,mobile,2023,2,51.333,11.195,32.96,35.844,80.0,67.0,54
D-sharur,Sharur,district,mobile,2023,2,41.159,13.951,31.55,29.133,102.0,34.0,28
D-shusha,Shusha,district,mobile,2023,2,32.254,3.082,21.0,32.254,1.0,1.0,1
D-siazan,Siazan,district,mobile,2023,2,43.614,20.356,72.0,36.627,48.0,26.0,21
D-tartar,Tartar,district,mobile,2023,2,37.058,12.911,32.44,26.391,55.0,38.0,31
D-tovuz,Tovuz,district,mobile,2023,2,44.001,10.916,37.84,41.598,49.0,34.0,27
D-ujar,Ujar,district,mobile,2023,2,44.526,11.277,28.51,32.094,69.0,40.0,34
D-yardymli,Yardymli,district,mobile,2023,2,103.224,16.103,19.43,93.724,7.0,5.0,4
D-yevlakh,Yevlakh,district,mobile,2023,2,26.314,6.179,33.83,29.858,40.0,21.0,19
D-zangilan,Zangilan,district,mobile,2023,2,55.912,15.035,34.88,49.033,26.0,10.0,9
D-zaqatala,Zaqatala,district,mobile,2023,2,35.52,11.585,62.04,28.044,126.0,84.0,52
D-zardab,Zardab,district,mobile,2023,2,86.65,9.52,59.95,57.836,20.0,12.0,10
C-baku,Baku,city,mobile,2023,3,52.204,19.97,27.13,40.512,8757.0,5765.0,1715
C-ganja,Ganja,city,mobile,2023,3,58.274,18.196,29.61,44.758,362.0,243.0,105
C-khankendi,Khankendi,city,mobile,2023,3,16.606,20.9,44.8,16.082,40.0,10.0,2
C-lankaran,Lankaran,city,mobile,2023,3,50.523,17.709,27.2,44.78,109.0,70.0,32
C-mingachevir,Mingachevir,city,mobile,2023,3,59.127,17.579,33.52,56.846,103.0,72.0,37
C-nakhchivan,Nakhchivan,city,mobile,2023,3,46.509,16.888,40.85,41.006,248.0,146.0,53
C-shaki,Shaki,city,mobile,2023,3,43.597,17.499,45.61,37.083,98.0,69.0,29
C-shirvan,Shirvan,city,mobile,2023,3,30.28,12.175,28.46,23.469,54.0,30.0,17
C-shusha,Shusha,city,mobile,2023,3,36.637,25.771,17.0,36.637,4.0,3.0,1
C-sumqayit,Sumqayit,city,mobile,2023,3,50.772,14.897,27.49,35.753,398.0,281.0,121
C-yevlakh,Yevlakh,city,mobile,2023,3,32.894,9.114,38.44,19.37,36.0,23.0,20
D-absheron,Absheron,district,mobile,2023,3,44.238,15.18,28.75,39.731,673.0,477.0,241
D-agdam,Agdam,district,mobile,2023,3,28.9,10.387,35.69,27.886,55.0,37.0,27
D-agdash,Agdash,district,mobile,2023,3,43.761,13.342,37.18,38.506,102.0,57.0,42
D-aghjabadi,Aghjabadi,district,mobile,2023,3,82.371,16.025,29.41,23.76,75.0,36.0,34
D-agstafa,Agstafa,district,mobile,2023,3,30.939,11.543,59.29,27.801,90.0,50.0,30
D-agsu,Agsu,district,mobile,2023,3,53.693,18.023,30.81,40.742,117.0,53.0,44
D-astara,Astara,district,mobile,2023,3,41.25,13.4,41.87,31.634,108.0,74.0,54
D-babek,Babek,district,mobile,2023,3,35.264,10.263,44.58,20.776,130.0,65.0,54
D-balakan,Balakan,district,mobile,2023,3,32.891,10.519,45.34,21.129,94.0,63.0,44
D-barda,Barda,district,mobile,2023,3,43.652,12.123,54.68,32.098,146.0,63.0,45
D-beylagan,Beylagan,district,mobile,2023,3,45.619,14.844,32.96,30.848,76.0,49.0,35
D-bilasuvar,Bilasuvar,district,mobile,2023,3,31.27,8.753,53.77,29.962,52.0,37.0,26
D-dashkasan,Dashkasan,district,mobile,2023,3,39.782,10.037,33.14,44.402,43.0,20.0,17
D-fuzuli,Fuzuli,district,mobile,2023,3,39.277,13.811,53.25,26.908,110.0,45.0,31
D-gadabay,Gadabay,district,mobile,2023,3,24.104,10.867,79.96,12.468,52.0,39.0,37
D-gobustan,Gobustan,district,mobile,2023,3,74.811,14.759,20.69,67.739,13.0,11.0,11
D-goranboy,Goranboy,district,mobile,2023,3,36.488,12.257,34.51,17.494,95.0,54.0,43
D-goychay,Goychay,district,mobile,2023,3,37.534,12.398,37.21,30.496,76.0,59.0,48
D-goygol,Goygol,district,mobile,2023,3,53.536,15.596,34.41,46.83,137.0,105.0,78
D-hajigabul,Hajigabul,district,mobile,2023,3,34.532,9.927,26.9,25.625,119.0,81.0,68
D-imishli,Imishli,district,mobile,2023,3,39.638,12.696,37.6,24.876,88.0,62.0,40
D-ismailli,Ismailli,district,mobile,2023,3,36.684,12.738,25.85,31.591,112.0,73.0,60
D-jabrayil,Jabrayil,district,mobile,2023,3,21.168,11.56,45.4,5.497,10.0,8.0,7
D-jalilabad,Jalilabad,district,mobile,2023,3,42.344,11.93,56.01,27.698,117.0,66.0,55
D-julfa,Julfa,district,mobile,2023,3,38.476,15.76,33.19,45.114,27.0,20.0,16
D-kalbajar,Kalbajar,district,mobile,2023,3,51.973,7.757,50.26,17.012,19.0,14.0,12
D-kangarli,Kangarli,district,mobile,2023,3,64.502,19.198,104.79,34.496,29.0,22.0,18
D-khachmaz,Khachmaz,district,mobile,2023,3,40.789,12.531,28.67,32.916,248.0,169.0,122
D-khizi,Khizi,district,mobile,2023,3,44.983,17.15,24.42,45.463,26.0,19.0,19
D-khojaly,Khojaly,district,mobile,2023,3,90.661,15.328,40.1,36.418,377.0,115.0,44
D-khojavend,Khojavend,district,mobile,2023,3,28.354,12.088,39.83,24.689,46.0,21.0,20
D-kurdamir,Kurdamir,district,mobile,2023,3,35.71,10.559,28.5,30.424,46.0,34.0,28
D-lachin,Lachin,district,mobile,2023,3,25.693,17.416,53.47,17.232,57.0,36.0,24
D-lankaran,Lankaran,district,mobile,2023,3,49.875,13.076,30.08,33.176,182.0,114.0,91
D-lerik,Lerik,district,mobile,2023,3,48.735,13.23,29.04,43.461,51.0,26.0,23
D-masally,Masally,district,mobile,2023,3,56.297,11.024,38.28,39.22,236.0,120.0,91
D-neftchala,Neftchala,district,mobile,2023,3,56.028,13.524,45.66,42.866,61.0,42.0,31
D-oghuz,Oghuz,district,mobile,2023,3,33.628,10.285,32.56,21.833,25.0,20.0,19
D-ordubad,Ordubad,district,mobile,2023,3,38.9,11.686,36.74,22.495,38.0,26.0,22
D-qabala,Qabala,district,mobile,2023,3,42.996,10.841,45.58,24.6,180.0,131.0,104
D-qakh,Qakh,district,mobile,2023,3,51.711,13.161,26.71,41.528,96.0,67.0,54
D-qazakh,Qazakh,district,mobile,2023,3,48.997,13.88,32.16,37.08,44.0,25.0,21
D-quba,Quba,district,mobile,2023,3,46.03,14.086,29.29,35.071,286.0,195.0,148
D-qubadli,Qubadli,district,mobile,2023,3,76.947,16.095,46.64,72.198,45.0,11.0,7
D-qusar,Qusar,district,mobile,2023,3,48.446,12.426,26.54,36.693,178.0,116.0,83
D-saatly,Saatly,district,mobile,2023,3,37.337,11.315,35.25,38.414,56.0,37.0,32
D-sabirabad,Sabirabad,district,mobile,2023,3,29.281,8.795,52.39,29.452,85.0,53.0,44
D-sadarak,Sadarak,district,mobile,2023,3,45.605,12.337,43.65,58.16,23.0,9.0,5
D-salyan,Salyan,district,mobile,2023,3,45.015,13.031,24.56,30.734,126.0,79.0,71
D-samukh,Samukh,district,mobile,2023,3,34.161,11.953,37.49,27.676,67.0,45.0,38
D-shabran,Shabran,district,mobile,2023,3,36.084,11.096,36.74,24.258,35.0,34.0,28
D-shahbuz,Shahbuz,district,mobile,2023,3,35.261,14.672,63.81,27.594,26.0,10.0,10
D-shaki,Shaki,district,mobile,2023,3,38.589,13.825,65.85,16.708,68.0,49.0,43
D-shamakhi,Shamakhi,district,mobile,2023,3,29.699,10.446,31.36,21.588,70.0,46.0,39
D-shamkir,Shamkir,district,mobile,2023,3,56.723,11.409,34.89,28.961,117.0,89.0,71
D-sharur,Sharur,district,mobile,2023,3,29.116,9.5,39.4,16.998,52.0,37.0,30
D-shusha,Shusha,district,mobile,2023,3,206.247,12.937,27.0,99.184,9.0,6.0,3
D-siazan,Siazan,district,mobile,2023,3,47.866,17.26,74.46,46.629,59.0,35.0,31
D-tartar,Tartar,district,mobile,2023,3,36.568,14.148,42.33,32.928,70.0,41.0,36
D-tovuz,Tovuz,district,mobile,2023,3,48.525,16.099,38.15,42.425,65.0,41.0,31
D-ujar,Ujar,district,mobile,2023,3,54.399,13.464,32.55,47.534,38.0,26.0,22
D-yardymli,Yardymli,district,mobile,2023,3,73.064,17.57,21.0,52.212,20.0,17.0,16
D-yevlakh,Yevlakh,district,mobile,2023,3,68.155,21.685,22.28,29.565,25.0,21.0,19
D-zangilan,Zangilan,district,mobile,2023,3,73.802,27.284,44.9,28.944,49.0,21.0,18
D-zaqatala,Zaqatala,district,mobile,2023,3,31.131,9.995,39.36,23.877,110.0,70.0,53
D-zardab,Zardab,district,mobile,2023,3,70.027,17.758,25.82,52.447,11.0,9.0,9
C-baku,Baku,city,mobile,2023,4,57.88,20.363,29.85,42.578,8830.0,5698.0,1641
C-ganja,Ganja,city,mobile,2023,4,60.484,20.826,29.4,57.466,358.0,260.0,89
C-khankendi,Khankendi,city,mobile,2023,4,45.528,25.148,90.0,51.241,5.0,5.0,3
C-lankaran,Lankaran,city,mobile,2023,4,45.042,15.665,29.35,45.034,106.0,73.0,32
C-mingachevir,Mingachevir,city,mobile,2023,4,65.8,18.835,53.36,58.365,55.0,47.0,29
C-nakhchivan,Nakhchivan,city,mobile,2023,4,42.874,14.122,31.12,37.8,195.0,118.0,50
C-shaki,Shaki,city,mobile,2023,4,48.98,19.682,31.15,42.757,132.0,70.0,29
C-shirvan,Shirvan,city,mobile,2023,4,39.277,12.013,38.78,35.751,69.0,44.0,21
C-shusha,Shusha,city,mobile,2023,4,5.237,8.247,19.0,5.237,1.0,1.0,1
C-sumqayit,Sumqayit,city,mobile,2023,4,46.506,16.882,33.69,39.662,412.0,304.0,120
C-yevlakh,Yevlakh,city,mobile,2023,4,36.444,11.248,37.32,48.665,22.0,18.0,15
D-absheron,Absheron,district,mobile,2023,4,45.252,13.903,32.57,38.899,666.0,440.0,211
D-agdam,Agdam,district,mobile,2023,4,26.385,8.894,39.18,14.226,51.0,27.0,21
D-agdash,Agdash,district,mobile,2023,4,55.595,15.398,31.72,33.126,50.0,42.0,34
D-aghjabadi,Aghjabadi,district,mobile,2023,4,57.482,15.47,27.15,29.48,52.0,36.0,31
D-agstafa,Agstafa,district,mobile,2023,4,40.959,17.569,56.36,37.732,98.0,53.0,36
D-agsu,Agsu,district,mobile,2023,4,34.984,13.68,32.72,23.822,86.0,59.0,48
D-astara,Astara,district,mobile,2023,4,63.834,18.842,37.86,50.42,122.0,72.0,52
D-babek,Babek,district,mobile,2023,4,47.166,11.391,30.1,22.387,69.0,44.0,31
D-balakan,Balakan,district,mobile,2023,4,27.716,8.689,38.9,23.137,97.0,69.0,49
D-barda,Barda,district,mobile,2023,4,53.612,18.212,40.85,52.713,91.0,72.0,59
D-beylagan,Beylagan,district,mobile,2023,4,45.293,14.018,65.09,40.109,93.0,44.0,29
D-bilasuvar,Bilasuvar,district,mobile,2023,4,55.519,15.169,39.68,48.231,69.0,51.0,42
D-dashkasan,Dashkasan,district,mobile,2023,4,55.008,9.321,47.85,43.754,13.0,8.0,7
D-fuzuli,Fuzuli,district,mobile,2023,4,34.549,11.734,48.17,30.046,58.0,33.0,28
D-gadabay,Gadabay,district,mobile,2023,4,37.966,10.664,49.86,12.968,22.0,20.0,17
D-gobustan,Gobustan,district,mobile,2023,4,62.217,14.382,17.54,75.454,13.0,10.0,10
D-goranboy,Goranboy,district,mobile,2023,4,47.797,14.814,54.5,42.48,78.0,36.0,30
D-goychay,Goychay,district,mobile,2023,4,75.942,17.154,37.2,52.291,99.0,70.0,48
D-goygol,Goygol,district,mobile,2023,4,48.33,14.843,28.3,41.172,161.0,115.0,90
D-hajigabul,Hajigabul,district,mobile,2023,4,48.852,14.108,33.88,40.364,86.0,72.0,56
D-imishli,Imishli,district,mobile,2023,4,67.509,17.516,23.6,49.139,121.0,71.0,47
D-ismailli,Ismailli,district,mobile,2023,4,35.091,15.342,43.24,34.246,46.0,35.0,32
D-jabrayil,Jabrayil,district,mobile,2023,4,24.567,8.02,40.06,19.119,17.0,10.0,10
D-jalilabad,Jalilabad,district,mobile,2023,4,38.664,10.083,67.52,33.195,94.0,62.0,48
D-julfa,Julfa,district,mobile,2023,4,27.777,10.893,59.44,26.401,27.0,19.0,15
D-kalbajar,Kalbajar,district,mobile,2023,4,51.833,13.356,57.16,54.082,38.0,22.0,17
D-kangarli,Kangarli,district,mobile,2023,4,48.95,12.481,78.36,29.705,28.0,21.0,17
D-khachmaz,Khachmaz,district,mobile,2023,4,45.848,13.567,40.0,34.444,223.0,138.0,98
D-khizi,Khizi,district,mobile,2023,4,65.925,13.358,39.05,71.239,19.0,10.0,10
D-khojaly,Khojaly,district,mobile,2023,4,59.431,15.502,55.97,57.008,73.0,30.0,22
D-khojavend,Khojavend,district,mobile,2023,4,73.146,30.431,32.1,55.282,21.0,11.0,9
D-kurdamir,Kurdamir,district,mobile,2023,4,36.87,11.1,37.09,28.238,104.0,70.0,47
D-lachin,Lachin,district,mobile,2023,4,37.841,6.989,29.32,33.626,25.0,17.0,13
D-lankaran,Lankaran,district,mobile,2023,4,79.683,15.199,41.66,41.433,167.0,92.0,73
D-lerik,Lerik,district,mobile,2023,4,35.763,12.003,24.91,38.857,43.0,13.0,11
D-masally,Masally,district,mobile,2023,4,47.299,11.483,26.7,38.01,202.0,111.0,86
D-neftchala,Neftchala,district,mobile,2023,4,57.001,19.867,73.05,43.269,77.0,33.0,26
D-oghuz,Oghuz,district,mobile,2023,4,47.29,12.617,55.69,37.449,26.0,18.0,15
D-ordubad,Ordubad,district,mobile,2023,4,41.804,22.845,79.06,23.287,72.0,24.0,16
D-qabala,Qabala,district,mobile,2023,4,47.332,13.131,40.87,37.081,150.0,105.0,75
D-qakh,Qakh,district,mobile,2023,4,52.906,12.351,39.07,45.134,58.0,39.0,32
D-qazakh,Qazakh,district,mobile,2023,4,45.632,13.006,64.14,32.133,37.0,31.0,29
D-quba,Quba,district,mobile,2023,4,49.656,16.563,52.8,41.275,168.0,113.0,81
D-qubadli,Qubadli,district,mobile,2023,4,5.59,4.988,21.0,5.59,1.0,1.0,1
D-qusar,Qusar,district,mobile,2023,4,58.06,17.733,27.18,31.101,95.0,67.0,57
D-saatly,Saatly,district,mobile,2023,4,41.232,11.163,35.39,38.318,49.0,28.0,24
D-sabirabad,Sabirabad,district,mobile,2023,4,38.961,10.727,59.86,26.706,126.0,79.0,66
D-sadarak,Sadarak,district,mobile,2023,4,63.649,18.904,60.89,47.472,57.0,23.0,18
D-salyan,Salyan,district,mobile,2023,4,44.162,14.856,43.92,33.225,121.0,95.0,83
D-samukh,Samukh,district,mobile,2023,4,65.182,14.93,24.36,50.165,47.0,30.0,24
D-shabran,Shabran,district,mobile,2023,4,50.823,16.543,80.01,38.93,121.0,40.0,31
D-shahbuz,Shahbuz,district,mobile,2023,4,76.624,30.288,75.14,88.89,14.0,9.0,7
D-shaki,Shaki,district,mobile,2023,4,31.082,10.26,49.57,9.628,70.0,50.0,44
D-shamakhi,Shamakhi,district,mobile,2023,4,56.855,16.536,29.59,29.026,108.0,51.0,36
D-shamkir,Shamkir,district,mobile,2023,4,51.053,12.429,30.38,41.528,156.0,96.0,86
D-sharur,Sharur,district,mobile,2023,4,36.022,15.114,40.72,20.395,36.0,26.0,21
D-shusha,Shusha,district,mobile,2023,4,43.093,15.828,19.82,46.552,22.0,15.0,12
D-siazan,Siazan,district,mobile,2023,4,55.407,21.027,74.1,41.232,67.0,29.0,27
D-tartar,Tartar,district,mobile,2023,4,47.02,18.652,48.48,17.072,89.0,47.0,34
D-tovuz,Tovuz,district,mobile,2023,4,36.006,13.415,36.02,30.149,51.0,43.0,41
D-ujar,Ujar,district,mobile,2023,4,47.762,14.218,47.45,44.495,49.0,37.0,31
D-yardymli,Yardymli,district,mobile,2023,4,54.706,12.204,69.7,72.526,20.0,6.0,6
D-yevlakh,Yevlakh,district,mobile,2023,4,34.355,17.005,37.91,31.558,54.0,39.0,36
D-zangilan,Zangilan,district,mobile,2023,4,114.048,26.432,48.96,87.754,24.0,12.0,10
D-zaqatala,Zaqatala,district,mobile,2023,4,49.033,18.474,48.96,38.011,114.0,78.0,51
D-zardab,Zardab,district,mobile,2023,4,22.626,16.151,27.12,10.13,16.0,10.0,8
C-baku,Baku,city,mobile,2024,1,59.144,19.885,26.14,46.269,7740.0,5147.0,1597
C-ganja,Ganja,city,mobile,2024,1,60.5,18.026,23.08,51.308,281.0,197.0,88
C-lankaran,Lankaran,city,mobile,2024,1,40.544,14.781,23.7,32.653,93.0,63.0,24
C-mingachevir,Mingachevir,city,mobile,2024,1,63.257,17.598,21.02,52.211,63.0,47.0,24
C-nakhchivan,Nakhchivan,city,mobile,2024,1,47.511,16.328,25.52,36.712,190.0,133.0,50
C-shaki,Shaki,city,mobile,2024,1,59.043,19.437,19.43,67.44,63.0,45.0,21
C-shirvan,Shirvan,city,mobile,2024,1,41.673,15.019,18.2,36.864,64.0,36.0,19
C-shusha,Shusha,city,mobile,2024,1,68.381,23.296,31.0,68.381,9.0,4.0,1
C-sumqayit,Sumqayit,city,mobile,2024,1,52.271,17.628,28.36,41.626,458.0,333.0,131
C-yevlakh,Yevlakh,city,mobile,2024,1,63.345,21.995,29.78,74.766,9.0,9.0,8
D-absheron,Absheron,district,mobile,2024,1,46.112,15.182,26.3,40.351,661.0,473.0,218
D-agdam,Agdam,district,mobile,2024,1,53.511,11.243,21.03,54.416,32.0,21.0,19
D-agdash,Agdash,district,mobile,2024,1,38.564,13.118,28.93,37.573,72.0,54.0,41
D-aghjabadi,Aghjabadi,district,mobile,2024,1,44.724,13.394,26.07,39.214,43.0,30.0,28
D-agstafa,Agstafa,district,mobile,2024,1,43.146,14.707,29.26,28.566,69.0,52.0,39
D-agsu,Agsu,district,mobile,2024,1,34.88,18.008,31.78,33.036,55.0,44.0,38
D-astara,Astara,district,mobile,2024,1,61.379,14.385,29.85,38.037,179.0,72.0,51
D-babek,Babek,district,mobile,2024,1,27.703,10.837,19.39,17.883,64.0,38.0,33
D-balakan,Balakan,district,mobile,2024,1,36.733,14.981,29.11,15.675,56.0,48.0,41
D-barda,Barda,district,mobile,2024,1,57.513,19.743,42.85,54.436,111.0,73.0,52
D-beylagan,Beylagan,district,mobile,2024,1,50.654,15.372,29.43,37.359,58.0,38.0,33
D-bilasuvar,Bilasuvar,district,mobile,2024,1,60.056,19.99,41.07,59.133,57.0,45.0,43
D-dashkasan,Dashkasan,district,mobile,2024,1,70.254,11.001,52.47,55.72,15.0,11.0,8
D-fuzuli,Fuzuli,district,mobile,2024,1,33.06,11.235,24.79,13.928,39.0,26.0,22
D-gadabay,Gadabay,district,mobile,2024,1,23.736,10.308,25.96,10.755,54.0,28.0,23
D-gobustan,Gobustan,district,mobile,2024,1,42.442,15.922,26.62,26.321,13.0,13.0,12
D-goranboy,Goranboy,district,mobile,2024,1,42.497,17.535,24.18,37.268,55.0,42.0,40
D-goychay,Goychay,district,mobile,2024,1,59.697,16.273,38.41,49.79,82.0,61.0,38
D-goygol,Goygol,district,mobile,2024,1,43.676,11.284,33.33,36.486,152.0,106.0,86
D-hajigabul,Hajigabul,district,mobile,2024,1,46.754,17.135,19.22,42.164,99.0,72.0,52
D-imishli,Imishli,district,mobile,2024,1,59.933,17.431,20.46,44.931,74.0,58.0,39
D-ismailli,Ismailli,district,mobile,2024,1,34.888,14.439,33.41,33.696,44.0,32.0,28
D-jabrayil,Jabrayil,district,mobile,2024,1,24.678,14.349,40.27,6.532,11.0,9.0,8
D-jalilabad,Jalilabad,district,mobile,2024,1,56.6,16.415,39.19,47.083,144.0,84.0,64
D-julfa,Julfa,district,mobile,2024,1,50.615,12.597,26.12,43.518,24.0,13.0,10
D-kalbajar,Kalbajar,district,mobile,2024,1,52.006,18.705,24.27,48.134,11.0,6.0,6
D-kangarli,Kangarli,district,mobile,2024,1,39.827,16.119,52.54,29.362,37.0,22.0,16
D-khachmaz,Khachmaz,district,mobile,2024,1,49.06,14.013,29.77,34.93,204.0,154.0,100
D-khizi,Khizi,district,mobile,2024,1,73.391,15.929,142.33,78.869,6.0,4.0,4
D-khojaly,Khojaly,district,mobile,2024,1,49.379,12.589,51.34,64.42,56.0,25.0,17
D-khojavend,Khojavend,district,mobile,2024,1,24.764,8.438,28.59,24.408,17.0,12.0,8
D-kurdamir,Kurdamir,district,mobile,2024,1,69.438,13.866,22.04,36.406,76.0,48.0,41
D-lachin,Lachin,district,mobile,2024,1,18.349,9.469,25.07,4.94,15.0,15.0,14
D-lankaran,Lankaran,district,mobile,2024,1,54.837,14.032,25.36,34.264,152.0,106.0,85
D-lerik,Lerik,district,mobile,2024,1,58.03,23.437,18.57,63.795,21.0,11.0,11
D-masally,Masally,district,mobile,2024,1,48.812,12.817,32.06,31.562,147.0,103.0,80
D-neftchala,Neftchala,district,mobile,2024,1,47.238,14.177,39.46,39.856,54.0,42.0,34
D-oghuz,Oghuz,district,mobile,2024,1,63.54,21.454,20.94,33.026,34.0,17.0,16
D-ordubad,Ordubad,district,mobile,2024,1,51.339,11.131,22.22,36.037,32.0,13.0,12
D-qabala,Qabala,district,mobile,2024,1,43.029,13.401,28.83,30.159,104.0,77.0,56
D-qakh,Qakh,district,mobile,2024,1,60.953,28.24,24.75,69.174,40.0,20.0,17
D-qazakh,Qazakh,district,mobile,2024,1,51.357,12.823,22.4,44.054,48.0,36.0,31
D-quba,Quba,district,mobile,2024,1,50.364,15.754,51.6,49.29,191.0,120.0,81
D-qubadli,Qubadli,district,mobile,2024,1,103.117,9.552,22.0,188.453,5.0,3.0,3
D-qusar,Qusar,district,mobile,2024,1,58.542,19.214,23.56,32.951,155.0,89.0,68
D-saatly,Saatly,district,mobile,2024,1,58.307,15.013,64.71,46.724,92.0,40.0,31
D-sabirabad,Sabirabad,district,mobile,2024,1,34.592,10.354,71.48,32.753,128.0,77.0,61
D-sadarak,Sadarak,district,mobile,2024,1,113.563,35.239,49.58,62.063,73.0,24.0,19
D-salyan,Salyan,district,mobile,2024,1,42.504,14.19,25.45,29.214,110.0,78.0,69
D-samukh,Samukh,district,mobile,2024,1,42.928,15.525,24.27,25.347,51.0,43.0,35
D-shabran,Shabran,district,mobile,2024,1,47.568,12.848,60.15,34.817,74.0,28.0,25
D-shahbuz,Shahbuz,district,mobile,2024,1,72.952,9.589,22.5,72.952,2.0,2.0,2
D-shaki,Shaki,district,mobile,2024,1,58.117,13.843,31.9,50.008,59.0,49.0,48
D-shamakhi,Shamakhi,district,mobile,2024,1,66.082,20.706,22.02,35.896,94.0,25.0,20
D-shamkir,Shamkir,district,mobile,2024,1,62.911,13.895,21.09,44.392,93.0,68.0,57
D-sharur,Sharur,district,mobile,2024,1,35.403,13.468,21.89,27.368,117.0,59.0,46
D-shusha,Shusha,district,mobile,2024,1,34.568,17.887,20.2,43.682,10.0,4.0,2
D-siazan,Siazan,district,mobile,2024,1,57.987,24.413,24.26,46.806,38.0,29.0,21
D-tartar,Tartar,district,mobile,2024,1,58.111,15.682,20.67,33.613,39.0,27.0,23
D-tovuz,Tovuz,district,mobile,2024,1,46.738,17.937,22.1,40.119,41.0,33.0,31
D-ujar,Ujar,district,mobile,2024,1,41.486,15.806,38.41,34.491,54.0,37.0,33
D-yardymli,Yardymli,district,mobile,2024,1,58.84,17.961,51.57,68.93,7.0,6.0,6
D-yevlakh,Yevlakh,district,mobile,2024,1,41.219,12.026,36.62,21.129,42.0,33.0,31
D-zangilan,Zangilan,district,mobile,2024,1,50.125,9.23,53.82,35.672,17.0,13.0,12
D-zaqatala,Zaqatala,district,mobile,2024,1,36.323,11.934,75.02,33.202,192.0,102.0,70
D-zardab,Zardab,district,mobile,2024,1,31.849,3.43,23.0,18.124,4.0,4.0,4
C-baku,Baku,city,mobile,2024,2,64.435,21.841,25.24,49.555,7375.0,5107.0,1635
C-ganja,Ganja,city,mobile,2024,2,56.171,19.935,25.14,47.694,315.0,235.0,102
C-lankaran,Lankaran,city,mobile,2024,2,55.338,21.916,23.04,51.987,94.0,59.0,23
C-mingachevir,Mingachevir,city,mobile,2024,2,40.701,18.464,27.05,23.893,61.0,48.0,32
C-nakhchivan,Nakhchivan,city,mobile,2024,2,50.619,13.701,24.83,37.732,160.0,105.0,54
C-shaki,Shaki,city,mobile,2024,2,61.514,23.446,25.88,62.508,72.0,48.0,20
C-shirvan,Shirvan,city,mobile,2024,2,35.452,8.115,24.23,15.392,43.0,26.0,18
C-shusha,Shusha,city,mobile,2024,2,59.806,14.98,22.57,56.646,7.0,5.0,3
C-sumqayit,Sumqayit,city,mobile,2024,2,55.052,19.055,32.45,47.11,466.0,310.0,118
C-yevlakh,Yevlakh,city,mobile,2024,2,43.946,14.18,20.24,40.276,17.0,13.0,11
D-absheron,Absheron,district,mobile,2024,2,57.662,18.011,23.19,50.828,570.0,404.0,189
D-agdam,Agdam,district,mobile,2024,2,37.964,21.667,27.24,18.397,49.0,27.0,24
D-agdash,Agdash,district,mobile,2024,2,45.727,15.374,30.42,36.722,52.0,38.0,32
D-aghjabadi,Aghjabadi,district,mobile,2024,2,61.454,20.118,29.43,55.189,47.0,35.0,29
D-agstafa,Agstafa,district,mobile,2024,2,42.214,14.499,25.14,21.154,77.0,60.0,42
D-agsu,Agsu,district,mobile,2024,2,40.174,17.98,21.1,36.948,30.0,29.0,24
D-astara,Astara,district,mobile,2024,2,67.045,18.431,34.5,38.642,102.0,66.0,55
D-babek,Babek,district,mobile,2024,2,43.473,10.717,20.54,33.894,65.0,43.0,38
D-balakan,Balakan,district,mobile,2024,2,35.282,10.629,29.33,23.114,73.0,40.0,33
D-barda,Barda,district,mobile,2024,2,54.07,17.137,24.92,31.286,110.0,73.0,55
D-beylagan,Beylagan,district,mobile,2024,2,64.373,18.187,57.33,61.355,48.0,32.0,29
D-bilasuvar,Bilasuvar,district,mobile,2024,2,68.88,17.568,35.61,54.45,57.0,41.0,36
D-dashkasan,Dashkasan,district,mobile,2024,2,46.613,15.572,19.85,58.29,20.0,12.0,10
D-fuzuli,Fuzuli,district,mobile,2024,2,71.506,15.108,22.12,75.319,25.0,22.0,19
D-gadabay,Gadabay,district,mobile,2024,2,43.304,14.157,36.02,40.697,41.0,24.0,23
D-gobustan,Gobustan,district,mobile,2024,2,69.284,22.416,20.44,59.241,16.0,12.0,10
D-goranboy,Goranboy,district,mobile,2024,2,43.827,13.594,25.57,34.768,75.0,53.0,46
D-goychay,Goychay,district,mobile,2024,2,56.305,18.445,26.11,57.93,56.0,38.0,28
D-goygol,Goygol,district,mobile,2024,2,55.453,17.678,39.89,37.319,164.0,109.0,81
D-hajigabul,Hajigabul,district,mobile,2024,2,43.88,11.419,21.42,37.462,65.0,49.0,43
D-imishli,Imishli,district,mobile,2024,2,54.865,14.198,21.12,52.005,78.0,52.0,38
D-ismailli,Ismailli,district,mobile,2024,2,52.942,12.45,23.43,37.607,72.0,45.0,41
D-jabrayil,Jabrayil,district,mobile,2024,2,29.828,14.836,35.58,12.512,12.0,7.0,7
D-jalilabad,Jalilabad,district,mobile,2024,2,70.0,20.045,50.97,50.636,134.0,69.0,59
D-julfa,Julfa,district,mobile,2024,2,45.754,11.692,41.44,46.156,18.0,17.0,12
D-kalbajar,Kalbajar,district,mobile,2024,2,21.489,7.946,57.33,23.909,9.0,5.0,4
D-kangarli,Kangarli,district,mobile,2024,2,39.311,14.34,57.16,34.632,86.0,31.0,23
D-khachmaz,Khachmaz,district,mobile,2024,2,54.575,17.509,28.15,37.604,238.0,169.0,116
D-khizi,Khizi,district,mobile,2024,2,44.676,19.218,23.23,26.168,22.0,18.0,18
D-khojaly,Khojaly,district,mobile,2024,2,61.191,22.358,34.19,58.616,26.0,23.0,19
D-khojavend,Khojavend,district,mobile,2024,2,33.102,13.638,19.67,4.832,3.0,3.0,3
D-kurdamir,Kurdamir,district,mobile,2024,2,55.652,16.04,23.79,45.929,70.0,48.0,38
D-lachin,Lachin,district,mobile,2024,2,45.372,14.536,27.72,35.703,18.0,14.0,13
D-lankaran,Lankaran,district,mobile,2024,2,66.51,13.46,35.43,43.092,189.0,97.0,73
D-lerik,Lerik,district,mobile,2024,2,39.972,10.05,22.61,41.062,44.0,20.0,18
D-masally,Masally,district,mobile,2024,2,69.678,20.795,28.82,58.472,156.0,97.0,82
D-neftchala,Neftchala,district,mobile,2024,2,68.038,12.117,65.97,51.411,74.0,37.0,33
D-oghuz,Oghuz,district,mobile,2024,2,71.472,21.462,22.8,55.984,30.0,22.0,13
D-ordubad,Ordubad,district,mobile,2024,2,77.812,12.804,20.81,48.844,16.0,12.0,12
D-qabala,Qabala,district,mobile,2024,2,43.077,15.009,29.69,33.01,156.0,100.0,72
D-qakh,Qakh,district,mobile,2024,2,46.489,20.299,21.63,41.005,19.0,16.0,15
D-qazakh,Qazakh,district,mobile,2024,2,50.411,15.862,21.4,53.748,42.0,33.0,27
D-quba,Quba,district,mobile,2024,2,50.992,14.166,32.79,47.852,146.0,108.0,85
D-qubadli,Qubadli,district,mobile,2024,2,106.454,16.846,22.12,12.338,8.0,5.0,5
D-qusar,Qusar,district,mobile,2024,2,45.219,19.582,26.09,42.13,143.0,97.0,69
D-saatly,Saatly,district,mobile,2024,2,42.954,14.159,26.0,25.002,67.0,45.0,35
D-sabirabad,Sabirabad,district,mobile,2024,2,48.522,11.405,70.12,37.74,135.0,79.0,70
D-sadarak,Sadarak,district,mobile,2024,2,98.531,47.777,56.9,54.855,77.0,22.0,19
D-salyan,Salyan,district,mobile,2024,2,44.417,16.848,23.04,28.756,134.0,97.0,78
D-samukh,Samukh,district,mobile,2024,2,54.585,16.857,31.0,45.364,28.0,22.0,19
D-shabran,Shabran,district,mobile,2024,2,52.438,17.5,30.17,42.44,47.0,34.0,29
D-shahbuz,Shahbuz,district,mobile,2024,2,41.63,13.958,19.62,41.435,21.0,12.0,11
D-shaki,Shaki,district,mobile,2024,2,54.508,15.647,24.04,29.927,56.0,46.0,42
D-shamakhi,Shamakhi,district,mobile,2024,2,43.253,20.53,33.68,29.066,53.0,39.0,34
D-shamkir,Shamkir,district,mobile,2024,2,44.682,12.246,22.55,32.941,102.0,66.0,54
D-sharur,Sharur,district,mobile,2024,2,28.409,10.411,31.63,18.32,78.0,51.0,41
D-shusha,Shusha,district,mobile,2024,2,18.996,5.833,21.71,51.54,7.0,3.0,2
D-siazan,Siazan,district,mobile,2024,2,41.561,18.393,24.04,31.279,25.0,22.0,17
D-tartar,Tartar,district,mobile,2024,2,88.455,25.129,29.27,52.228,49.0,26.0,20
D-tovuz,Tovuz,district,mobile,2024,2,66.792,18.178,25.42,45.125,45.0,35.0,32
D-ujar,Ujar,district,mobile,2024,2,43.56,21.382,44.95,27.671,41.0,28.0,25
D-yardymli,Yardymli,district,mobile,2024,2,57.099,15.972,22.75,59.626,12.0,11.0,9
D-yevlakh,Yevlakh,district,mobile,2024,2,49.337,13.089,21.62,32.539,45.0,34.0,33
D-zangilan,Zangilan,district,mobile,2024,2,46.141,12.494,125.19,34.441,74.0,21.0,17
D-zaqatala,Zaqatala,district,mobile,2024,2,36.038,16.085,31.28,24.992,72.0,60.0,41
D-zardab,Zardab,district,mobile,2024,2,26.642,11.177,18.67,43.0,12.0,7.0,7
C-baku,Baku,city,mobile,2024,3,70.393,22.833,25.57,56.075,10562.0,7012.0,1923
C-ganja,Ganja,city,mobile,2024,3,60.321,20.287,32.39,47.924,409.0,314.0,112
C-khankendi,Khankendi,city,mobile,2024,3,18.643,7.739,31.62,5.894,13.0,5.0,3
C-lankaran,Lankaran,city,mobile,2024,3,52.578,16.79,22.92,43.266,142.0,100.0,40
C-mingachevir,Mingachevir,city,mobile,2024,3,68.911,21.973,40.3,48.511,110.0,80.0,41
C-nakhchivan,Nakhchivan,city,mobile,2024,3,46.499,18.937,29.75,36.085,169.0,101.0,50
C-shaki,Shaki,city,mobile,2024,3,63.215,21.007,37.23,59.491,81.0,64.0,25
C-shirvan,Shirvan,city,mobile,2024,3,56.995,19.33,20.68,44.21,66.0,48.0,19
C-shusha,Shusha,city,mobile,2024,3,31.453,25.103,29.6,31.172,5.0,5.0,2
C-sumqayit,Sumqayit,city,mobile,2024,3,52.46,17.005,29.12,46.921,738.0,524.0,164
C-yevlakh,Yevlakh,city,mobile,2024,3,67.655,25.053,24.81,72.748,21.0,13.0,6
D-absheron,Absheron,district,mobile,2024,3,55.077,16.101,25.16,48.849,784.0,526.0,243
D-agdam,Agdam,district,mobile,2024,3,35.472,9.634,24.22,25.254,46.0,31.0,28
D-agdash,Agdash,district,mobile,2024,3,53.243,15.36,23.92,41.338,101.0,74.0,57
D-aghjabadi,Aghjabadi,district,mobile,2024,3,54.502,16.538,22.43,46.106,72.0,55.0,45
D-agstafa,Agstafa,district,mobile,2024,3,53.685,19.303,33.22,38.022,95.0,61.0,42
D-agsu,Agsu,district,mobile,2024,3,41.916,17.994,26.9,35.667,59.0,47.0,43
D-astara,Astara,district,mobile,2024,3,64.139,14.662,39.87,48.272,176.0,101.0,76
D-babek,Babek,district,mobile,2024,3,48.158,13.138,23.88,46.88,82.0,43.0,31
D-balakan,Balakan,district,mobile,2024,3,64.29,14.779,24.07,52.775,73.0,57.0,48
D-barda,Barda,district,mobile,2024,3,47.749,15.351,26.67,40.164,99.0,77.0,52
D-beylagan,Beylagan,district,mobile,2024,3,63.535,16.368,35.47,48.282,64.0,43.0,39
D-bilasuvar,Bilasuvar,district,mobile,2024,3,72.22,18.779,31.72,62.621,81.0,63.0,53
D-dashkasan,Dashkasan,district,mobile,2024,3,45.358,16.536,39.86,44.937,29.0,20.0,15
D-fuzuli,Fuzuli,district,mobile,2024,3,56.766,15.218,21.51,32.266,37.0,24.0,20
D-gadabay,Gadabay,district,mobile,2024,3,46.247,10.36,31.39,24.526,56.0,39.0,36
D-gobustan,Gobustan,district,mobile,2024,3,53.678,17.973,21.35,62.242,23.0,17.0,14
D-goranboy,Goranboy,district,mobile,2024,3,43.622,14.375,23.52,28.349,97.0,71.0,60
D-goychay,Goychay,district,mobile,2024,3,49.775,14.358,27.18,30.694,124.0,82.0,53
D-goygol,Goygol,district,mobile,2024,3,42.912,19.44,26.51,36.184,269.0,163.0,123
D-hajigabul,Hajigabul,district,mobile,2024,3,52.991,16.616,38.68,48.319,151.0,90.0,68
D-imishli,Imishli,district,mobile,2024,3,52.084,12.29,24.85,45.396,67.0,54.0,37
D-ismailli,Ismailli,district,mobile,2024,3,57.498,15.618,30.69,39.982,68.0,53.0,46
D-jabrayil,Jabrayil,district,mobile,2024,3,55.787,24.067,32.86,38.642,14.0,9.0,8
D-jalilabad,Jalilabad,district,mobile,2024,3,64.454,13.49,88.55,43.35,139.0,89.0,70
D-julfa,Julfa,district,mobile,2024,3,47.232,12.637,31.65,33.376,23.0,16.0,14
D-kalbajar,Kalbajar,district,mobile,2024,3,41.4,8.863,55.8,42.416,20.0,12.0,9
D-kangarli,Kangarli,district,mobile,2024,3,56.469,18.68,118.52,33.758,25.0,14.0,12
D-khachmaz,Khachmaz,district,mobile,2024,3,55.154,17.955,26.96,42.321,364.0,246.0,167
D-khizi,Khizi,district,mobile,2024,3,29.656,9.803,21.49,25.507,49.0,25.0,19
D-khojaly,Khojaly,district,mobile,2024,3,55.219,20.216,34.67,48.344,30.0,24.0,16
D-khojavend,Khojavend,district,mobile,2024,3,39.502,15.943,20.0,41.249,3.0,3.0,3
D-kurdamir,Kurdamir,district,mobile,2024,3,45.217,19.458,21.81,38.233,95.0,69.0,56
D-lachin,Lachin,district,mobile,2024,3,32.942,8.115,44.03,25.69,60.0,28.0,24
D-lankaran,Lankaran,district,mobile,2024,3,65.853,17.325,22.79,57.348,182.0,134.0,103
D-lerik,Lerik,district,mobile,2024,3,61.522,17.151,25.76,47.921,59.0,49.0,35
D-masally,Masally,district,mobile,2024,3,57.343,15.2,24.75,44.426,224.0,151.0,116
D-neftchala,Neftchala,district,mobile,2024,3,49.716,15.6,27.0,55.953,123.0,91.0,65
D-oghuz,Oghuz,district,mobile,2024,3,40.799,11.959,21.03,27.455,35.0,30.0,25
D-ordubad,Ordubad,district,mobile,2024,3,85.944,32.895,44.03,56.881,39.0,19.0,14
D-qabala,Qabala,district,mobile,2024,3,55.942,17.925,26.82,41.346,146.0,119.0,102
D-qakh,Qakh,district,mobile,2024,3,47.159,12.639,22.7,48.567,47.0,39.0,30
D-qazakh,Qazakh,district,mobile,2024,3,50.206,17.517,27.35,49.132,51.0,38.0,34
D-quba,Quba,district,mobile,2024,3,57.393,18.489,36.59,40.085,289.0,198.0,147
D-qubadli,Qubadli,district,mobile,2024,3,39.686,18.392,24.0,9.888,7.0,7.0,7
D-qusar,Qusar,district,mobile,2024,3,47.636,13.636,28.02,43.468,179.0,132.0,100
D-saatly,Saatly,district,mobile,2024,3,39.861,12.825,23.97,23.819,87.0,56.0,49
D-sabirabad,Sabirabad,district,mobile,2024,3,45.536,15.33,58.83,40.143,180.0,107.0,87
D-sadarak,Sadarak,district,mobile,2024,3,72.558,38.669,53.06,45.598,70.0,33.0,23
D-salyan,Salyan,district,mobile,2024,3,52.128,16.704,32.88,39.831,176.0,117.0,93
D-samukh,Samukh,district,mobile,2024,3,48.296,13.988,24.31,37.18,80.0,52.0,45
D-shabran,Shabran,district,mobile,2024,3,37.245,16.972,25.7,32.761,60.0,47.0,42
D-shahbuz,Shahbuz,district,mobile,2024,3,5.533,0.098,171.0,5.533,1.0,1.0,1
D-shaki,Shaki,district,mobile,2024,3,48.134,16.109,27.36,45.6,112.0,81.0,70
D-shamakhi,Shamakhi,district,mobile,2024,3,40.448,20.151,31.35,35.793,62.0,54.0,37
D-shamkir,Shamkir,district,mobile,2024,3,61.964,16.721,25.35,50.98,142.0,107.0,87
D-sharur,Sharur,district,mobile,2024,3,43.871,19.678,40.14,24.7,79.0,45.0,31
D-shusha,Shusha,district,mobile,2024,3,83.49,11.047,23.14,23.137,7.0,4.0,3
D-siazan,Siazan,district,mobile,2024,3,33.99,16.344,22.49,33.1,75.0,42.0,28
D-tartar,Tartar,district,mobile,2024,3,68.623,14.067,62.63,56.974,83.0,47.0,32
D-tovuz,Tovuz,district,mobile,2024,3,40.708,16.097,30.8,33.488,75.0,62.0,51
D-ujar,Ujar,district,mobile,2024,3,44.116,15.617,33.85,27.799,60.0,43.0,35
D-yardymli,Yardymli,district,mobile,2024,3,50.909,23.218,22.43,50.037,35.0,22.0,20
D-yevlakh,Yevlakh,district,mobile,2024,3,39.717,10.773,38.12,20.406,48.0,38.0,33
D-zangilan,Zangilan,district,mobile,2024,3,34.381,15.035,98.13,19.939,23.0,13.0,11
D-zaqatala,Zaqatala,district,mobile,2024,3,59.641,19.178,31.08,46.812,123.0,93.0,68
D-zardab,Zardab,district,mobile,2024,3,30.127,10.55,32.8,33.112,10.0,7.0,6
C-baku,Baku,city,mobile,2024,4,75.547,25.027,23.75,57.932,10538.0,6768.0,1816
C-ganja,Ganja,city,mobile,2024,4,52.327,17.554,28.19,45.596,423.0,318.0,108
C-khankendi,Khankendi,city,mobile,2024,4,37.333,19.271,44.8,36.881,5.0,4.0,3
C-lankaran,Lankaran,city,mobile,2024,4,52.745,17.879,23.02,46.687,87.0,67.0,30
C-mingachevir,Mingachevir,city,mobile,2024,4,52.677,24.425,23.78,46.64,152.0,90.0,42
C-nakhchivan,Nakhchivan,city,mobile,2024,4,55.646,22.273,31.45,38.766,191.0,116.0,48
C-shaki,Shaki,city,mobile,2024,4,46.875,15.208,28.54,33.535,67.0,46.0,24
C-shirvan,Shirvan,city,mobile,2024,4,45.749,18.146,20.52,43.002,60.0,48.0,22
C-shusha,Shusha,city,mobile,2024,4,2.932,2.964,19.0,2.932,2.0,2.0,1
C-sumqayit,Sumqayit,city,mobile,2024,4,56.094,18.785,21.8,50.175,674.0,469.0,145
C-yevlakh,Yevlakh,city,mobile,2024,4,59.069,16.91,27.07,38.953,28.0,23.0,17
D-absheron,Absheron,district,mobile,2024,4,60.857,22.007,23.1,52.669,788.0,519.0,227
D-agdam,Agdam,district,mobile,2024,4,45.474,17.5,27.93,24.9,41.0,31.0,25
D-agdash,Agdash,district,mobile,2024,4,50.161,17.243,24.72,34.537,111.0,75.0,53
D-aghjabadi,Aghjabadi,district,mobile,2024,4,62.811,19.606,22.87,50.907,63.0,48.0,36
D-agstafa,Agstafa,district,mobile,2024,4,46.818,15.672,24.23,39.287,65.0,43.0,28
D-agsu,Agsu,district,mobile,2024,4,41.924,17.562,20.19,41.907,47.0,29.0,27
D-astara,Astara,district,mobile,2024,4,58.459,15.498,23.97,51.207,139.0,95.0,71
D-babek,Babek,district,mobile,2024,4,35.517,12.315,31.26,37.13,90.0,54.0,44
D-balakan,Balakan,district,mobile,2024,4,50.644,21.648,22.12,47.662,59.0,36.0,31
D-barda,Barda,district,mobile,2024,4,50.342,18.155,32.0,34.916,103.0,82.0,58
D-beylagan,Beylagan,district,mobile,2024,4,55.144,19.091,38.67,58.966,55.0,31.0,24
D-bilasuvar,Bilasuvar,district,mobile,2024,4,51.864,10.365,32.12,41.581,74.0,48.0,43
D-dashkasan,Dashkasan,district,mobile,2024,4,53.678,15.922,29.61,47.03,33.0,25.0,16
D-fuzuli,Fuzuli,district,mobile,2024,4,91.337,21.92,26.47,77.839,30.0,22.0,17
D-gadabay,Gadabay,district,mobile,2024,4,64.499,15.314,31.81,60.382,43.0,28.0,25
D-gobustan,Gobustan,district,mobile,2024,4,104.005,19.683,19.72,88.282,36.0,20.0,15
D-goranboy,Goranboy,district,mobile,2024,4,81.196,21.817,20.64,54.729,66.0,54.0,49
D-goychay,Goychay,district,mobile,2024,4,57.866,20.307,22.93,49.76,157.0,83.0,52
D-goygol,Goygol,district,mobile,2024,4,50.59,15.335,23.82,39.926,178.0,142.0,103
D-hajigabul,Hajigabul,district,mobile,2024,4,48.877,15.309,24.02,47.26,139.0,69.0,50
D-imishli,Imishli,district,mobile,2024,4,58.862,17.114,24.17,50.686,96.0,63.0,49
D-ismailli,Ismailli,district,mobile,2024,4,56.782,14.147,23.47,49.518,60.0,46.0,42
D-jabrayil,Jabrayil,district,mobile,2024,4,20.01,6.714,37.05,11.941,19.0,13.0,9
D-jalilabad,Jalilabad,district,mobile,2024,4,67.18,14.753,27.06,61.788,144.0,72.0,59
D-julfa,Julfa,district,mobile,2024,4,58.97,25.085,32.96,57.126,25.0,12.0,11
D-kalbajar,Kalbajar,district,mobile,2024,4,54.745,9.071,24.12,53.518,16.0,14.0,13
D-kangarli,Kangarli,district,mobile,2024,4,68.357,18.736,63.45,68.352,20.0,12.0,8
D-khachmaz,Khachmaz,district,mobile,2024,4,56.113,17.607,30.97,45.632,325.0,215.0,133
D-khizi,Khizi,district,mobile,2024,4,51.739,9.456,22.08,34.097,66.0,27.0,26
D-khojaly,Khojaly,district,mobile,2024,4,40.113,16.386,33.82,48.23,89.0,42.0,18
D-khojavend,Khojavend,district,mobile,2024,4,114.675,23.221,19.6,80.95,5.0,4.0,4
D-kurdamir,Kurdamir,district,mobile,2024,4,50.708,16.682,23.05,41.318,95.0,67.0,52
D-lachin,Lachin,district,mobile,2024,4,26.242,7.911,31.34,26.403,35.0,21.0,19
D-lankaran,Lankaran,district,mobile,2024,4,64.162,22.086,21.38,54.244,143.0,104.0,83
D-lerik,Lerik,district,mobile,2024,4,30.557,15.992,22.79,32.196,19.0,14.0,12
D-masally,Masally,district,mobile,2024,4,58.087,12.411,20.74,56.086,197.0,108.0,88
D-neftchala,Neftchala,district,mobile,2024,4,63.565,20.636,22.08,67.527,83.0,65.0,50
D-oghuz,Oghuz,district,mobile,2024,4,56.123,10.417,22.9,31.465,31.0,21.0,19
D-ordubad,Ordubad,district,mobile,2024,4,49.209,11.801,24.16,40.115,19.0,17.0,15
D-qabala,Qabala,district,mobile,2024,4,50.094,15.726,23.28,38.676,124.0,102.0,77
D-qakh,Qakh,district,mobile,2024,4,54.441,12.911,23.64,42.567,50.0,31.0,27
D-qazakh,Qazakh,district,mobile,2024,4,51.957,16.159,22.02,46.418,54.0,43.0,34
D-quba,Quba,district,mobile,2024,4,51.021,18.966,21.78,44.212,155.0,116.0,81
D-qubadli,Qubadli,district,mobile,2024,4,14.045,8.002,21.67,11.85,9.0,7.0,6
D-qusar,Qusar,district,mobile,2024,4,48.575,18.892,30.9,41.309,120.0,98.0,78
D-saatly,Saatly,district,mobile,2024,4,63.822,20.308,20.86,42.266,77.0,51.0,47
D-sabirabad,Sabirabad,district,mobile,2024,4,64.998,19.682,29.06,51.039,147.0,89.0,71
D-sadarak,Sadarak,district,mobile,2024,4,105.995,43.615,51.71,77.063,72.0,19.0,17
D-salyan,Salyan,district,mobile,2024,4,45.052,14.241,20.96,38.817,156.0,104.0,84
D-samukh,Samukh,district,mobile,2024,4,43.998,15.162,27.35,27.531,57.0,49.0,40
D-shabran,Shabran,district,mobile,2024,4,50.491,19.913,27.27,29.388,30.0,26.0,26
D-shahbuz,Shahbuz,district,mobile,2024,4,34.554,1.964,29.5,34.554,2.0,2.0,2
D-shaki,Shaki,district,mobile,2024,4,42.895,12.729,23.04,47.534,92.0,63.0,47
D-shamakhi,Shamakhi,district,mobile,2024,4,66.86,21.287,19.48,52.422,50.0,39.0,33
D-shamkir,Shamkir,district,mobile,2024,4,62.351,17.661,25.58,54.607,144.0,108.0,85
D-sharur,Sharur,district,mobile,2024,4,42.052,15.948,38.07,30.249,57.0,32.0,22
D-shusha,Shusha,district,mobile,2024,4,20.101,2.911,61.6,16.932,5.0,4.0,3
D-siazan,Siazan,district,mobile,2024,4,43.082,15.376,20.4,39.688,50.0,33.0,22
D-tartar,Tartar,district,mobile,2024,4,85.199,18.996,26.93,55.234,59.0,45.0,41
D-tovuz,Tovuz,district,mobile,2024,4,52.93,14.343,29.27,38.791,67.0,52.0,41
D-ujar,Ujar,district,mobile,2024,4,46.86,22.319,26.7,39.436,50.0,37.0,31
D-yardymli,Yardymli,district,mobile,2024,4,46.831,15.773,21.47,43.256,30.0,23.0,20
D-yevlakh,Yevlakh,district,mobile,2024,4,60.595,24.465,21.78,36.438,40.0,35.0,31
D-zangilan,Zangilan,district,mobile,2024,4,65.508,19.14,44.56,41.795,16.0,13.0,12
D-zaqatala,Zaqatala,district,mobile,2024,4,52.095,19.474,26.98,44.984,82.0,65.0,46
D-zardab,Zardab,district,mobile,2024,4,78.656,28.427,22.45,74.946,11.0,8.0,8
C-baku,Baku,city,mobile,2025,1,127.335,29.107,21.71,62.43,7846.0,4788.0,1542
C-ganja,Ganja,city,mobile,2025,1,54.99,16.505,24.19,40.598,241.0,181.0,92
C-khankendi,Khankendi,city,mobile,2025,1,41.812,14.936,35.0,58.57,6.0,3.0,2
C-lankaran,Lankaran,city,mobile,2025,1,65.364,21.278,21.64,50.462,59.0,45.0,25
C-mingachevir,Mingachevir,city,mobile,2025,1,70.022,28.651,19.61,59.265,127.0,63.0,30
C-nakhchivan,Nakhchivan,city,mobile,2025,1,47.694,21.073,51.98,36.811,155.0,92.0,41
C-shaki,Shaki,city,mobile,2025,1,52.595,20.867,55.37,48.965,90.0,57.0,28
C-shirvan,Shirvan,city,mobile,2025,1,49.463,20.647,20.63,40.374,35.0,26.0,16
C-sumqayit,Sumqayit,city,mobile,2025,1,59.715,17.995,21.56,50.543,416.0,299.0,131
C-yevlakh,Yevlakh,city,mobile,2025,1,56.392,10.526,57.62,41.072,8.0,6.0,6
D-absheron,Absheron,district,mobile,2025,1,69.19,23.187,22.13,50.284,588.0,413.0,206
D-agdam,Agdam,district,mobile,2025,1,57.661,21.541,25.14,43.779,56.0,40.0,35
D-agdash,Agdash,district,mobile,2025,1,67.726,27.697,19.6,61.014,60.0,48.0,36
D-aghjabadi,Aghjabadi,district,mobile,2025,1,68.088,21.068,22.18,60.096,50.0,38.0,32
D-agstafa,Agstafa,district,mobile,2025,1,45.512,23.383,33.84,29.25,63.0,37.0,26
D-agsu,Agsu,district,mobile,2025,1,54.071,13.539,23.75,57.246,63.0,34.0,28
D-astara,Astara,district,mobile,2025,1,54.52,19.196,25.04,44.894,81.0,66.0,53
D-babek,Babek,district,mobile,2025,1,48.802,14.555,35.02,43.716,44.0,33.0,29
D-balakan,Balakan,district,mobile,2025,1,78.36,20.828,21.93,50.492,29.0,25.0,21
D-barda,Barda,district,mobile,2025,1,63.661,17.693,22.49,61.057,53.0,43.0,37
D-beylagan,Beylagan,district,mobile,2025,1,61.645,22.61,22.24,58.955,37.0,28.0,25
D-bilasuvar,Bilasuvar,district,mobile,2025,1,78.499,23.58,30.03,45.402,61.0,35.0,30
D-dashkasan,Dashkasan,district,mobile,2025,1,58.923,35.08,28.62,48.894,13.0,9.0,8
D-fuzuli,Fuzuli,district,mobile,2025,1,65.951,15.779,26.17,46.966,47.0,32.0,26
D-gadabay,Gadabay,district,mobile,2025,1,62.269,20.441,33.93,59.118,29.0,16.0,14
D-gobustan,Gobustan,district,mobile,2025,1,103.585,29.336,17.62,100.518,13.0,8.0,8
D-goranboy,Goranboy,district,mobile,2025,1,61.402,20.225,21.33,54.598,45.0,39.0,32
D-goychay,Goychay,district,mobile,2025,1,71.309,27.314,19.5,62.236,76.0,51.0,32
D-goygol,Goygol,district,mobile,2025,1,49.302,15.865,21.94,39.301,117.0,89.0,75
D-hajigabul,Hajigabul,district,mobile,2025,1,63.153,22.397,31.8,51.749,82.0,53.0,43
D-imishli,Imishli,district,mobile,2025,1,49.443,17.992,17.89,52.988,47.0,29.0,27
D-ismailli,Ismailli,district,mobile,2025,1,87.61,33.543,24.59,87.124,29.0,21.0,16
D-jabrayil,Jabrayil,district,mobile,2025,1,36.369,13.056,29.53,45.336,15.0,12.0,9
D-jalilabad,Jalilabad,district,mobile,2025,1,58.736,17.26,31.68,38.276,59.0,39.0,34
D-julfa,Julfa,district,mobile,2025,1,29.119,12.443,61.93,26.605,15.0,9.0,7
D-kalbajar,Kalbajar,district,mobile,2025,1,32.311,9.061,44.55,36.268,11.0,9.0,7
D-kangarli,Kangarli,district,mobile,2025,1,53.142,18.36,92.38,50.585,37.0,22.0,18
D-khachmaz,Khachmaz,district,mobile,2025,1,64.842,19.622,19.29,54.294,201.0,156.0,108
D-khizi,Khizi,district,mobile,2025,1,53.324,17.374,16.87,14.14,15.0,14.0,11
D-khojaly,Khojaly,district,mobile,2025,1,46.713,13.389,29.32,52.693,34.0,28.0,21
D-khojavend,Khojavend,district,mobile,2025,1,0.654,0.821,38.0,0.914,5.0,4.0,4
D-kurdamir,Kurdamir,district,mobile,2025,1,59.92,13.092,22.55,47.364,66.0,51.0,40
D-lachin,Lachin,district,mobile,2025,1,6.972,4.18,26.1,3.366,20.0,13.0,12
D-lankaran,Lankaran,district,mobile,2025,1,64.642,21.245,22.15,48.75,94.0,71.0,65
D-lerik,Lerik,district,mobile,2025,1,52.612,24.318,18.81,53.844,21.0,13.0,12
D-masally,Masally,district,mobile,2025,1,61.724,15.761,19.86,44.947,101.0,74.0,69
D-neftchala,Neftchala,district,mobile,2025,1,69.718,23.608,18.66,56.406,62.0,43.0,34
D-oghuz,Oghuz,district,mobile,2025,1,57.834,18.218,21.52,72.577,25.0,13.0,10
D-ordubad,Ordubad,district,mobile,2025,1,46.56,11.933,28.64,43.662,25.0,13.0,12
D-qabala,Qabala,district,mobile,2025,1,59.348,18.212,24.53,50.949,74.0,66.0,51
D-qakh,Qakh,district,mobile,2025,1,58.975,18.786,28.33,53.386,30.0,22.0,20
D-qazakh,Qazakh,district,mobile,2025,1,41.075,14.276,24.6,43.053,30.0,21.0,20
D-quba,Quba,district,mobile,2025,1,56.265,19.117,22.76,46.374,131.0,88.0,71
D-qubadli,Qubadli,district,mobile,2025,1,17.24,3.266,19.25,11.737,4.0,3.0,2
D-qusar,Qusar,district,mobile,2025,1,62.716,19.116,25.48,33.014,100.0,81.0,67
D-saatly,Saatly,district,mobile,2025,1,75.116,27.509,20.13,63.102,31.0,23.0,20
D-sabirabad,Sabirabad,district,mobile,2025,1,80.739,23.942,34.13,60.976,67.0,52.0,49
D-sadarak,Sadarak,district,mobile,2025,1,64.929,22.061,55.83,79.669,23.0,10.0,9
D-salyan,Salyan,district,mobile,2025,1,64.87,21.246,18.86,59.475,116.0,75.0,61
D-samukh,Samukh,district,mobile,2025,1,41.492,14.935,31.81,36.558,32.0,29.0,25
D-shabran,Shabran,district,mobile,2025,1,109.428,24.99,20.6,41.648,35.0,18.0,17
D-shahbuz,Shahbuz,district,mobile,2025,1,69.274,17.015,57.62,34.604,8.0,7.0,6
D-shaki,Shaki,district,mobile,2025,1,43.457,15.71,26.28,27.041,58.0,51.0,49
D-shamakhi,Shamakhi,district,mobile,2025,1,64.188,19.543,19.38,59.25,29.0,25.0,21
D-shamkir,Shamkir,district,mobile,2025,1,61.54,17.236,24.8,52.566,107.0,86.0,74
D-sharur,Sharur,district,mobile,2025,1,49.454,23.132,43.24,14.628,34.0,24.0,17
D-shusha,Shusha,district,mobile,2025,1,111.181,21.87,25.0,111.181,2.0,2.0,1
D-siazan,Siazan,district,mobile,2025,1,45.202,12.925,23.79,33.128,43.0,21.0,19
D-tartar,Tartar,district,mobile,2025,1,130.083,24.708,26.1,58.767,62.0,33.0,32
D-tovuz,Tovuz,district,mobile,2025,1,60.328,16.807,24.8,54.748,45.0,32.0,27
D-ujar,Ujar,district,mobile,2025,1,38.182,13.193,27.7,30.615,43.0,30.0,28
D-yardymli,Yardymli,district,mobile,2025,1,61.283,20.983,20.11,47.106,18.0,11.0,10
D-yevlakh,Yevlakh,district,mobile,2025,1,59.653,19.479,22.77,32.705,31.0,21.0,18
D-zangilan,Zangilan,district,mobile,2025,1,39.006,16.203,26.76,29.617,21.0,13.0,11
D-zaqatala,Zaqatala,district,mobile,2025,1,57.146,21.2,27.3,48.884,81.0,63.0,46
D-zardab,Zardab,district,mobile,2025,1,75.537,29.604,23.0,75.537,1.0,1.0,1
C-baku,Baku,city,mobile,2025,2,125.489,29.952,24.97,60.263,8268.0,4576.0,1517
C-ganja,Ganja,city,mobile,2025,2,71.545,22.563,33.24,50.826,206.0,149.0,76
C-khankendi,Khankendi,city,mobile,2025,2,39.335,16.669,59.8,41.876,5.0,4.0,2
C-lankaran,Lankaran,city,mobile,2025,2,53.998,17.222,21.72,34.876,47.0,40.0,24
C-mingachevir,Mingachevir,city,mobile,2025,2,106.012,29.459,19.98,36.758,173.0,83.0,41
C-nakhchivan,Nakhchivan,city,mobile,2025,2,57.929,24.083,30.1,44.16,149.0,90.0,47
C-shaki,Shaki,city,mobile,2025,2,52.844,22.094,22.2,36.571,46.0,32.0,18
C-shirvan,Shirvan,city,mobile,2025,2,65.654,18.838,20.61,33.174,33.0,27.0,15
C-shusha,Shusha,city,mobile,2025,2,103.931,37.694,27.0,98.636,3.0,3.0,2
C-sumqayit,Sumqayit,city,mobile,2025,2,61.454,19.538,27.11,53.896,401.0,279.0,125
C-yevlakh,Yevlakh,city,mobile,2025,2,68.639,20.405,21.39,32.478,18.0,15.0,11
D-absheron,Absheron,district,mobile,2025,2,67.833,23.215,21.93,54.97,414.0,297.0,160
D-agdam,Agdam,district,mobile,2025,2,60.626,29.551,23.49,61.601,37.0,21.0,19
D-agdash,Agdash,district,mobile,2025,2,54.93,16.071,32.37,50.55,49.0,38.0,30
D-aghjabadi,Aghjabadi,district,mobile,2025,2,59.045,16.841,24.89,26.487,36.0,30.0,27
D-agstafa,Agstafa,district,mobile,2025,2,42.462,14.268,29.95,32.938,42.0,33.0,26
D-agsu,Agsu,district,mobile,2025,2,67.036,15.08,33.22,38.304,55.0,24.0,22
D-astara,Astara,district,mobile,2025,2,63.092,14.416,25.11,47.712,103.0,49.0,39
D-babek,Babek,district,mobile,2025,2,62.279,20.753,38.69,39.905,64.0,40.0,35
D-balakan,Balakan,district,mobile,2025,2,57.224,24.992,22.3,53.078,27.0,18.0,17
D-barda,Barda,district,mobile,2025,2,55.048,18.679,38.91,49.238,78.0,61.0,45
D-beylagan,Beylagan,district,mobile,2025,2,74.214,25.023,19.33,41.419,75.0,43.0,37
D-bilasuvar,Bilasuvar,district,mobile,2025,2,47.462,14.514,29.22,40.456,50.0,25.0,23
D-dashkasan,Dashkasan,district,mobile,2025,2,84.226,25.953,21.5,72.774,6.0,6.0,6
D-fuzuli,Fuzuli,district,mobile,2025,2,80.076,23.528,21.3,62.01,30.0,24.0,20
D-gadabay,Gadabay,district,mobile,2025,2,55.687,18.471,21.0,47.369,23.0,19.0,19
D-gobustan,Gobustan,district,mobile,2025,2,23.388,9.754,21.71,20.78,7.0,6.0,6
D-goranboy,Goranboy,district,mobile,2025,2,76.902,21.071,27.21,55.679,47.0,39.0,35
D-goychay,Goychay,district,mobile,2025,2,67.638,23.93,20.52,49.766,54.0,38.0,26
D-goygol,Goygol,district,mobile,2025,2,53.181,17.568,23.73,37.118,112.0,82.0,71
D-hajigabul,Hajigabul,district,mobile,2025,2,64.396,20.62,21.18,50.88,111.0,66.0,46
D-imishli,Imishli,district,mobile,2025,2,57.731,20.171,26.02,52.144,52.0,40.0,34
D-ismailli,Ismailli,district,mobile,2025,2,40.367,11.237,28.62,28.546,52.0,25.0,25
D-jabrayil,Jabrayil,district,mobile,2025,2,62.238,22.861,27.07,67.407,14.0,14.0,13
D-jalilabad,Jalilabad,district,mobile,2025,2,58.787,20.23,44.51,51.234,85.0,47.0,40
D-julfa,Julfa,district,mobile,2025,2,42.637,20.262,66.1,42.941,20.0,13.0,11
D-kalbajar,Kalbajar,district,mobile,2025,2,119.864,6.036,21.33,143.002,3.0,3.0,3
D-kangarli,Kangarli,district,mobile,2025,2,56.29,16.377,46.79,39.666,24.0,18.0,16
D-khachmaz,Khachmaz,district,mobile,2025,2,69.328,21.495,25.26,57.05,125.0,95.0,72
D-khizi,Khizi,district,mobile,2025,2,49.562,22.651,18.14,37.484,28.0,23.0,22
D-khojaly,Khojaly,district,mobile,2025,2,78.799,27.203,31.08,73.821,62.0,38.0,25
D-khojavend,Khojavend,district,mobile,2025,2,153.786,43.706,21.56,145.439,18.0,13.0,10
D-kurdamir,Kurdamir,district,mobile,2025,2,74.28,19.539,24.1,50.643,73.0,51.0,41
D-lachin,Lachin,district,mobile,2025,2,90.837,31.627,22.72,71.939,101.0,59.0,43
D-lankaran,Lankaran,district,mobile,2025,2,69.976,19.321,25.54,50.691,65.0,51.0,49
D-lerik,Lerik,district,mobile,2025,2,52.865,21.1,21.26,35.557,27.0,19.0,15
D-masally,Masally,district,mobile,2025,2,54.932,17.779,30.54,45.053,80.0,58.0,50
D-neftchala,Neftchala,district,mobile,2025,2,58.382,17.914,32.76,49.53,37.0,29.0,25
D-oghuz,Oghuz,district,mobile,2025,2,25.2,11.0,29.07,23.362,14.0,8.0,7
D-ordubad,Ordubad,district,mobile,2025,2,65.672,17.976,27.43,80.684,23.0,17.0,14
D-qabala,Qabala,district,mobile,2025,2,58.046,18.036,25.96,52.356,79.0,56.0,48
D-qakh,Qakh,district,mobile,2025,2,44.656,16.895,22.12,50.534,33.0,26.0,20
D-qazakh,Qazakh,district,mobile,2025,2,46.948,15.004,30.36,30.63,33.0,28.0,24
D-quba,Quba,district,mobile,2025,2,57.871,18.739,26.2,48.192,116.0,85.0,70
D-qubadli,Qubadli,district,mobile,2025,2,128.883,41.566,22.23,120.579,26.0,22.0,18
D-qusar,Qusar,district,mobile,2025,2,54.887,17.225,43.04,44.381,74.0,62.0,50
D-saatly,Saatly,district,mobile,2025,2,76.189,22.472,19.28,61.08,25.0,20.0,16
D-sabirabad,Sabirabad,district,mobile,2025,2,83.889,19.777,38.59,54.72,56.0,42.0,39
D-sadarak,Sadarak,district,mobile,2025,2,70.028,27.089,29.82,66.78,11.0,11.0,11
D-salyan,Salyan,district,mobile,2025,2,52.52,19.758,22.36,36.32,102.0,70.0,60
D-samukh,Samukh,district,mobile,2025,2,56.777,13.602,27.89,43.186,35.0,31.0,29
D-shabran,Shabran,district,mobile,2025,2,65.009,22.486,21.82,62.629,22.0,20.0,16
D-shahbuz,Shahbuz,district,mobile,2025,2,116.013,35.303,29.86,105.595,14.0,10.0,10
D-shaki,Shaki,district,mobile,2025,2,62.736,17.495,24.31,43.391,52.0,41.0,38
D-shamakhi,Shamakhi,district,mobile,2025,2,38.028,12.214,38.98,34.917,43.0,32.0,25
D-shamkir,Shamkir,district,mobile,2025,2,56.59,20.618,25.26,44.704,74.0,60.0,57
D-sharur,Sharur,district,mobile,2025,2,38.778,12.837,30.84,30.054,45.0,30.0,27
D-shusha,Shusha,district,mobile,2025,2,93.931,39.16,24.44,106.075,27.0,15.0,11
D-siazan,Siazan,district,mobile,2025,2,44.765,10.274,41.68,38.612,22.0,17.0,16
D-tartar,Tartar,district,mobile,2025,2,113.35,18.883,20.64,58.312,77.0,33.0,27
D-tovuz,Tovuz,district,mobile,2025,2,48.779,18.221,26.44,34.536,39.0,32.0,29
D-ujar,Ujar,district,mobile,2025,2,34.769,15.63,48.03,19.406,36.0,25.0,25
D-yardymli,Yardymli,district,mobile,2025,2,57.689,23.092,19.69,49.424,13.0,12.0,12
D-yevlakh,Yevlakh,district,mobile,2025,2,43.103,17.063,32.81,31.235,31.0,26.0,23
D-zangilan,Zangilan,district,mobile,2025,2,97.086,39.481,30.16,45.252,25.0,17.0,13
D-zaqatala,Zaqatala,district,mobile,2025,2,42.947,18.442,26.37,31.784,57.0,44.0,37
D-zardab,Zardab,district,mobile,2025,2,142.22,33.281,18.0,78.846,3.0,3.0,3
C-baku,Baku,city,mobile,2025,3,108.032,30.136,26.38,65.814,6484.0,4016.0,1468
C-ganja,Ganja,city,mobile,2025,3,95.457,32.933,23.4,65.63,574.0,180.0,71
C-khankendi,Khankendi,city,mobile,2025,3,15.716,7.842,32.0,17.387,5.0,4.0,3
C-lankaran,Lankaran,city,mobile,2025,3,61.08,26.376,28.25,42.496,97.0,59.0,27
C-mingachevir,Mingachevir,city,mobile,2025,3,82.408,36.823,28.91,68.426,97.0,62.0,32
C-nakhchivan,Nakhchivan,city,mobile,2025,3,52.342,19.191,41.3,48.487,178.0,120.0,49
C-shaki,Shaki,city,mobile,2025,3,143.942,42.151,32.48,76.146,100.0,55.0,28
C-shirvan,Shirvan,city,mobile,2025,3,58.786,18.855,19.75,29.381,36.0,26.0,13
C-shusha,Shusha,city,mobile,2025,3,42.28,28.126,15.0,42.28,2.0,2.0,2
C-sumqayit,Sumqayit,city,mobile,2025,3,67.882,20.335,25.73,58.628,308.0,228.0,114
C-yevlakh,Yevlakh,city,mobile,2025,3,134.391,44.827,21.83,58.114,46.0,22.0,12
D-absheron,Absheron,district,mobile,2025,3,72.755,25.512,28.61,56.082,471.0,284.0,160
D-agdam,Agdam,district,mobile,2025,3,97.648,39.847,20.48,70.07,31.0,20.0,18
D-agdash,Agdash,district,mobile,2025,3,47.725,17.581,23.02,35.868,40.0,29.0,22
D-aghjabadi,Aghjabadi,district,mobile,2025,3,58.022,24.426,21.83,49.756,35.0,28.0,25
D-agstafa,Agstafa,district,mobile,2025,3,48.459,16.372,22.75,42.432,36.0,31.0,27
D-agsu,Agsu,district,mobile,2025,3,61.976,19.904,22.9,62.224,39.0,26.0,22
D-astara,Astara,district,mobile,2025,3,63.748,16.412,35.27,41.156,44.0,36.0,32
D-babek,Babek,district,mobile,2025,3,50.988,14.032,34.26,38.364,58.0,43.0,35
D-balakan,Balakan,district,mobile,2025,3,47.607,14.483,20.05,58.964,22.0,17.0,15
D-barda,Barda,district,mobile,2025,3,57.805,27.079,54.87,50.833,46.0,38.0,30
D-beylagan,Beylagan,district,mobile,2025,3,97.303,28.829,24.0,65.03,43.0,28.0,20
D-bilasuvar,Bilasuvar,district,mobile,2025,3,62.29,17.04,37.66,47.835,53.0,31.0,29
D-dashkasan,Dashkasan,district,mobile,2025,3,47.364,15.024,29.86,29.311,29.0,17.0,15
D-fuzuli,Fuzuli,district,mobile,2025,3,88.684,25.048,24.37,67.922,19.0,17.0,17
D-gadabay,Gadabay,district,mobile,2025,3,85.853,26.171,24.48,66.887,25.0,20.0,20
D-gobustan,Gobustan,district,mobile,2025,3,121.459,24.416,25.43,104.944,14.0,12.0,11
D-goranboy,Goranboy,district,mobile,2025,3,55.343,24.18,32.4,58.217,52.0,43.0,37
D-goychay,Goychay,district,mobile,2025,3,64.388,18.059,32.6,49.82,42.0,27.0,22
D-goygol,Goygol,district,mobile,2025,3,63.692,32.587,24.4,44.26,112.0,78.0,60
D-hajigabul,Hajigabul,district,mobile,2025,3,58.315,19.49,22.19,56.358,85.0,66.0,50
D-imishli,Imishli,district,mobile,2025,3,62.416,21.881,18.95,52.084,43.0,35.0,28
D-ismailli,Ismailli,district,mobile,2025,3,53.741,17.889,21.89,46.319,38.0,35.0,33
D-jabrayil,Jabrayil,district,mobile,2025,3,66.107,25.359,25.23,34.066,13.0,9.0,9
D-jalilabad,Jalilabad,district,mobile,2025,3,64.784,20.703,27.04,46.012,75.0,38.0,32
D-julfa,Julfa,district,mobile,2025,3,42.82,18.124,32.07,31.243,14.0,12.0,9
D-kalbajar,Kalbajar,district,mobile,2025,3,40.773,12.815,30.1,28.802,20.0,17.0,17
D-kangarli,Kangarli,district,mobile,2025,3,78.189,32.721,41.78,93.478,27.0,16.0,13
D-khachmaz,Khachmaz,district,mobile,2025,3,62.644,21.483,28.3,52.919,154.0,116.0,86
D-khizi,Khizi,district,mobile,2025,3,37.524,19.958,27.82,46.154,22.0,22.0,21
D-khojaly,Khojaly,district,mobile,2025,3,79.859,22.631,32.02,63.428,46.0,33.0,20
D-khojavend,Khojavend,district,mobile,2025,3,92.679,25.194,19.75,63.59,4.0,2.0,2
D-kurdamir,Kurdamir,district,mobile,2025,3,83.839,25.026,21.84,53.532,58.0,38.0,30
D-lachin,Lachin,district,mobile,2025,3,88.199,29.333,23.77,82.44,26.0,20.0,15
D-lankaran,Lankaran,district,mobile,2025,3,60.077,19.809,28.92,41.393,71.0,59.0,51
D-lerik,Lerik,district,mobile,2025,3,77.208,19.548,40.94,47.516,36.0,25.0,18
D-masally,Masally,district,mobile,2025,3,83.317,24.585,96.19,61.87,246.0,59.0,50
D-neftchala,Neftchala,district,mobile,2025,3,55.817,17.63,33.82,44.32,55.0,40.0,30
D-oghuz,Oghuz,district,mobile,2025,3,82.962,32.664,24.67,55.57,64.0,22.0,20
D-ordubad,Ordubad,district,mobile,2025,3,38.255,11.666,31.41,37.837,34.0,25.0,21
D-qabala,Qabala,district,mobile,2025,3,89.281,33.27,27.4,75.775,223.0,126.0,86
D-qakh,Qakh,district,mobile,2025,3,49.382,14.657,34.57,39.371,30.0,27.0,25
D-qazakh,Qazakh,district,mobile,2025,3,45.437,15.118,35.32,53.97,19.0,16.0,15
D-quba,Quba,district,mobile,2025,3,55.124,16.584,36.16,40.04,118.0,88.0,67
D-qubadli,Qubadli,district,mobile,2025,3,14.097,22.53,22.4,12.016,5.0,4.0,4
D-qusar,Qusar,district,mobile,2025,3,45.125,19.668,32.51,34.218,121.0,84.0,62
D-saatly,Saatly,district,mobile,2025,3,69.996,15.468,19.51,59.794,35.0,26.0,23
D-sabirabad,Sabirabad,district,mobile,2025,3,55.903,14.428,27.29,53.604,83.0,47.0,42
D-sadarak,Sadarak,district,mobile,2025,3,41.663,12.016,38.0,18.134,18.0,11.0,10
D-salyan,Salyan,district,mobile,2025,3,55.626,19.261,27.34,30.842,86.0,63.0,53
D-samukh,Samukh,district,mobile,2025,3,78.283,24.012,43.42,57.09,36.0,22.0,18
D-shabran,Shabran,district,mobile,2025,3,80.333,14.38,21.38,26.687,26.0,17.0,16
D-shahbuz,Shahbuz,district,mobile,2025,3,74.785,25.176,30.57,64.506,7.0,7.0,6
D-shaki,Shaki,district,mobile,2025,3,95.032,34.776,21.66,74.247,131.0,72.0,49
D-shamakhi,Shamakhi,district,mobile,2025,3,80.92,24.302,25.79,63.324,58.0,44.0,38
D-shamkir,Shamkir,district,mobile,2025,3,60.608,16.281,45.32,55.202,114.0,59.0,52
D-sharur,Sharur,district,mobile,2025,3,50.573,16.541,39.47,36.234,57.0,41.0,31
D-shusha,Shusha,district,mobile,2025,3,67.385,36.806,19.33,78.622,3.0,3.0,3
D-siazan,Siazan,district,mobile,2025,3,60.349,13.242,26.1,48.434,29.0,22.0,18
D-tartar,Tartar,district,mobile,2025,3,73.62,27.337,40.11,67.547,44.0,32.0,27
D-tovuz,Tovuz,district,mobile,2025,3,119.762,31.705,20.51,84.664,59.0,42.0,40
D-ujar,Ujar,district,mobile,2025,3,68.489,25.316,28.58,49.336,19.0,18.0,16
D-yardymli,Yardymli,district,mobile,2025,3,49.119,9.35,20.5,41.669,10.0,9.0,9
D-yevlakh,Yevlakh,district,mobile,2025,3,53.155,28.085,31.3,45.152,23.0,18.0,18
D-zangilan,Zangilan,district,mobile,2025,3,54.83,21.194,24.33,31.258,6.0,6.0,6
D-zaqatala,Zaqatala,district,mobile,2025,3,51.524,16.883,26.04,32.412,54.0,42.0,35
D-zardab,Zardab,district,mobile,2025,3,101.861,32.105,38.5,101.398,4.0,3.0,3
C-baku,Baku,city,mobile,2025,4,110.922,30.443,24.63,77.318,7208.0,4662.0,1494
C-ganja,Ganja,city,mobile,2025,4,77.695,25.65,27.23,53.508,272.0,176.0,83
C-khankendi,Khankendi,city,mobile,2025,4,29.696,10.891,31.17,24.508,6.0,5.0,3
C-lankaran,Lankaran,city,mobile,2025,4,49.078,20.14,22.63,38.639,82.0,60.0,28
C-mingachevir,Mingachevir,city,mobile,2025,4,56.66,26.321,34.39,46.29,88.0,69.0,34
C-nakhchivan,Nakhchivan,city,mobile,2025,4,41.033,20.374,41.41,35.612,566.0,268.0,68
C-shaki,Shaki,city,mobile,2025,4,137.357,36.157,19.92,64.649,64.0,34.0,20
C-shirvan,Shirvan,city,mobile,2025,4,53.365,26.679,18.83,58.619,41.0,30.0,13
C-sumqayit,Sumqayit,city,mobile,2025,4,77.275,23.696,20.61,62.813,442.0,289.0,126
C-yevlakh,Yevlakh,city,mobile,2025,4,228.454,91.531,36.43,68.439,47.0,8.0,6
D-absheron,Absheron,district,mobile,2025,4,79.425,25.082,28.13,54.017,598.0,350.0,196
D-agdam,Agdam,district,mobile,2025,4,47.672,22.207,22.87,40.373,23.0,15.0,12
D-agdash,Agdash,district,mobile,2025,4,86.084,25.932,27.63,68.245,73.0,52.0,41
D-aghjabadi,Aghjabadi,district,mobile,2025,4,79.186,20.361,23.33,56.226,60.0,43.0,29
D-agstafa,Agstafa,district,mobile,2025,4,70.935,25.94,19.9,55.324,30.0,27.0,22
D-agsu,Agsu,district,mobile,2025,4,69.935,20.32,43.52,55.011,42.0,29.0,26
D-astara,Astara,district,mobile,2025,4,56.206,14.319,28.54,63.421,80.0,44.0,37
D-babek,Babek,district,mobile,2025,4,72.017,21.754,43.37,56.86,178.0,79.0,60
D-balakan,Balakan,district,mobile,2025,4,66.16,12.84,24.89,59.639,9.0,9.0,9
D-barda,Barda,district,mobile,2025,4,76.198,23.851,25.87,58.013,53.0,43.0,32
D-beylagan,Beylagan,district,mobile,2025,4,87.033,36.359,19.23,67.524,60.0,37.0,34
D-bilasuvar,Bilasuvar,district,mobile,2025,4,49.425,14.356,23.26,37.425,85.0,32.0,32
D-dashkasan,Dashkasan,district,mobile,2025,4,69.978,16.176,54.5,69.978,4.0,3.0,2
D-fuzuli,Fuzuli,district,mobile,2025,4,58.336,19.271,19.19,52.227,21.0,15.0,14
D-gadabay,Gadabay,district,mobile,2025,4,94.609,26.036,21.83,82.234,6.0,6.0,6
D-gobustan,Gobustan,district,mobile,2025,4,68.772,22.396,20.0,71.236,5.0,4.0,4
D-goranboy,Goranboy,district,mobile,2025,4,50.439,15.935,23.11,52.777,56.0,34.0,32
D-goychay,Goychay,district,mobile,2025,4,67.271,23.61,20.55,51.342,76.0,38.0,33
D-goygol,Goygol,district,mobile,2025,4,52.821,20.303,22.52,44.463,143.0,92.0,77
D-hajigabul,Hajigabul,district,mobile,2025,4,62.789,21.896,21.89,61.266,140.0,76.0,54
D-imishli,Imishli,district,mobile,2025,4,73.846,21.711,23.49,54.43,39.0,33.0,32
D-ismailli,Ismailli,district,mobile,2025,4,69.871,34.723,22.37,53.32,30.0,19.0,17
D-jabrayil,Jabrayil,district,mobile,2025,4,77.455,27.385,21.61,60.474,18.0,14.0,11
D-jalilabad,Jalilabad,district,mobile,2025,4,85.867,20.696,24.25,79.554,61.0,42.0,33
D-julfa,Julfa,district,mobile,2025,4,53.504,20.511,37.0,37.635,54.0,31.0,23
D-kalbajar,Kalbajar,district,mobile,2025,4,143.677,45.281,23.43,86.776,7.0,6.0,6
D-kangarli,Kangarli,district,mobile,2025,4,59.625,30.943,35.31,41.931,39.0,29.0,25
D-khachmaz,Khachmaz,district,mobile,2025,4,75.122,23.263,27.62,62.053,117.0,88.0,65
D-khizi,Khizi,district,mobile,2025,4,29.912,20.456,19.33,26.63,49.0,22.0,18
D-khojaly,Khojaly,district,mobile,2025,4,60.436,27.132,31.09,43.071,57.0,37.0,19
D-khojavend,Khojavend,district,mobile,2025,4,60.58,40.638,26.5,65.294,4.0,3.0,3
D-kurdamir,Kurdamir,district,mobile,2025,4,66.303,22.944,22.06,75.012,48.0,39.0,38
D-lachin,Lachin,district,mobile,2025,4,77.157,13.712,23.93,63.433,14.0,13.0,13
D-lankaran,Lankaran,district,mobile,2025,4,67.521,15.065,33.65,63.744,120.0,73.0,64
D-lerik,Lerik,district,mobile,2025,4,52.081,16.005,20.0,47.726,16.0,12.0,9
D-masally,Masally,district,mobile,2025,4,60.273,17.097,34.65,51.602,101.0,59.0,48
D-neftchala,Neftchala,district,mobile,2025,4,49.253,17.37,32.43,45.222,103.0,56.0,49
D-oghuz,Oghuz,district,mobile,2025,4,80.305,24.427,29.15,85.136,13.0,7.0,5
D-ordubad,Ordubad,district,mobile,2025,4,41.491,17.532,37.85,35.423,62.0,31.0,27
D-qabala,Qabala,district,mobile,2025,4,109.254,50.152,25.03,91.661,247.0,92.0,71
D-qakh,Qakh,district,mobile,2025,4,97.779,23.718,23.48,95.363,25.0,20.0,17
D-qazakh,Qazakh,district,mobile,2025,4,58.415,19.505,23.43,51.056,35.0,31.0,28
D-quba,Quba,district,mobile,2025,4,68.287,18.679,22.52,67.596,87.0,66.0,52
D-qubadli,Qubadli,district,mobile,2025,4,1.5,4.062,71.0,1.5,2.0,1.0,1
D-qusar,Qusar,district,mobile,2025,4,77.637,26.591,23.37,71.034,90.0,65.0,49
D-saatly,Saatly,district,mobile,2025,4,96.661,19.519,21.27,90.785,33.0,30.0,27
D-sabirabad,Sabirabad,district,mobile,2025,4,70.191,18.887,37.84,61.356,68.0,42.0,40
D-sadarak,Sadarak,district,mobile,2025,4,35.1,19.555,33.38,20.855,21.0,10.0,9
D-salyan,Salyan,district,mobile,2025,4,57.422,20.059,33.71,48.069,160.0,107.0,86
D-samukh,Samukh,district,mobile,2025,4,49.776,15.209,42.59,27.387,22.0,20.0,17
D-shabran,Shabran,district,mobile,2025,4,76.386,18.962,54.91,49.729,11.0,11.0,9
D-shahbuz,Shahbuz,district,mobile,2025,4,56.71,23.572,35.56,55.302,9.0,8.0,6
D-shaki,Shaki,district,mobile,2025,4,77.724,26.594,21.27,57.684,52.0,32.0,28
D-shamakhi,Shamakhi,district,mobile,2025,4,140.198,25.032,42.48,67.17,40.0,26.0,24
D-shamkir,Shamkir,district,mobile,2025,4,88.926,25.842,25.04,69.16,136.0,92.0,71
D-sharur,Sharur,district,mobile,2025,4,44.398,17.069,35.18,30.124,130.0,56.0,33
D-shusha,Shusha,district,mobile,2025,4,57.43,55.316,28.6,63.787,5.0,4.0,3
D-siazan,Siazan,district,mobile,2025,4,93.437,29.278,20.28,71.205,18.0,15.0,12
D-tartar,Tartar,district,mobile,2025,4,57.767,18.908,23.28,51.986,29.0,25.0,25
D-tovuz,Tovuz,district,mobile,2025,4,77.988,24.371,22.8,62.851,50.0,39.0,35
D-ujar,Ujar,district,mobile,2025,4,86.56,32.575,20.65,47.222,17.0,14.0,12
D-yardymli,Yardymli,district,mobile,2025,4,63.232,13.992,22.3,63.287,10.0,6.0,6
D-yevlakh,Yevlakh,district,mobile,2025,4,71.073,26.574,29.95,49.899,58.0,33.0,30
D-zangilan,Zangilan,district,mobile,2025,4,97.116,26.51,23.3,87.342,10.0,8.0,6
D-zaqatala,Zaqatala,district,mobile,2025,4,59.995,15.303,23.71,46.44,96.0,63.0,48
D-zardab,Zardab,district,mobile,2025,4,86.422,19.267,23.0,75.636,5.0,5.0,4
C-baku,Baku,city,mobile,2026,1,126.832,33.411,21.68,83.36,6875.0,4265.0,1504
C-ganja,Ganja,city,mobile,2026,1,66.649,21.705,27.21,51.826,236.0,174.0,92
C-khankendi,Khankendi,city,mobile,2026,1,38.467,13.25,30.25,69.154,4.0,2.0,2
C-lankaran,Lankaran,city,mobile,2026,1,90.434,24.493,31.35,74.289,48.0,36.0,24
C-mingachevir,Mingachevir,city,mobile,2026,1,48.406,20.832,27.42,35.034,57.0,46.0,26
C-nakhchivan,Nakhchivan,city,mobile,2026,1,82.725,28.681,37.94,63.595,349.0,188.0,60
C-shaki,Shaki,city,mobile,2026,1,51.979,22.664,21.39,59.946,85.0,34.0,22
C-shirvan,Shirvan,city,mobile,2026,1,78.886,31.993,17.24,72.962,37.0,26.0,14
C-shusha,Shusha,city,mobile,2026,1,108.853,32.986,30.0,108.853,1.0,1.0,1
C-sumqayit,Sumqayit,city,mobile,2026,1,93.493,26.192,19.98,81.682,412.0,279.0,120
C-yevlakh,Yevlakh,city,mobile,2026,1,40.85,22.723,19.78,28.967,9.0,8.0,7
D-absheron,Absheron,district,mobile,2026,1,90.25,27.083,23.54,62.186,566.0,332.0,181
D-agdam,Agdam,district,mobile,2026,1,93.322,35.845,23.39,63.888,44.0,23.0,21
D-agdash,Agdash,district,mobile,2026,1,66.257,26.634,24.72,59.19,57.0,39.0,30
D-aghjabadi,Aghjabadi,district,mobile,2026,1,79.891,21.998,22.61,88.436,88.0,51.0,40
D-agstafa,Agstafa,district,mobile,2026,1,50.647,19.475,23.66,46.582,35.0,27.0,24
D-agsu,Agsu,district,mobile,2026,1,47.675,14.676,19.34,32.266,32.0,24.0,22
D-astara,Astara,district,mobile,2026,1,117.168,31.078,25.56,74.912,48.0,28.0,20
D-babek,Babek,district,mobile,2026,1,87.366,23.704,48.09,55.808,97.0,46.0,35
D-balakan,Balakan,district,mobile,2026,1,73.494,16.255,83.21,57.124,24.0,20.0,18
D-barda,Barda,district,mobile,2026,1,70.56,24.946,21.59,53.728,46.0,40.0,33
D-beylagan,Beylagan,district,mobile,2026,1,85.907,24.057,19.53,55.884,81.0,38.0,31
D-bilasuvar,Bilasuvar,district,mobile,2026,1,67.016,20.984,24.54,58.036,35.0,22.0,22
D-dashkasan,Dashkasan,district,mobile,2026,1,55.075,9.25,20.8,56.632,5.0,4.0,3
D-fuzuli,Fuzuli,district,mobile,2026,1,115.415,32.583,34.86,85.648,28.0,18.0,18
D-gadabay,Gadabay,district,mobile,2026,1,72.528,17.986,24.5,61.432,20.0,17.0,17
D-gobustan,Gobustan,district,mobile,2026,1,133.974,23.502,16.3,91.306,20.0,13.0,12
D-goranboy,Goranboy,district,mobile,2026,1,73.2,23.188,21.05,53.106,65.0,45.0,41
D-goychay,Goychay,district,mobile,2026,1,60.228,23.372,21.35,47.07,54.0,30.0,21
D-goygol,Goygol,district,mobile,2026,1,67.771,22.18,22.0,54.04,175.0,100.0,81
D-hajigabul,Hajigabul,district,mobile,2026,1,55.863,18.702,46.12,61.5,136.0,59.0,42
D-imishli,Imishli,district,mobile,2026,1,52.527,13.574,33.77,53.706,61.0,33.0,28
D-ismailli,Ismailli,district,mobile,2026,1,71.946,16.71,22.14,78.075,21.0,15.0,15
D-jabrayil,Jabrayil,district,mobile,2026,1,94.528,33.763,23.81,89.613,16.0,12.0,9
D-jalilabad,Jalilabad,district,mobile,2026,1,71.799,20.105,18.78,46.83,64.0,47.0,44
D-julfa,Julfa,district,mobile,2026,1,54.907,25.453,59.38,44.052,29.0,21.0,16
D-kalbajar,Kalbajar,district,mobile,2026,1,43.636,18.964,31.61,42.407,23.0,13.0,11
D-kangarli,Kangarli,district,mobile,2026,1,45.118,28.646,30.78,35.655,18.0,13.0,13
D-khachmaz,Khachmaz,district,mobile,2026,1,65.821,19.152,25.8,60.02,83.0,67.0,52
D-khizi,Khizi,district,mobile,2026,1,51.584,22.289,18.79,56.137,61.0,26.0,21
D-khojaly,Khojaly,district,mobile,2026,1,101.427,36.585,28.91,87.591,45.0,29.0,24
D-khojavend,Khojavend,district,mobile,2026,1,82.503,27.582,24.07,104.918,14.0,9.0,9
D-kurdamir,Kurdamir,district,mobile,2026,1,77.59,27.887,23.09,64.449,46.0,35.0,33
D-lachin,Lachin,district,mobile,2026,1,65.767,18.783,39.38,40.525,13.0,7.0,6
D-lankaran,Lankaran,district,mobile,2026,1,60.275,15.504,31.68,56.439,105.0,67.0,61
D-lerik,Lerik,district,mobile,2026,1,83.258,29.395,17.65,70.635,31.0,13.0,12
D-masally,Masally,district,mobile,2026,1,60.045,20.867,36.01,53.46,138.0,71.0,62
D-neftchala,Neftchala,district,mobile,2026,1,79.577,31.529,18.06,84.784,35.0,31.0,22
D-oghuz,Oghuz,district,mobile,2026,1,75.443,14.635,18.68,51.462,41.0,11.0,9
D-ordubad,Ordubad,district,mobile,2026,1,61.844,22.344,34.93,43.898,42.0,19.0,18
D-qabala,Qabala,district,mobile,2026,1,94.799,29.498,42.01,72.825,89.0,57.0,45
D-qakh,Qakh,district,mobile,2026,1,87.602,26.76,24.26,71.236,50.0,29.0,23
D-qazakh,Qazakh,district,mobile,2026,1,53.699,22.744,24.25,35.204,28.0,22.0,17
D-quba,Quba,district,mobile,2026,1,62.602,30.942,20.34,57.198,140.0,70.0,61
D-qubadli,Qubadli,district,mobile,2026,1,54.163,20.428,31.25,25.85,12.0,9.0,9
D-qusar,Qusar,district,mobile,2026,1,62.187,26.871,23.06,49.487,95.0,68.0,57
D-saatly,Saatly,district,mobile,2026,1,65.315,19.589,18.72,59.996,61.0,38.0,35
D-sabirabad,Sabirabad,district,mobile,2026,1,86.503,22.399,40.43,79.616,93.0,55.0,50
D-sadarak,Sadarak,district,mobile,2026,1,103.361,14.651,34.44,50.782,9.0,6.0,6
D-salyan,Salyan,district,mobile,2026,1,95.185,29.198,18.42,70.323,190.0,102.0,77
D-samukh,Samukh,district,mobile,2026,1,59.23,15.56,21.74,48.482,38.0,26.0,24
D-shabran,Shabran,district,mobile,2026,1,73.59,20.354,25.37,50.443,35.0,17.0,15
D-shahbuz,Shahbuz,district,mobile,2026,1,79.473,17.026,36.86,48.01,7.0,6.0,6
D-shaki,Shaki,district,mobile,2026,1,73.618,22.28,22.07,62.132,54.0,36.0,31
D-shamakhi,Shamakhi,district,mobile,2026,1,83.695,24.256,20.09,50.27,32.0,22.0,21
D-shamkir,Shamkir,district,mobile,2026,1,93.519,25.223,23.66,73.486,113.0,82.0,62
D-sharur,Sharur,district,mobile,2026,1,52.459,23.27,38.07,41.846,119.0,46.0,35
D-shusha,Shusha,district,mobile,2026,1,100.84,37.816,31.0,100.84,3.0,1.0,1
D-siazan,Siazan,district,mobile,2026,1,91.67,37.21,20.17,92.767,24.0,15.0,13
D-tartar,Tartar,district,mobile,2026,1,61.311,19.488,24.0,61.445,54.0,33.0,27
D-tovuz,Tovuz,district,mobile,2026,1,69.988,21.924,29.53,58.538,66.0,46.0,39
D-ujar,Ujar,district,mobile,2026,1,48.108,17.537,42.88,41.323,16.0,15.0,15
D-yardymli,Yardymli,district,mobile,2026,1,101.664,18.259,17.7,111.347,23.0,9.0,9
D-yevlakh,Yevlakh,district,mobile,2026,1,38.597,16.01,59.98,24.522,45.0,31.0,26
D-zangilan,Zangilan,district,mobile,2026,1,71.181,13.925,89.33,28.821,6.0,5.0,4
D-zaqatala,Zaqatala,district,mobile,2026,1,67.097,24.254,25.86,65.71,81.0,57.0,43
D-zardab,Zardab,district,mobile,2026,1,87.591,16.718,26.71,74.734,14.0,7.0,7
C-baku,Baku,city,mobile,2026,2,155.668,39.452,21.55,86.938,6554.0,4275.0,1450
C-ganja,Ganja,city,mobile,2026,2,93.826,25.244,28.46,53.106,272.0,176.0,88
C-khankendi,Khankendi,city,mobile,2026,2,80.098,6.892,22.5,101.202,10.0,4.0,4
C-lankaran,Lankaran,city,mobile,2026,2,84.551,25.28,22.69,70.725,62.0,53.0,23
C-mingachevir,Mingachevir,city,mobile,2026,2,117.002,23.569,22.19,69.824,72.0,46.0,29
C-nakhchivan,Nakhchivan,city,mobile,2026,2,59.575,22.598,50.3,55.019,258.0,157.0,60
C-shaki,Shaki,city,mobile,2026,2,67.445,22.048,32.0,51.37,44.0,37.0,21
C-shirvan,Shirvan,city,mobile,2026,2,45.196,21.556,19.62,38.024,37.0,23.0,14
C-shusha,Shusha,city,mobile,2026,2,145.234,62.404,26.0,145.234,2.0,1.0,1
C-sumqayit,Sumqayit,city,mobile,2026,2,99.527,28.093,25.85,75.373,391.0,272.0,121
C-yevlakh,Yevlakh,city,mobile,2026,2,70.238,19.726,21.95,55.152,21.0,19.0,15
D-absheron,Absheron,district,mobile,2026,2,96.072,27.057,22.48,71.21,488.0,338.0,185
D-agdam,Agdam,district,mobile,2026,2,83.544,25.09,24.34,75.79,32.0,22.0,20
D-agdash,Agdash,district,mobile,2026,2,77.661,25.535,22.98,61.663,47.0,36.0,30
D-aghjabadi,Aghjabadi,district,mobile,2026,2,77.916,19.937,34.94,47.616,50.0,39.0,36
D-agstafa,Agstafa,district,mobile,2026,2,57.411,19.013,29.33,60.142,30.0,23.0,19
D-agsu,Agsu,district,mobile,2026,2,65.677,23.318,26.1,44.648,49.0,26.0,22
D-astara,Astara,district,mobile,2026,2,81.913,21.293,22.29,46.91,38.0,27.0,26
D-babek,Babek,district,mobile,2026,2,83.295,23.432,44.05,58.833,107.0,73.0,57
D-balakan,Balakan,district,mobile,2026,2,66.412,19.725,25.42,58.901,24.0,15.0,12
D-barda,Barda,district,mobile,2026,2,74.473,22.882,23.89,62.803,66.0,42.0,35
D-beylagan,Beylagan,district,mobile,2026,2,124.405,21.77,23.18,89.726,34.0,20.0,18
D-bilasuvar,Bilasuvar,district,mobile,2026,2,59.908,30.636,18.61,59.015,54.0,22.0,22
D-dashkasan,Dashkasan,district,mobile,2026,2,82.782,16.328,20.7,83.914,10.0,5.0,5
D-fuzuli,Fuzuli,district,mobile,2026,2,73.065,21.909,21.03,59.992,32.0,23.0,22
D-gadabay,Gadabay,district,mobile,2026,2,75.861,16.108,27.44,58.645,36.0,22.0,19
D-gobustan,Gobustan,district,mobile,2026,2,90.398,17.258,20.57,87.914,7.0,7.0,6
D-goranboy,Goranboy,district,mobile,2026,2,58.466,17.77,28.96,36.667,54.0,49.0,40
D-goychay,Goychay,district,mobile,2026,2,86.193,24.008,21.65,64.86,57.0,40.0,30
D-goygol,Goygol,district,mobile,2026,2,107.727,19.41,22.35,56.843,199.0,97.0,74
D-hajigabul,Hajigabul,district,mobile,2026,2,78.765,26.718,25.12,73.809,107.0,52.0,36
D-imishli,Imishli,district,mobile,2026,2,62.617,21.355,25.06,58.936,34.0,28.0,24
D-ismailli,Ismailli,district,mobile,2026,2,68.827,16.137,22.39,62.43,28.0,25.0,23
D-jabrayil,Jabrayil,district,mobile,2026,2,91.014,21.182,22.95,83.693,21.0,15.0,10
D-jalilabad,Jalilabad,district,mobile,2026,2,75.166,23.018,23.56,62.102,54.0,44.0,39
D-julfa,Julfa,district,mobile,2026,2,46.496,23.199,33.2,34.26,40.0,18.0,16
D-kalbajar,Kalbajar,district,mobile,2026,2,49.652,9.199,44.54,39.107,13.0,7.0,7
D-kangarli,Kangarli,district,mobile,2026,2,65.975,20.337,37.42,40.358,12.0,9.0,7
D-khachmaz,Khachmaz,district,mobile,2026,2,56.608,17.197,25.52,49.848,158.0,98.0,76
D-khizi,Khizi,district,mobile,2026,2,53.118,19.705,22.33,36.676,21.0,17.0,15
D-khojaly,Khojaly,district,mobile,2026,2,74.288,24.428,27.29,68.131,35.0,26.0,17
D-khojavend,Khojavend,district,mobile,2026,2,58.715,21.358,29.31,60.712,16.0,9.0,9
D-kurdamir,Kurdamir,district,mobile,2026,2,56.61,21.607,21.61,56.955,54.0,40.0,36
D-lachin,Lachin,district,mobile,2026,2,117.079,26.104,29.28,91.394,18.0,13.0,13
D-lankaran,Lankaran,district,mobile,2026,2,69.616,22.291,29.23,55.551,77.0,57.0,53
D-lerik,Lerik,district,mobile,2026,2,72.267,19.587,20.0,65.644,39.0,22.0,21
D-masally,Masally,district,mobile,2026,2,72.473,20.051,56.57,61.262,166.0,79.0,68
D-neftchala,Neftchala,district,mobile,2026,2,79.069,18.484,22.93,63.656,44.0,36.0,30
D-oghuz,Oghuz,district,mobile,2026,2,96.412,15.89,18.95,41.628,19.0,12.0,10
D-ordubad,Ordubad,district,mobile,2026,2,72.899,30.03,36.82,56.873,38.0,21.0,15
D-qabala,Qabala,district,mobile,2026,2,69.525,17.744,24.58,52.43,66.0,53.0,48
D-qakh,Qakh,district,mobile,2026,2,88.889,14.399,21.04,49.228,24.0,22.0,22
D-qazakh,Qazakh,district,mobile,2026,2,56.799,24.74,33.68,47.731,19.0,16.0,14
D-quba,Quba,district,mobile,2026,2,68.54,26.781,21.65,78.158,223.0,94.0,63
D-qubadli,Qubadli,district,mobile,2026,2,38.206,24.083,37.0,44.387,3.0,3.0,3
D-qusar,Qusar,district,mobile,2026,2,81.18,26.613,22.58,62.654,81.0,54.0,46
D-saatly,Saatly,district,mobile,2026,2,79.877,20.304,21.39,67.895,38.0,30.0,29
D-sabirabad,Sabirabad,district,mobile,2026,2,67.46,19.471,29.13,59.42,63.0,50.0,43
D-sadarak,Sadarak,district,mobile,2026,2,80.269,23.41,61.11,44.248,18.0,14.0,13
D-salyan,Salyan,district,mobile,2026,2,69.417,20.789,23.45,67.862,123.0,83.0,68
D-samukh,Samukh,district,mobile,2026,2,61.172,19.98,25.55,53.072,40.0,30.0,26
D-shabran,Shabran,district,mobile,2026,2,96.413,25.078,17.14,78.387,35.0,23.0,21
D-shahbuz,Shahbuz,district,mobile,2026,2,31.343,15.813,41.92,27.227,12.0,10.0,9
D-shaki,Shaki,district,mobile,2026,2,88.357,17.534,36.55,70.451,33.0,29.0,25
D-shamakhi,Shamakhi,district,mobile,2026,2,102.515,25.384,37.56,65.492,34.0,29.0,28
D-shamkir,Shamkir,district,mobile,2026,2,92.317,20.442,22.7,60.152,69.0,55.0,48
D-sharur,Sharur,district,mobile,2026,2,56.281,13.326,45.71,52.143,85.0,59.0,47
D-shusha,Shusha,district,mobile,2026,2,63.618,23.197,37.71,66.35,7.0,4.0,2
D-siazan,Siazan,district,mobile,2026,2,77.755,25.251,20.97,46.818,29.0,24.0,19
D-tartar,Tartar,district,mobile,2026,2,72.964,12.449,27.07,26.08,43.0,21.0,18
D-tovuz,Tovuz,district,mobile,2026,2,70.04,16.628,41.39,49.474,64.0,51.0,40
D-ujar,Ujar,district,mobile,2026,2,75.776,22.685,24.76,72.576,21.0,19.0,18
D-yardymli,Yardymli,district,mobile,2026,2,66.889,9.61,19.71,69.961,7.0,7.0,7
D-yevlakh,Yevlakh,district,mobile,2026,2,42.193,14.201,45.46,49.549,37.0,23.0,19
D-zangilan,Zangilan,district,mobile,2026,2,65.994,25.63,34.42,75.889,33.0,21.0,15
D-zaqatala,Zaqatala,district,mobile,2026,2,65.377,15.791,30.59,44.637,34.0,28.0,25
D-zardab,Zardab,district,mobile,2026,2,61.434,19.815,28.4,69.122,5.0,4.0,4
