country,network,statistic,month,download_mbps,upload_mbps,latency_ms,jitter_ms,global_rank,period_type,aggregate_start,index_date
armenia,fixed,mean,2023-06,84.99,79.74,9,16,81,month,2023-06-01,2023-06-01
armenia,fixed,mean,2023-07,89.44,81.23,9,16,82,month,2023-07-01,2023-07-01
armenia,fixed,mean,2023-08,89.49,83.37,9,17,82,month,2023-08-01,2023-08-01
armenia,fixed,mean,2023-09,93.38,85.93,10,19,84,month,2023-09-01,2023-09-01
armenia,fixed,mean,2023-10,87.34,83.93,10,19,86,month,2023-10-01,2023-10-01
armenia,fixed,mean,2023-11,90.95,87.83,9,20,87,month,2023-11-01,2023-11-01
armenia,fixed,mean,2023-12,91.72,86.22,9,17,85,month,2023-12-01,2023-12-01
armenia,fixed,mean,2024-01,99.85,93.11,8,22,84,month,2024-01-01,2024-01-01
armenia,fixed,mean,2024-02,94.17,88.89,9,16,88,month,2024-02-01,2024-02-01
armenia,fixed,mean,2024-03,99.44,91.57,8,16,87,month,2024-03-01,2024-03-01
armenia,fixed,mean,2024-04,102.86,94.59,9,15,87,month,2024-04-01,2024-04-01
armenia,fixed,mean,2024-05,107.39,97.76,9,17,85,month,2024-05-01,2024-05-01
armenia,fixed,mean,2024-06,103.31,96.51,9,18,83,rolling_quarter,2024-04-01,2024-06-01
armenia,fixed,mean,2024-07,102.35,98.48,10,18,84,rolling_quarter,2024-05-01,2024-07-01
armenia,fixed,mean,2024-08,101.83,99.85,11,19,85,rolling_quarter,2024-06-01,2024-08-01
armenia,fixed,mean,2024-09,101.25,100.76,11,19,84,rolling_quarter,2024-07-01,2024-09-01
armenia,fixed,mean,2024-10,100.42,100.75,12,19,85,rolling_quarter,2024-08-01,2024-10-01
armenia,fixed,mean,2024-11,98.65,101.11,12,18,88,rolling_quarter,2024-09-01,2024-11-01
armenia,fixed,mean,2024-12,97.89,101.03,12,18,90,rolling_quarter,2024-10-01,2024-12-01
armenia,fixed,mean,2025-01,98.92,101.62,12,18,90,rolling_quarter,2024-11-01,2025-01-01
armenia,fixed,mean,2025-02,100.14,102.2,11,18,92,rolling_quarter,2024-12-01,2025-02-01
armenia,fixed,mean,2025-03,103.66,106.24,11,18,94,rolling_quarter,2025-01-01,2025-03-01
armenia,fixed,mean,2025-04,105.71,108.48,11,17,91,rolling_quarter,2025-02-01,2025-04-01
armenia,fixed,mean,2025-07,129.14,127.84,11,15,83,rolling_quarter,2025-05-01,2025-07-01
armenia,fixed,mean,2025-08,128.82,127.43,11,16,83,rolling_quarter,2025-06-01,2025-08-01
armenia,fixed,mean,2025-09,123.98,123.85,11,16,85,rolling_quarter,2025-07-01,2025-09-01
armenia,fixed,mean,2025-10,123.17,121.52,11,17,83,rolling_quarter,2025-08-01,2025-10-01
armenia,fixed,mean,2025-11,126.38,123.71,11,18,85,rolling_quarter,2025-09-01,2025-11-01
armenia,fixed,mean,2025-12,130.09,126.66,12,19,86,rolling_quarter,2025-10-01,2025-12-01
armenia,fixed,mean,2026-01,131.13,127.95,12,19,82,rolling_quarter,2025-11-01,2026-01-01
armenia,fixed,mean,2026-02,132.96,129.67,12,20,83,rolling_quarter,2025-12-01,2026-02-01
armenia,fixed,mean,2026-03,134.92,131.44,12,19,84,rolling_quarter,2026-01-01,2026-03-01
armenia,fixed,mean,2026-04,139.87,136.89,12,19,84,rolling_quarter,2026-02-01,2026-04-01
armenia,fixed,mean,2026-05,151.39,148.34,11,17,82,rolling_quarter,2026-03-01,2026-05-01
armenia,fixed,mean,2026-06,157.12,153.22,11,17,79,rolling_quarter,2026-04-01,2026-06-01
armenia,fixed,mean,2026-07,161.95,156.94,11,18,79,rolling_quarter,2026-05-01,2026-07-01
armenia,fixed,median,2023-06,44.47,42.04,4,2,96,month,2023-06-01,2023-06-01
armenia,fixed,median,2023-07,43.97,41.8,4,2,98,month,2023-07-01,2023-07-01
armenia,fixed,median,2023-08,44.96,43.45,4,2,98,month,2023-08-01,2023-08-01
armenia,fixed,median,2023-09,47.48,45.4,4,2,100,month,2023-09-01,2023-09-01
armenia,fixed,median,2023-10,45.31,45.57,4,2,101,month,2023-10-01,2023-10-01
armenia,fixed,median,2023-11,48.53,47.51,4,2,99,month,2023-11-01,2023-11-01
armenia,fixed,median,2023-12,49.86,48.51,4,2,96,month,2023-12-01,2023-12-01
armenia,fixed,median,2024-01,51.43,50.07,4,1,96,month,2024-01-01,2024-01-01
armenia,fixed,median,2024-02,50.95,49.63,4,2,97,month,2024-02-01,2024-02-01
armenia,fixed,median,2024-03,52.76,50.37,4,2,96,month,2024-03-01,2024-03-01
armenia,fixed,median,2024-04,54.95,51.47,4,1,96,month,2024-04-01,2024-04-01
armenia,fixed,median,2024-05,56.77,54.06,4,1,96,month,2024-05-01,2024-05-01
armenia,fixed,median,2024-06,56.42,54.09,4,2,92,rolling_quarter,2024-04-01,2024-06-01
armenia,fixed,median,2024-07,56.9,55.45,4,1,93,rolling_quarter,2024-05-01,2024-07-01
armenia,fixed,median,2024-08,56.54,55.93,4,2,93,rolling_quarter,2024-06-01,2024-08-01
armenia,fixed,median,2024-09,56.53,56.09,4,2,92,rolling_quarter,2024-07-01,2024-09-01
armenia,fixed,median,2024-10,56.2,56.02,4,2,94,rolling_quarter,2024-08-01,2024-10-01
armenia,fixed,median,2024-11,57.7,57.58,4,2,94,rolling_quarter,2024-09-01,2024-11-01
armenia,fixed,median,2024-12,58.58,58.72,4,2,95,rolling_quarter,2024-10-01,2024-12-01
armenia,fixed,median,2025-01,60.33,60.84,4,2,95,rolling_quarter,2024-11-01,2025-01-01
armenia,fixed,median,2025-02,62.3,61.57,4,2,95,rolling_quarter,2024-12-01,2025-02-01
armenia,fixed,median,2025-03,63.94,64.42,4,2,97,rolling_quarter,2025-01-01,2025-03-01
armenia,fixed,median,2025-04,66.55,66.68,4,2,94,rolling_quarter,2025-02-01,2025-04-01
armenia,fixed,median,2025-07,71.06,70.34,4,2,92,rolling_quarter,2025-05-01,2025-07-01
armenia,fixed,median,2025-08,71.36,69.97,4,2,92,rolling_quarter,2025-06-01,2025-08-01
armenia,fixed,median,2025-09,71.8,69.69,4,2,93,rolling_quarter,2025-07-01,2025-09-01
armenia,fixed,median,2025-10,73.95,70.75,4,2,92,rolling_quarter,2025-08-01,2025-10-01
armenia,fixed,median,2025-11,77.19,74.27,4,2,93,rolling_quarter,2025-09-01,2025-11-01
armenia,fixed,median,2025-12,80.27,77.67,4,2,94,rolling_quarter,2025-10-01,2025-12-01
armenia,fixed,median,2026-01,81.21,79.44,4,2,88,rolling_quarter,2025-11-01,2026-01-01
armenia,fixed,median,2026-02,82.77,81.14,4,2,90,rolling_quarter,2025-12-01,2026-02-01
armenia,fixed,median,2026-03,84.16,82.35,4,2,89,rolling_quarter,2026-01-01,2026-03-01
armenia,fixed,median,2026-04,86.5,84.39,4,2,89,rolling_quarter,2026-02-01,2026-04-01
armenia,fixed,median,2026-05,90.95,89.9,4,2,85,rolling_quarter,2026-03-01,2026-05-01
armenia,fixed,median,2026-06,91.69,90.65,4,2,85,rolling_quarter,2026-04-01,2026-06-01
armenia,fixed,median,2026-07,92.41,91.31,4,2,82,rolling_quarter,2026-05-01,2026-07-01
armenia,mobile,mean,2023-06,39.79,16.08,25,23,91,month,2023-06-01,2023-06-01
armenia,mobile,mean,2023-07,38.12,15.86,26,26,99,month,2023-07-01,2023-07-01
armenia,mobile,mean,2023-08,36.12,15.04,27,26,103,month,2023-08-01,2023-08-01
armenia,mobile,mean,2023-09,33.97,14.48,25,27,111,month,2023-09-01,2023-09-01
armenia,mobile,mean,2023-10,33.86,13.8,25,29,112,month,2023-10-01,2023-10-01
armenia,mobile,mean,2023-11,37.59,15.44,24,22,104,month,2023-11-01,2023-11-01
armenia,mobile,mean,2023-12,40.33,15.86,23,23,98,month,2023-12-01,2023-12-01
armenia,mobile,mean,2024-01,44.31,16.01,24,28,95,month,2024-01-01,2024-01-01
armenia,mobile,mean,2024-02,43.65,16.71,22,19,95,month,2024-02-01,2024-02-01
armenia,mobile,mean,2024-03,41.67,16.23,23,22,104,month,2024-03-01,2024-03-01
armenia,mobile,mean,2024-04,42.64,16.58,23,22,100,month,2024-04-01,2024-04-01
armenia,mobile,mean,2024-05,41.64,15.93,24,23,103,month,2024-05-01,2024-05-01
armenia,mobile,mean,2024-06,43.6,16.54,23,22,81,rolling_quarter,2024-04-01,2024-06-01
armenia,mobile,mean,2024-07,44.13,16.43,23,24,84,rolling_quarter,2024-05-01,2024-07-01
armenia,mobile,mean,2024-08,45.98,16.73,23,23,83,rolling_quarter,2024-06-01,2024-08-01
armenia,mobile,mean,2024-09,45.97,16.66,24,26,84,rolling_quarter,2024-07-01,2024-09-01
armenia,mobile,mean,2024-10,46.28,16.61,23,27,86,rolling_quarter,2024-08-01,2024-10-01
armenia,mobile,mean,2024-11,48.7,16.77,23,29,83,rolling_quarter,2024-09-01,2024-11-01
armenia,mobile,mean,2024-12,50.37,16.66,23,29,83,rolling_quarter,2024-10-01,2024-12-01
armenia,mobile,mean,2025-01,60.54,17.73,23,27,80,rolling_quarter,2024-11-01,2025-01-01
armenia,mobile,mean,2025-02,57.89,17.44,22,28,84,rolling_quarter,2024-12-01,2025-02-01
armenia,mobile,mean,2025-03,58.5,18.15,23,26,84,rolling_quarter,2025-01-01,2025-03-01
armenia,mobile,mean,2025-04,59.02,18.5,23,25,84,rolling_quarter,2025-02-01,2025-04-01
armenia,mobile,mean,2025-07,79.67,22.93,22,22,76,rolling_quarter,2025-05-01,2025-07-01
armenia,mobile,mean,2025-08,81.84,23.57,22,21,73,rolling_quarter,2025-06-01,2025-08-01
armenia,mobile,mean,2025-09,78.44,22.98,22,22,77,rolling_quarter,2025-07-01,2025-09-01
armenia,mobile,mean,2025-10,78.7,23.15,22,22,78,rolling_quarter,2025-08-01,2025-10-01
armenia,mobile,mean,2025-11,84.15,24.54,22,21,73,rolling_quarter,2025-09-01,2025-11-01
armenia,mobile,mean,2025-12,92.22,25.93,22,21,76,rolling_quarter,2025-10-01,2025-12-01
armenia,mobile,mean,2026-01,100.93,27.35,21,20,74,rolling_quarter,2025-11-01,2026-01-01
armenia,mobile,mean,2026-02,104.88,27.72,22,20,75,rolling_quarter,2025-12-01,2026-02-01
armenia,mobile,mean,2026-03,104.95,27.22,22,21,74,rolling_quarter,2026-01-01,2026-03-01
armenia,mobile,mean,2026-04,102.71,26.99,22,21,74,rolling_quarter,2026-02-01,2026-04-01
armenia,mobile,mean,2026-05,101.98,26.98,22,21,77,rolling_quarter,2026-03-01,2026-05-01
armenia,mobile,mean,2026-06,103.01,27.28,22,21,74,rolling_quarter,2026-04-01,2026-06-01
armenia,mobile,mean,2026-07,102.54,27.08,22,23,77,rolling_quarter,2026-05-01,2026-07-01
armenia,mobile,median,2023-06,27.77,12.16,19,8,81,month,2023-06-01,2023-06-01
armenia,mobile,median,2023-07,25.38,11.61,20,9,92,month,2023-07-01,2023-07-01
armenia,mobile,median,2023-08,23.79,11.01,20,9,98,month,2023-08-01,2023-08-01
armenia,mobile,median,2023-09,21.33,10.59,20,9,107,month,2023-09-01,2023-09-01
armenia,mobile,median,2023-10,19.8,9.55,20,9,116,month,2023-10-01,2023-10-01
armenia,mobile,median,2023-11,25.17,11.95,19,9,93,month,2023-11-01,2023-11-01
armenia,mobile,median,2023-12,26.43,12.23,19,8,92,month,2023-12-01,2023-12-01
armenia,mobile,median,2024-01,30.95,12.32,19,9,79,month,2024-01-01,2024-01-01
armenia,mobile,median,2024-02,30.19,13.08,19,8,80,month,2024-02-01,2024-02-01
armenia,mobile,median,2024-03,29.07,12.68,19,8,89,month,2024-03-01,2024-03-01
armenia,mobile,median,2024-04,29.57,12.6,19,8,89,month,2024-04-01,2024-04-01
armenia,mobile,median,2024-05,27.57,12.17,19,9,100,month,2024-05-01,2024-05-01
armenia,mobile,median,2024-06,30.63,12.99,19,9,75,rolling_quarter,2024-04-01,2024-06-01
armenia,mobile,median,2024-07,31.16,13.12,19,9,81,rolling_quarter,2024-05-01,2024-07-01
armenia,mobile,median,2024-08,32.67,13.26,19,9,77,rolling_quarter,2024-06-01,2024-08-01
armenia,mobile,median,2024-09,32.83,13.29,19,9,78,rolling_quarter,2024-07-01,2024-09-01
armenia,mobile,median,2024-10,32.77,13.21,19,10,79,rolling_quarter,2024-08-01,2024-10-01
armenia,mobile,median,2024-11,33.45,13.45,19,10,79,rolling_quarter,2024-09-01,2024-11-01
armenia,mobile,median,2024-12,34.28,13.45,19,11,80,rolling_quarter,2024-10-01,2024-12-01
armenia,mobile,median,2025-01,44.03,14.77,19,10,79,rolling_quarter,2024-11-01,2025-01-01
armenia,mobile,median,2025-02,42.23,14.51,18,11,83,rolling_quarter,2024-12-01,2025-02-01
armenia,mobile,median,2025-03,42.12,15.01,19,10,82,rolling_quarter,2025-01-01,2025-03-01
armenia,mobile,median,2025-04,41.38,15.27,19,10,84,rolling_quarter,2025-02-01,2025-04-01
armenia,mobile,median,2025-07,64.88,19.14,19,10,62,rolling_quarter,2025-05-01,2025-07-01
armenia,mobile,median,2025-08,66.75,19.78,18,9,60,rolling_quarter,2025-06-01,2025-08-01
armenia,mobile,median,2025-09,61.51,18.8,18,9,64,rolling_quarter,2025-07-01,2025-09-01
armenia,mobile,median,2025-10,61.25,18.84,18,10,66,rolling_quarter,2025-08-01,2025-10-01
armenia,mobile,median,2025-11,66.44,20.15,18,10,60,rolling_quarter,2025-09-01,2025-11-01
armenia,mobile,median,2025-12,72.4,21.51,18,9,58,rolling_quarter,2025-10-01,2025-12-01
armenia,mobile,median,2026-01,79.32,22.6,18,9,58,rolling_quarter,2025-11-01,2026-01-01
armenia,mobile,median,2026-02,80.71,22.71,18,9,59,rolling_quarter,2025-12-01,2026-02-01
armenia,mobile,median,2026-03,77.5,21.92,18,9,60,rolling_quarter,2026-01-01,2026-03-01
armenia,mobile,median,2026-04,74.37,21.84,18,9,59,rolling_quarter,2026-02-01,2026-04-01
armenia,mobile,median,2026-05,73.85,22.07,18,9,63,rolling_quarter,2026-03-01,2026-05-01
armenia,mobile,median,2026-06,74.32,22.14,18,9,61,rolling_quarter,2026-04-01,2026-06-01
armenia,mobile,median,2026-07,74.32,21.68,18,9,63,rolling_quarter,2026-05-01,2026-07-01
azerbaijan,fixed,mean,2023-06,38.45,37.25,16,28,126,month,2023-06-01,2023-06-01
azerbaijan,fixed,mean,2023-07,38.37,40.39,16,28,129,month,2023-07-01,2023-07-01
azerbaijan,fixed,mean,2023-08,36.96,38.74,16,29,134,month,2023-08-01,2023-08-01
azerbaijan,fixed,mean,2023-09,38.04,40.4,14,25,133,month,2023-09-01,2023-09-01
azerbaijan,fixed,mean,2023-10,40.81,42.05,14,27,130,month,2023-10-01,2023-10-01
azerbaijan,fixed,mean,2023-11,44.22,42.85,13,28,123,month,2023-11-01,2023-11-01
azerbaijan,fixed,mean,2023-12,49.02,47.54,13,26,120,month,2023-12-01,2023-12-01
azerbaijan,fixed,mean,2024-01,51.21,48.0,13,26,121,month,2024-01-01,2024-01-01
azerbaijan,fixed,mean,2024-02,54.24,50.71,12,24,119,month,2024-02-01,2024-02-01
azerbaijan,fixed,mean,2024-03,56.47,51.69,13,25,117,month,2024-03-01,2024-03-01
azerbaijan,fixed,mean,2024-04,58.87,54.28,11,22,116,month,2024-04-01,2024-04-01
azerbaijan,fixed,mean,2024-05,59.0,54.32,11,22,121,month,2024-05-01,2024-05-01
azerbaijan,fixed,mean,2024-06,60.23,55.61,11,24,111,rolling_quarter,2024-04-01,2024-06-01
azerbaijan,fixed,mean,2024-07,62.24,57.46,11,24,110,rolling_quarter,2024-05-01,2024-07-01
azerbaijan,fixed,mean,2024-08,67.77,62.72,10,21,107,rolling_quarter,2024-06-01,2024-08-01
azerbaijan,fixed,mean,2024-09,74.48,69.07,10,19,99,rolling_quarter,2024-07-01,2024-09-01
azerbaijan,fixed,mean,2024-10,84.79,79.22,10,18,97,rolling_quarter,2024-08-01,2024-10-01
azerbaijan,fixed,mean,2024-11,95.2,90.65,10,18,91,rolling_quarter,2024-09-01,2024-11-01
azerbaijan,fixed,mean,2024-12,107.33,103.81,10,18,86,rolling_quarter,2024-10-01,2024-12-01
azerbaijan,fixed,mean,2025-01,109.07,105.9,11,18,87,rolling_quarter,2024-11-01,2025-01-01
azerbaijan,fixed,mean,2025-02,114.83,108.45,10,18,85,rolling_quarter,2024-12-01,2025-02-01
azerbaijan,fixed,mean,2025-03,124.34,115.14,10,18,82,rolling_quarter,2025-01-01,2025-03-01
azerbaijan,fixed,mean,2025-04,133.62,121.32,9,17,78,rolling_quarter,2025-02-01,2025-04-01
azerbaijan,fixed,mean,2025-07,146.66,131.3,8,14,74,rolling_quarter,2025-05-01,2025-07-01
azerbaijan,fixed,mean,2025-08,150.34,135.49,9,15,72,rolling_quarter,2025-06-01,2025-08-01
azerbaijan,fixed,mean,2025-09,152.35,138.01,9,16,73,rolling_quarter,2025-07-01,2025-09-01
azerbaijan,fixed,mean,2025-10,154.84,143.21,9,17,74,rolling_quarter,2025-08-01,2025-10-01
azerbaijan,fixed,mean,2025-11,159.18,149.25,9,17,75,rolling_quarter,2025-09-01,2025-11-01
azerbaijan,fixed,mean,2025-12,167.76,158.91,9,16,75,rolling_quarter,2025-10-01,2025-12-01
azerbaijan,fixed,mean,2026-01,172.26,162.99,9,16,72,rolling_quarter,2025-11-01,2026-01-01
azerbaijan,fixed,mean,2026-02,178.46,168.64,8,15,72,rolling_quarter,2025-12-01,2026-02-01
azerbaijan,fixed,mean,2026-03,178.11,167.83,8,16,73,rolling_quarter,2026-01-01,2026-03-01
azerbaijan,fixed,mean,2026-04,179.87,169.46,8,16,73,rolling_quarter,2026-02-01,2026-04-01
azerbaijan,fixed,mean,2026-05,182.26,171.21,8,16,74,rolling_quarter,2026-03-01,2026-05-01
azerbaijan,fixed,mean,2026-06,182.63,171.69,8,16,73,rolling_quarter,2026-04-01,2026-06-01
azerbaijan,fixed,mean,2026-07,184.82,173.33,8,17,74,rolling_quarter,2026-05-01,2026-07-01
azerbaijan,fixed,median,2023-06,29.47,29.73,5,4,116,month,2023-06-01,2023-06-01
azerbaijan,fixed,median,2023-07,29.14,30.41,5,4,117,month,2023-07-01,2023-07-01
azerbaijan,fixed,median,2023-08,28.7,29.96,5,5,120,month,2023-08-01,2023-08-01
azerbaijan,fixed,median,2023-09,29.29,30.68,5,4,119,month,2023-09-01,2023-09-01
azerbaijan,fixed,median,2023-10,30.48,32.44,5,4,121,month,2023-10-01,2023-10-01
azerbaijan,fixed,median,2023-11,33.03,33.32,5,4,116,month,2023-11-01,2023-11-01
azerbaijan,fixed,median,2023-12,35.25,35.17,5,4,115,month,2023-12-01,2023-12-01
azerbaijan,fixed,median,2024-01,35.25,35.31,5,4,118,month,2024-01-01,2024-01-01
azerbaijan,fixed,median,2024-02,37.32,36.85,5,3,115,month,2024-02-01,2024-02-01
azerbaijan,fixed,median,2024-03,38.32,37.69,5,3,117,month,2024-03-01,2024-03-01
azerbaijan,fixed,median,2024-04,39.24,39.54,5,3,116,month,2024-04-01,2024-04-01
azerbaijan,fixed,median,2024-05,39.48,39.17,5,2,118,month,2024-05-01,2024-05-01
azerbaijan,fixed,median,2024-06,39.87,39.87,5,3,113,rolling_quarter,2024-04-01,2024-06-01
azerbaijan,fixed,median,2024-07,40.65,40.51,5,3,109,rolling_quarter,2024-05-01,2024-07-01
azerbaijan,fixed,median,2024-08,45.47,44.68,5,3,104,rolling_quarter,2024-06-01,2024-08-01
azerbaijan,fixed,median,2024-09,52.06,51.64,5,3,96,rolling_quarter,2024-07-01,2024-09-01
azerbaijan,fixed,median,2024-10,57.62,56.2,5,3,93,rolling_quarter,2024-08-01,2024-10-01
azerbaijan,fixed,median,2024-11,62.69,62.39,5,3,92,rolling_quarter,2024-09-01,2024-11-01
azerbaijan,fixed,median,2024-12,65.59,65.91,5,2,91,rolling_quarter,2024-10-01,2024-12-01
azerbaijan,fixed,median,2025-01,66.96,69.28,5,2,90,rolling_quarter,2024-11-01,2025-01-01
azerbaijan,fixed,median,2025-02,69.41,70.36,5,2,89,rolling_quarter,2024-12-01,2025-02-01
azerbaijan,fixed,median,2025-03,73.72,74.37,5,2,91,rolling_quarter,2025-01-01,2025-03-01
azerbaijan,fixed,median,2025-04,76.87,77.56,5,2,86,rolling_quarter,2025-02-01,2025-04-01
azerbaijan,fixed,median,2025-07,83.09,82.62,4,2,79,rolling_quarter,2025-05-01,2025-07-01
azerbaijan,fixed,median,2025-08,84.24,83.9,5,2,75,rolling_quarter,2025-06-01,2025-08-01
azerbaijan,fixed,median,2025-09,84.61,84.64,4,2,81,rolling_quarter,2025-07-01,2025-09-01
azerbaijan,fixed,median,2025-10,85.3,86.08,4,2,81,rolling_quarter,2025-08-01,2025-10-01
azerbaijan,fixed,median,2025-11,86.51,88.17,4,2,83,rolling_quarter,2025-09-01,2025-11-01
azerbaijan,fixed,median,2025-12,88.83,90.74,4,2,84,rolling_quarter,2025-10-01,2025-12-01
azerbaijan,fixed,median,2026-01,89.88,91.86,4,2,79,rolling_quarter,2025-11-01,2026-01-01
azerbaijan,fixed,median,2026-02,91.27,93.02,4,2,79,rolling_quarter,2025-12-01,2026-02-01
azerbaijan,fixed,median,2026-03,91.37,93.1,4,2,81,rolling_quarter,2026-01-01,2026-03-01
azerbaijan,fixed,median,2026-04,91.57,93.24,4,2,82,rolling_quarter,2026-02-01,2026-04-01
azerbaijan,fixed,median,2026-05,91.95,93.4,4,2,83,rolling_quarter,2026-03-01,2026-05-01
azerbaijan,fixed,median,2026-06,92.18,93.5,4,2,84,rolling_quarter,2026-04-01,2026-06-01
azerbaijan,fixed,median,2026-07,92.52,93.64,4,2,81,rolling_quarter,2026-05-01,2026-07-01
azerbaijan,mobile,mean,2023-06,54.39,16.7,24,18,75,month,2023-06-01,2023-06-01
azerbaijan,mobile,mean,2023-07,53.75,16.87,24,17,74,month,2023-07-01,2023-07-01
azerbaijan,mobile,mean,2023-08,55.56,16.86,25,18,75,month,2023-08-01,2023-08-01
azerbaijan,mobile,mean,2023-09,57.45,18.11,24,18,75,month,2023-09-01,2023-09-01
azerbaijan,mobile,mean,2023-10,58.6,18.04,24,17,75,month,2023-10-01,2023-10-01
azerbaijan,mobile,mean,2023-11,59.65,18.1,23,15,77,month,2023-11-01,2023-11-01
azerbaijan,mobile,mean,2023-12,60.11,17.58,22,15,79,month,2023-12-01,2023-12-01
azerbaijan,mobile,mean,2024-01,59.68,17.52,22,15,77,month,2024-01-01,2024-01-01
azerbaijan,mobile,mean,2024-02,62.82,18.3,22,16,77,month,2024-02-01,2024-02-01
azerbaijan,mobile,mean,2024-03,64.34,18.34,22,15,73,month,2024-03-01,2024-03-01
azerbaijan,mobile,mean,2024-04,64.08,19.16,24,17,78,month,2024-04-01,2024-04-01
azerbaijan,mobile,mean,2024-05,67.3,19.73,24,18,76,month,2024-05-01,2024-05-01
azerbaijan,mobile,mean,2024-06,67.46,19.17,23,16,63,rolling_quarter,2024-04-01,2024-06-01
azerbaijan,mobile,mean,2024-07,69.83,19.21,23,16,64,rolling_quarter,2024-05-01,2024-07-01
azerbaijan,mobile,mean,2024-08,71.3,19.19,22,15,66,rolling_quarter,2024-06-01,2024-08-01
azerbaijan,mobile,mean,2024-09,70.89,19.6,22,15,68,rolling_quarter,2024-07-01,2024-09-01
azerbaijan,mobile,mean,2024-10,71.33,19.74,21,15,70,rolling_quarter,2024-08-01,2024-10-01
azerbaijan,mobile,mean,2024-11,71.67,20.32,21,15,69,rolling_quarter,2024-09-01,2024-11-01
azerbaijan,mobile,mean,2024-12,73.2,20.74,21,17,68,rolling_quarter,2024-10-01,2024-12-01
azerbaijan,mobile,mean,2025-01,86.77,23.42,21,16,68,rolling_quarter,2024-11-01,2025-01-01
azerbaijan,mobile,mean,2025-02,90.48,23.35,21,16,70,rolling_quarter,2024-12-01,2025-02-01
azerbaijan,mobile,mean,2025-03,93.94,23.97,21,16,67,rolling_quarter,2025-01-01,2025-03-01
azerbaijan,mobile,mean,2025-04,93.54,23.67,21,16,69,rolling_quarter,2025-02-01,2025-04-01
azerbaijan,mobile,mean,2025-07,92.91,23.51,23,16,71,rolling_quarter,2025-05-01,2025-07-01
azerbaijan,mobile,mean,2025-08,96.03,24.01,23,16,69,rolling_quarter,2025-06-01,2025-08-01
azerbaijan,mobile,mean,2025-09,97.3,24.51,23,17,69,rolling_quarter,2025-07-01,2025-09-01
azerbaijan,mobile,mean,2025-10,99.51,25.11,23,16,69,rolling_quarter,2025-08-01,2025-10-01
azerbaijan,mobile,mean,2025-11,101.45,25.39,22,16,66,rolling_quarter,2025-09-01,2025-11-01
azerbaijan,mobile,mean,2025-12,107.34,26.51,22,14,68,rolling_quarter,2025-10-01,2025-12-01
azerbaijan,mobile,mean,2026-01,112.07,27.54,21,14,69,rolling_quarter,2025-11-01,2026-01-01
azerbaijan,mobile,mean,2026-02,115.97,28.69,20,14,67,rolling_quarter,2025-12-01,2026-02-01
azerbaijan,mobile,mean,2026-03,117.52,28.67,20,14,68,rolling_quarter,2026-01-01,2026-03-01
azerbaijan,mobile,mean,2026-04,118.18,28.34,20,14,67,rolling_quarter,2026-02-01,2026-04-01
azerbaijan,mobile,mean,2026-05,120.58,28.45,20,14,70,rolling_quarter,2026-03-01,2026-05-01
azerbaijan,mobile,mean,2026-06,124.63,28.56,20,14,65,rolling_quarter,2026-04-01,2026-06-01
azerbaijan,mobile,mean,2026-07,127.76,29.33,20,14,68,rolling_quarter,2026-05-01,2026-07-01
azerbaijan,mobile,median,2023-06,40.39,11.25,21,8,59,month,2023-06-01,2023-06-01
azerbaijan,mobile,median,2023-07,41.77,11.24,21,8,56,month,2023-07-01,2023-07-01
azerbaijan,mobile,median,2023-08,42.94,11.15,20,8,54,month,2023-08-01,2023-08-01
azerbaijan,mobile,median,2023-09,44.88,13.11,20,8,56,month,2023-09-01,2023-09-01
azerbaijan,mobile,median,2023-10,45.7,12.71,20,8,55,month,2023-10-01,2023-10-01
azerbaijan,mobile,median,2023-11,45.45,12.85,19,8,58,month,2023-11-01,2023-11-01
azerbaijan,mobile,median,2023-12,43.8,11.87,19,8,59,month,2023-12-01,2023-12-01
azerbaijan,mobile,median,2024-01,46.88,12.22,19,7,59,month,2024-01-01,2024-01-01
azerbaijan,mobile,median,2024-02,48.41,13.23,19,8,59,month,2024-02-01,2024-02-01
azerbaijan,mobile,median,2024-03,50.12,12.77,19,7,56,month,2024-03-01,2024-03-01
azerbaijan,mobile,median,2024-04,49.62,13.99,20,8,61,month,2024-04-01,2024-04-01
azerbaijan,mobile,median,2024-05,51.18,14.47,20,8,59,month,2024-05-01,2024-05-01
azerbaijan,mobile,median,2024-06,52.63,14.42,20,8,49,rolling_quarter,2024-04-01,2024-06-01
azerbaijan,mobile,median,2024-07,53.98,14.46,20,8,49,rolling_quarter,2024-05-01,2024-07-01
azerbaijan,mobile,median,2024-08,55.14,14.5,19,7,45,rolling_quarter,2024-06-01,2024-08-01
azerbaijan,mobile,median,2024-09,55.62,15.2,19,8,48,rolling_quarter,2024-07-01,2024-09-01
azerbaijan,mobile,median,2024-10,55.9,15.39,19,8,54,rolling_quarter,2024-08-01,2024-10-01
azerbaijan,mobile,median,2024-11,56.19,15.83,19,8,56,rolling_quarter,2024-09-01,2024-11-01
azerbaijan,mobile,median,2024-12,56.78,16.03,19,8,55,rolling_quarter,2024-10-01,2024-12-01
azerbaijan,mobile,median,2025-01,70.4,19.34,19,8,54,rolling_quarter,2024-11-01,2025-01-01
azerbaijan,mobile,median,2025-02,71.08,19.12,19,8,55,rolling_quarter,2024-12-01,2025-02-01
azerbaijan,mobile,median,2025-03,74.43,19.63,19,8,52,rolling_quarter,2025-01-01,2025-03-01
azerbaijan,mobile,median,2025-04,74.08,19.45,19,8,57,rolling_quarter,2025-02-01,2025-04-01
azerbaijan,mobile,median,2025-07,74.57,19.05,19,8,56,rolling_quarter,2025-05-01,2025-07-01
azerbaijan,mobile,median,2025-08,76.49,19.55,19,8,51,rolling_quarter,2025-06-01,2025-08-01
azerbaijan,mobile,median,2025-09,78.06,20.25,19,8,52,rolling_quarter,2025-07-01,2025-09-01
azerbaijan,mobile,median,2025-10,79.7,21.2,19,7,53,rolling_quarter,2025-08-01,2025-10-01
azerbaijan,mobile,median,2025-11,83.19,21.64,19,7,52,rolling_quarter,2025-09-01,2025-11-01
azerbaijan,mobile,median,2025-12,87.92,22.93,19,7,53,rolling_quarter,2025-10-01,2025-12-01
azerbaijan,mobile,median,2026-01,92.63,24.01,18,7,52,rolling_quarter,2025-11-01,2026-01-01
azerbaijan,mobile,median,2026-02,94.95,25.11,17,6,50,rolling_quarter,2025-12-01,2026-02-01
azerbaijan,mobile,median,2026-03,95.43,24.77,17,6,50,rolling_quarter,2026-01-01,2026-03-01
azerbaijan,mobile,median,2026-04,94.64,23.79,17,6,48,rolling_quarter,2026-02-01,2026-04-01
azerbaijan,mobile,median,2026-05,96.65,23.42,17,6,51,rolling_quarter,2026-03-01,2026-05-01
azerbaijan,mobile,median,2026-06,98.61,23.41,17,6,46,rolling_quarter,2026-04-01,2026-06-01
azerbaijan,mobile,median,2026-07,99.53,23.78,17,6,48,rolling_quarter,2026-05-01,2026-07-01
belarus,fixed,mean,2023-06,91.21,62.96,16,24,79,month,2023-06-01,2023-06-01
belarus,fixed,mean,2023-07,91.07,62.74,15,23,81,month,2023-07-01,2023-07-01
belarus,fixed,mean,2023-08,92.92,64.88,15,24,81,month,2023-08-01,2023-08-01
belarus,fixed,mean,2023-09,98.37,67.57,14,22,81,month,2023-09-01,2023-09-01
belarus,fixed,mean,2023-10,98.07,68.24,14,22,83,month,2023-10-01,2023-10-01
belarus,fixed,mean,2023-11,104.4,72.2,13,22,80,month,2023-11-01,2023-11-01
belarus,fixed,mean,2023-12,105.71,71.98,13,22,78,month,2023-12-01,2023-12-01
belarus,fixed,mean,2024-01,103.55,69.13,14,24,83,month,2024-01-01,2024-01-01
belarus,fixed,mean,2024-02,109.6,71.93,13,24,79,month,2024-02-01,2024-02-01
belarus,fixed,mean,2024-03,114.07,74.09,14,24,80,month,2024-03-01,2024-03-01
belarus,fixed,mean,2024-04,112.81,73.08,14,24,81,month,2024-04-01,2024-04-01
belarus,fixed,mean,2024-05,104.29,70.71,14,26,87,month,2024-05-01,2024-05-01
belarus,fixed,mean,2024-06,107.99,71.51,15,27,80,rolling_quarter,2024-04-01,2024-06-01
belarus,fixed,mean,2024-07,107.83,70.94,16,29,80,rolling_quarter,2024-05-01,2024-07-01
belarus,fixed,mean,2024-08,112.72,71.95,16,29,78,rolling_quarter,2024-06-01,2024-08-01
belarus,fixed,mean,2024-09,116.13,73.14,16,28,77,rolling_quarter,2024-07-01,2024-09-01
belarus,fixed,mean,2024-10,123.75,78.45,14,24,77,rolling_quarter,2024-08-01,2024-10-01
belarus,fixed,mean,2024-11,127.23,80.42,13,23,78,rolling_quarter,2024-09-01,2024-11-01
belarus,fixed,mean,2024-12,131.57,82.39,13,22,77,rolling_quarter,2024-10-01,2024-12-01
belarus,fixed,mean,2025-01,129.68,81.04,13,22,77,rolling_quarter,2024-11-01,2025-01-01
belarus,fixed,mean,2025-02,127.85,81.19,13,22,79,rolling_quarter,2024-12-01,2025-02-01
belarus,fixed,mean,2025-03,127.88,81.23,13,20,81,rolling_quarter,2025-01-01,2025-03-01
belarus,fixed,mean,2025-04,131.58,82.65,13,20,79,rolling_quarter,2025-02-01,2025-04-01
belarus,fixed,median,2023-06,50.99,46.56,5,2,88,month,2023-06-01,2023-06-01
belarus,fixed,median,2023-07,49.84,45.3,5,2,91,month,2023-07-01,2023-07-01
belarus,fixed,median,2023-08,51.76,47.16,5,2,90,month,2023-08-01,2023-08-01
belarus,fixed,median,2023-09,53.0,48.26,5,2,92,month,2023-09-01,2023-09-01
belarus,fixed,median,2023-10,53.8,48.79,5,2,94,month,2023-10-01,2023-10-01
belarus,fixed,median,2023-11,62.06,51.34,5,2,82,month,2023-11-01,2023-11-01
belarus,fixed,median,2023-12,60.62,50.86,5,2,82,month,2023-12-01,2023-12-01
belarus,fixed,median,2024-01,59.08,49.97,5,2,90,month,2024-01-01,2024-01-01
belarus,fixed,median,2024-02,62.95,51.1,5,2,87,month,2024-02-01,2024-02-01
belarus,fixed,median,2024-03,64.6,51.39,5,2,87,month,2024-03-01,2024-03-01
belarus,fixed,median,2024-04,63.45,50.94,5,2,91,month,2024-04-01,2024-04-01
belarus,fixed,median,2024-05,63.06,51.32,5,2,95,month,2024-05-01,2024-05-01
belarus,fixed,median,2024-06,62.14,50.98,5,2,90,rolling_quarter,2024-04-01,2024-06-01
belarus,fixed,median,2024-07,60.79,50.73,5,2,90,rolling_quarter,2024-05-01,2024-07-01
belarus,fixed,median,2024-08,61.05,50.63,5,2,89,rolling_quarter,2024-06-01,2024-08-01
belarus,fixed,median,2024-09,63.14,51.13,5,2,86,rolling_quarter,2024-07-01,2024-09-01
belarus,fixed,median,2024-10,72.55,52.51,5,2,80,rolling_quarter,2024-08-01,2024-10-01
belarus,fixed,median,2024-11,75.58,52.86,5,2,80,rolling_quarter,2024-09-01,2024-11-01
belarus,fixed,median,2024-12,78.51,53.21,5,2,78,rolling_quarter,2024-10-01,2024-12-01
belarus,fixed,median,2025-01,77.12,53.89,5,2,84,rolling_quarter,2024-11-01,2025-01-01
belarus,fixed,median,2025-02,77.79,54.11,5,2,85,rolling_quarter,2024-12-01,2025-02-01
belarus,fixed,median,2025-03,78.28,54.05,5,1,87,rolling_quarter,2025-01-01,2025-03-01
belarus,fixed,median,2025-04,78.88,56.75,5,2,83,rolling_quarter,2025-02-01,2025-04-01
belarus,mobile,mean,2023-06,24.23,10.86,37,36,124,month,2023-06-01,2023-06-01
belarus,mobile,mean,2023-07,25.53,10.68,37,36,126,month,2023-07-01,2023-07-01
belarus,mobile,mean,2023-08,26.94,11.17,36,33,125,month,2023-08-01,2023-08-01
belarus,mobile,mean,2023-09,27.26,11.99,35,31,123,month,2023-09-01,2023-09-01
belarus,mobile,mean,2023-10,26.56,12.09,34,30,125,month,2023-10-01,2023-10-01
belarus,mobile,mean,2023-11,27.43,12.17,34,29,124,month,2023-11-01,2023-11-01
belarus,mobile,mean,2023-12,28.71,12.3,34,29,125,month,2023-12-01,2023-12-01
belarus,mobile,mean,2024-01,29.13,12.67,33,25,123,month,2024-01-01,2024-01-01
belarus,mobile,mean,2024-02,26.79,11.99,33,26,126,month,2024-02-01,2024-02-01
belarus,mobile,mean,2024-03,25.88,11.65,34,29,133,month,2024-03-01,2024-03-01
belarus,mobile,mean,2024-04,26.89,11.74,34,29,128,month,2024-04-01,2024-04-01
belarus,mobile,mean,2024-05,27.25,11.43,34,30,128,month,2024-05-01,2024-05-01
belarus,mobile,mean,2024-06,26.92,11.29,34,31,99,rolling_quarter,2024-04-01,2024-06-01
belarus,mobile,mean,2024-07,27.57,11.1,35,33,102,rolling_quarter,2024-05-01,2024-07-01
belarus,mobile,mean,2024-08,28.65,11.14,36,34,103,rolling_quarter,2024-06-01,2024-08-01
belarus,mobile,mean,2024-09,28.97,11.45,35,33,104,rolling_quarter,2024-07-01,2024-09-01
belarus,mobile,mean,2024-10,29.93,11.93,34,32,104,rolling_quarter,2024-08-01,2024-10-01
belarus,mobile,mean,2024-11,29.69,12.27,33,31,102,rolling_quarter,2024-09-01,2024-11-01
belarus,mobile,mean,2024-12,30.88,12.58,33,30,102,rolling_quarter,2024-10-01,2024-12-01
belarus,mobile,mean,2025-01,38.53,13.97,31,27,95,rolling_quarter,2024-11-01,2025-01-01
belarus,mobile,mean,2025-02,38.11,14.1,32,26,97,rolling_quarter,2024-12-01,2025-02-01
belarus,mobile,mean,2025-03,37.73,14.14,32,27,97,rolling_quarter,2025-01-01,2025-03-01
belarus,mobile,mean,2025-04,35.89,14.0,33,28,99,rolling_quarter,2025-02-01,2025-04-01
belarus,mobile,median,2023-06,10.33,5.04,30,12,132,month,2023-06-01,2023-06-01
belarus,mobile,median,2023-07,10.42,4.74,30,12,135,month,2023-07-01,2023-07-01
belarus,mobile,median,2023-08,11.37,5.44,30,11,135,month,2023-08-01,2023-08-01
belarus,mobile,median,2023-09,11.49,6.75,29,11,130,month,2023-09-01,2023-09-01
belarus,mobile,median,2023-10,11.33,6.65,29,11,133,month,2023-10-01,2023-10-01
belarus,mobile,median,2023-11,11.94,6.88,28,11,135,month,2023-11-01,2023-11-01
belarus,mobile,median,2023-12,12.75,7.1,28,11,136,month,2023-12-01,2023-12-01
belarus,mobile,median,2024-01,12.82,7.32,28,10,130,month,2024-01-01,2024-01-01
belarus,mobile,median,2024-02,11.86,7.14,28,10,135,month,2024-02-01,2024-02-01
belarus,mobile,median,2024-03,11.59,6.64,28,11,139,month,2024-03-01,2024-03-01
belarus,mobile,median,2024-04,11.5,6.65,28,11,138,month,2024-04-01,2024-04-01
belarus,mobile,median,2024-05,11.55,6.03,28,11,140,month,2024-05-01,2024-05-01
belarus,mobile,median,2024-06,11.87,6.48,28,12,105,rolling_quarter,2024-04-01,2024-06-01
belarus,mobile,median,2024-07,11.73,6.14,29,12,108,rolling_quarter,2024-05-01,2024-07-01
belarus,mobile,median,2024-08,11.98,6.15,29,12,108,rolling_quarter,2024-06-01,2024-08-01
belarus,mobile,median,2024-09,12.24,6.51,28,12,109,rolling_quarter,2024-07-01,2024-09-01
belarus,mobile,median,2024-10,13.09,7.18,28,12,108,rolling_quarter,2024-08-01,2024-10-01
belarus,mobile,median,2024-11,13.42,7.62,27,12,106,rolling_quarter,2024-09-01,2024-11-01
belarus,mobile,median,2024-12,14.28,7.94,27,11,106,rolling_quarter,2024-10-01,2024-12-01
belarus,mobile,median,2025-01,19.12,9.33,26,11,101,rolling_quarter,2024-11-01,2025-01-01
belarus,mobile,median,2025-02,18.96,9.47,27,11,101,rolling_quarter,2024-12-01,2025-02-01
belarus,mobile,median,2025-03,19.16,9.49,27,11,100,rolling_quarter,2025-01-01,2025-03-01
belarus,mobile,median,2025-04,18.23,9.34,27,11,103,rolling_quarter,2025-02-01,2025-04-01
georgia,fixed,mean,2025-07,45.26,47.09,13,21,133,rolling_quarter,2025-05-01,2025-07-01
georgia,fixed,mean,2025-08,45.47,46.68,13,22,134,rolling_quarter,2025-06-01,2025-08-01
georgia,fixed,mean,2025-09,46.94,48.24,13,22,134,rolling_quarter,2025-07-01,2025-09-01
georgia,fixed,mean,2025-10,48.1,49.67,14,23,135,rolling_quarter,2025-08-01,2025-10-01
georgia,fixed,mean,2025-11,49.7,51.66,13,22,134,rolling_quarter,2025-09-01,2025-11-01
georgia,fixed,mean,2025-12,49.8,51.38,14,24,134,rolling_quarter,2025-10-01,2025-12-01
georgia,fixed,mean,2026-01,49.71,51.24,14,24,132,rolling_quarter,2025-11-01,2026-01-01
georgia,fixed,mean,2026-02,49.56,50.7,15,25,132,rolling_quarter,2025-12-01,2026-02-01
georgia,fixed,mean,2026-03,49.91,50.65,14,24,131,rolling_quarter,2026-01-01,2026-03-01
georgia,fixed,mean,2026-04,51.25,50.64,13,24,132,rolling_quarter,2026-02-01,2026-04-01
georgia,fixed,mean,2026-05,53.24,51.55,13,23,132,rolling_quarter,2026-03-01,2026-05-01
georgia,fixed,mean,2026-06,54.89,51.77,13,23,132,rolling_quarter,2026-04-01,2026-06-01
georgia,fixed,mean,2026-07,55.47,52.8,13,24,132,rolling_quarter,2026-05-01,2026-07-01
georgia,fixed,median,2025-07,41.86,44.77,5,3,111,rolling_quarter,2025-05-01,2025-07-01
georgia,fixed,median,2025-08,41.81,44.52,5,3,110,rolling_quarter,2025-06-01,2025-08-01
georgia,fixed,median,2025-09,43.27,45.42,5,3,113,rolling_quarter,2025-07-01,2025-09-01
georgia,fixed,median,2025-10,44.03,45.94,5,3,112,rolling_quarter,2025-08-01,2025-10-01
georgia,fixed,median,2025-11,44.91,46.83,5,3,115,rolling_quarter,2025-09-01,2025-11-01
georgia,fixed,median,2025-12,44.55,45.94,5,3,115,rolling_quarter,2025-10-01,2025-12-01
georgia,fixed,median,2026-01,44.45,45.95,5,3,113,rolling_quarter,2025-11-01,2026-01-01
georgia,fixed,median,2026-02,44.35,45.75,5,3,116,rolling_quarter,2025-12-01,2026-02-01
georgia,fixed,median,2026-03,44.73,45.82,5,3,116,rolling_quarter,2026-01-01,2026-03-01
georgia,fixed,median,2026-04,45.36,45.71,5,3,117,rolling_quarter,2026-02-01,2026-04-01
georgia,fixed,median,2026-05,47.86,46.34,5,3,115,rolling_quarter,2026-03-01,2026-05-01
georgia,fixed,median,2026-06,50.83,47.83,5,3,107,rolling_quarter,2026-04-01,2026-06-01
georgia,fixed,median,2026-07,52.79,50.37,5,3,109,rolling_quarter,2026-05-01,2026-07-01
georgia,mobile,mean,2025-07,253.11,29.22,23,24,13,rolling_quarter,2025-05-01,2025-07-01
georgia,mobile,mean,2025-08,251.85,29.02,23,26,13,rolling_quarter,2025-06-01,2025-08-01
georgia,mobile,mean,2025-09,253.47,28.84,23,25,13,rolling_quarter,2025-07-01,2025-09-01
georgia,mobile,mean,2025-10,258.64,29.81,22,24,13,rolling_quarter,2025-08-01,2025-10-01
georgia,mobile,mean,2025-11,264.59,30.07,21,21,14,rolling_quarter,2025-09-01,2025-11-01
georgia,mobile,mean,2025-12,264.79,28.99,21,22,14,rolling_quarter,2025-10-01,2025-12-01
georgia,mobile,mean,2026-01,258.18,27.58,21,23,16,rolling_quarter,2025-11-01,2026-01-01
georgia,mobile,mean,2026-02,252.26,26.13,22,24,16,rolling_quarter,2025-12-01,2026-02-01
georgia,mobile,mean,2026-03,247.94,25.56,22,23,18,rolling_quarter,2026-01-01,2026-03-01
georgia,mobile,mean,2026-04,246.14,24.61,22,22,18,rolling_quarter,2026-02-01,2026-04-01
georgia,mobile,mean,2026-05,247.64,24.83,22,23,16,rolling_quarter,2026-03-01,2026-05-01
georgia,mobile,mean,2026-06,245.93,24.36,22,24,18,rolling_quarter,2026-04-01,2026-06-01
georgia,mobile,mean,2026-07,238.41,24.79,23,27,21,rolling_quarter,2026-05-01,2026-07-01
georgia,mobile,median,2025-07,146.64,19.32,18,8,21,rolling_quarter,2025-05-01,2025-07-01
georgia,mobile,median,2025-08,144.8,18.98,18,8,19,rolling_quarter,2025-06-01,2025-08-01
georgia,mobile,median,2025-09,152.13,18.6,18,8,17,rolling_quarter,2025-07-01,2025-09-01
georgia,mobile,median,2025-10,156.29,19.5,18,8,18,rolling_quarter,2025-08-01,2025-10-01
georgia,mobile,median,2025-11,169.82,20.44,17,8,14,rolling_quarter,2025-09-01,2025-11-01
georgia,mobile,median,2025-12,170.8,19.45,17,8,15,rolling_quarter,2025-10-01,2025-12-01
georgia,mobile,median,2026-01,165.88,18.46,17,9,20,rolling_quarter,2025-11-01,2026-01-01
georgia,mobile,median,2026-02,161.02,16.99,17,9,20,rolling_quarter,2025-12-01,2026-02-01
georgia,mobile,median,2026-03,161.23,16.67,17,9,23,rolling_quarter,2026-01-01,2026-03-01
georgia,mobile,median,2026-04,165.1,15.63,17,9,17,rolling_quarter,2026-02-01,2026-04-01
georgia,mobile,median,2026-05,170.59,15.37,17,9,18,rolling_quarter,2026-03-01,2026-05-01
georgia,mobile,median,2026-06,168.84,14.2,18,9,17,rolling_quarter,2026-04-01,2026-06-01
georgia,mobile,median,2026-07,159.49,14.27,18,10,18,rolling_quarter,2026-05-01,2026-07-01
kazakhstan,fixed,mean,2023-06,80.95,78.03,19,23,86,month,2023-06-01,2023-06-01
kazakhstan,fixed,mean,2023-07,82.12,78.77,19,24,88,month,2023-07-01,2023-07-01
kazakhstan,fixed,mean,2023-08,83.52,80.27,18,25,87,month,2023-08-01,2023-08-01
kazakhstan,fixed,mean,2023-09,83.69,80.78,18,26,91,month,2023-09-01,2023-09-01
kazakhstan,fixed,mean,2023-10,86.28,83.28,18,26,88,month,2023-10-01,2023-10-01
kazakhstan,fixed,mean,2023-11,93.42,89.44,18,24,85,month,2023-11-01,2023-11-01
kazakhstan,fixed,mean,2023-12,88.16,84.38,19,26,91,month,2023-12-01,2023-12-01
kazakhstan,fixed,mean,2024-01,87.73,83.55,19,26,92,month,2024-01-01,2024-01-01
kazakhstan,fixed,mean,2024-02,93.38,87.72,19,26,92,month,2024-02-01,2024-02-01
kazakhstan,fixed,mean,2024-03,95.56,89.27,19,28,90,month,2024-03-01,2024-03-01
kazakhstan,fixed,mean,2024-04,93.51,86.65,21,28,92,month,2024-04-01,2024-04-01
kazakhstan,fixed,mean,2024-05,99.1,91.73,22,27,90,month,2024-05-01,2024-05-01
kazakhstan,fixed,mean,2024-06,95.53,88.83,22,29,88,rolling_quarter,2024-04-01,2024-06-01
kazakhstan,fixed,mean,2024-07,98.1,91.69,22,29,88,rolling_quarter,2024-05-01,2024-07-01
kazakhstan,fixed,mean,2024-08,99.9,94.26,21,29,86,rolling_quarter,2024-06-01,2024-08-01
kazakhstan,fixed,mean,2024-09,101.29,96.18,20,28,83,rolling_quarter,2024-07-01,2024-09-01
kazakhstan,fixed,mean,2024-10,104.71,100.58,19,27,83,rolling_quarter,2024-08-01,2024-10-01
kazakhstan,fixed,mean,2024-11,109.16,105.96,18,25,83,rolling_quarter,2024-09-01,2024-11-01
kazakhstan,fixed,mean,2024-12,116.47,113.24,18,23,81,rolling_quarter,2024-10-01,2024-12-01
kazakhstan,fixed,mean,2025-01,124.11,118.51,17,22,79,rolling_quarter,2024-11-01,2025-01-01
kazakhstan,fixed,mean,2025-02,128.81,121.55,17,22,78,rolling_quarter,2024-12-01,2025-02-01
kazakhstan,fixed,mean,2025-03,131.61,123.16,17,23,80,rolling_quarter,2025-01-01,2025-03-01
kazakhstan,fixed,mean,2025-04,130.63,122.4,18,24,80,rolling_quarter,2025-02-01,2025-04-01
kazakhstan,fixed,mean,2025-07,134.25,125.15,17,21,78,rolling_quarter,2025-05-01,2025-07-01
kazakhstan,fixed,mean,2025-08,134.48,127.07,18,23,79,rolling_quarter,2025-06-01,2025-08-01
kazakhstan,fixed,mean,2025-09,134.38,128.1,18,24,82,rolling_quarter,2025-07-01,2025-09-01
kazakhstan,fixed,mean,2025-10,136.34,129.84,19,25,82,rolling_quarter,2025-08-01,2025-10-01
kazakhstan,fixed,mean,2025-11,138.84,131.46,19,24,82,rolling_quarter,2025-09-01,2025-11-01
kazakhstan,fixed,mean,2025-12,144.12,135.75,19,23,81,rolling_quarter,2025-10-01,2025-12-01
kazakhstan,fixed,mean,2026-01,148.85,140.17,18,22,76,rolling_quarter,2025-11-01,2026-01-01
kazakhstan,fixed,mean,2026-02,152.49,143.67,17,22,77,rolling_quarter,2025-12-01,2026-02-01
kazakhstan,fixed,mean,2026-03,153.0,143.3,18,23,78,rolling_quarter,2026-01-01,2026-03-01
kazakhstan,fixed,mean,2026-04,152.13,143.2,18,24,79,rolling_quarter,2026-02-01,2026-04-01
kazakhstan,fixed,mean,2026-05,153.94,144.72,18,24,80,rolling_quarter,2026-03-01,2026-05-01
kazakhstan,fixed,mean,2026-06,157.07,148.53,17,23,80,rolling_quarter,2026-04-01,2026-06-01
kazakhstan,fixed,mean,2026-07,160.67,150.43,17,23,82,rolling_quarter,2026-05-01,2026-07-01
kazakhstan,fixed,median,2023-06,45.3,44.09,4,2,94,month,2023-06-01,2023-06-01
kazakhstan,fixed,median,2023-07,46.7,45.92,4,2,94,month,2023-07-01,2023-07-01
kazakhstan,fixed,median,2023-08,47.39,47.0,4,2,95,month,2023-08-01,2023-08-01
kazakhstan,fixed,median,2023-09,48.9,48.02,4,2,96,month,2023-09-01,2023-09-01
kazakhstan,fixed,median,2023-10,47.84,46.85,4,2,99,month,2023-10-01,2023-10-01
kazakhstan,fixed,median,2023-11,51.41,51.23,4,2,94,month,2023-11-01,2023-11-01
kazakhstan,fixed,median,2023-12,48.73,48.58,4,2,98,month,2023-12-01,2023-12-01
kazakhstan,fixed,median,2024-01,48.59,47.42,5,2,101,month,2024-01-01,2024-01-01
kazakhstan,fixed,median,2024-02,50.88,49.73,4,2,98,month,2024-02-01,2024-02-01
kazakhstan,fixed,median,2024-03,52.17,50.95,4,2,98,month,2024-03-01,2024-03-01
kazakhstan,fixed,median,2024-04,51.83,49.44,5,2,99,month,2024-04-01,2024-04-01
kazakhstan,fixed,median,2024-05,55.13,52.26,5,2,98,month,2024-05-01,2024-05-01
kazakhstan,fixed,median,2024-06,53.86,51.59,5,2,94,rolling_quarter,2024-04-01,2024-06-01
kazakhstan,fixed,median,2024-07,56.12,54.31,5,2,94,rolling_quarter,2024-05-01,2024-07-01
kazakhstan,fixed,median,2024-08,58.81,58.24,4,2,92,rolling_quarter,2024-06-01,2024-08-01
kazakhstan,fixed,median,2024-09,59.78,59.68,4,2,91,rolling_quarter,2024-07-01,2024-09-01
kazakhstan,fixed,median,2024-10,62.4,63.32,4,2,91,rolling_quarter,2024-08-01,2024-10-01
kazakhstan,fixed,median,2024-11,66.38,68.1,5,2,89,rolling_quarter,2024-09-01,2024-11-01
kazakhstan,fixed,median,2024-12,73.67,76.25,5,2,88,rolling_quarter,2024-10-01,2024-12-01
kazakhstan,fixed,median,2025-01,77.81,80.16,5,2,82,rolling_quarter,2024-11-01,2025-01-01
kazakhstan,fixed,median,2025-02,78.89,80.32,4,2,82,rolling_quarter,2024-12-01,2025-02-01
kazakhstan,fixed,median,2025-03,79.66,81.97,5,2,84,rolling_quarter,2025-01-01,2025-03-01
kazakhstan,fixed,median,2025-04,76.14,75.9,5,2,88,rolling_quarter,2025-02-01,2025-04-01
kazakhstan,fixed,median,2025-07,80.86,81.28,4,2,84,rolling_quarter,2025-05-01,2025-07-01
kazakhstan,fixed,median,2025-08,81.45,83.09,4,2,84,rolling_quarter,2025-06-01,2025-08-01
kazakhstan,fixed,median,2025-09,81.49,83.35,4,2,88,rolling_quarter,2025-07-01,2025-09-01
kazakhstan,fixed,median,2025-10,82.47,85.95,4,2,87,rolling_quarter,2025-08-01,2025-10-01
kazakhstan,fixed,median,2025-11,83.5,86.47,4,2,89,rolling_quarter,2025-09-01,2025-11-01
kazakhstan,fixed,median,2025-12,85.71,89.51,4,2,89,rolling_quarter,2025-10-01,2025-12-01
kazakhstan,fixed,median,2026-01,87.17,90.42,4,2,84,rolling_quarter,2025-11-01,2026-01-01
kazakhstan,fixed,median,2026-02,88.13,90.92,4,2,84,rolling_quarter,2025-12-01,2026-02-01
kazakhstan,fixed,median,2026-03,88.1,90.61,4,2,84,rolling_quarter,2026-01-01,2026-03-01
kazakhstan,fixed,median,2026-04,87.51,90.29,4,2,87,rolling_quarter,2026-02-01,2026-04-01
kazakhstan,fixed,median,2026-05,88.01,90.66,4,2,89,rolling_quarter,2026-03-01,2026-05-01
kazakhstan,fixed,median,2026-06,89.19,91.22,4,2,89,rolling_quarter,2026-04-01,2026-06-01
kazakhstan,fixed,median,2026-07,90.25,91.46,4,2,89,rolling_quarter,2026-05-01,2026-07-01
kazakhstan,mobile,mean,2023-06,87.46,17.5,30,32,50,month,2023-06-01,2023-06-01
kazakhstan,mobile,mean,2023-07,77.22,16.81,31,32,58,month,2023-07-01,2023-07-01
kazakhstan,mobile,mean,2023-08,80.88,17.25,30,32,56,month,2023-08-01,2023-08-01
kazakhstan,mobile,mean,2023-09,83.8,17.54,29,31,59,month,2023-09-01,2023-09-01
kazakhstan,mobile,mean,2023-10,88.1,18.82,29,31,57,month,2023-10-01,2023-10-01
kazakhstan,mobile,mean,2023-11,82.94,18.63,30,31,62,month,2023-11-01,2023-11-01
kazakhstan,mobile,mean,2023-12,83.63,18.45,31,32,61,month,2023-12-01,2023-12-01
kazakhstan,mobile,mean,2024-01,84.37,18.47,31,31,64,month,2024-01-01,2024-01-01
kazakhstan,mobile,mean,2024-02,92.1,18.56,31,32,61,month,2024-02-01,2024-02-01
kazakhstan,mobile,mean,2024-03,98.15,19.59,32,32,58,month,2024-03-01,2024-03-01
kazakhstan,mobile,mean,2024-04,104.82,20.43,30,30,54,month,2024-04-01,2024-04-01
kazakhstan,mobile,mean,2024-05,105.85,20.94,30,30,53,month,2024-05-01,2024-05-01
kazakhstan,mobile,mean,2024-06,104.76,20.63,30,30,44,rolling_quarter,2024-04-01,2024-06-01
kazakhstan,mobile,mean,2024-07,108.62,21.2,30,30,47,rolling_quarter,2024-05-01,2024-07-01
kazakhstan,mobile,mean,2024-08,114.85,22.08,29,30,42,rolling_quarter,2024-06-01,2024-08-01
kazakhstan,mobile,mean,2024-09,119.34,22.97,28,29,44,rolling_quarter,2024-07-01,2024-09-01
kazakhstan,mobile,mean,2024-10,122.69,23.44,27,28,48,rolling_quarter,2024-08-01,2024-10-01
kazakhstan,mobile,mean,2024-11,124.27,23.48,26,28,48,rolling_quarter,2024-09-01,2024-11-01
kazakhstan,mobile,mean,2024-12,126.34,23.21,26,28,47,rolling_quarter,2024-10-01,2024-12-01
kazakhstan,mobile,mean,2025-01,162.58,25.99,25,27,40,rolling_quarter,2024-11-01,2025-01-01
kazakhstan,mobile,mean,2025-02,163.06,25.75,25,27,40,rolling_quarter,2024-12-01,2025-02-01
kazakhstan,mobile,mean,2025-03,165.92,25.91,25,27,41,rolling_quarter,2025-01-01,2025-03-01
kazakhstan,mobile,mean,2025-04,167.16,25.92,25,27,42,rolling_quarter,2025-02-01,2025-04-01
kazakhstan,mobile,mean,2025-07,176.0,26.18,26,29,41,rolling_quarter,2025-05-01,2025-07-01
kazakhstan,mobile,mean,2025-08,179.39,26.54,26,29,35,rolling_quarter,2025-06-01,2025-08-01
kazakhstan,mobile,mean,2025-09,178.92,26.69,26,29,36,rolling_quarter,2025-07-01,2025-09-01
kazakhstan,mobile,mean,2025-10,177.09,26.9,26,28,40,rolling_quarter,2025-08-01,2025-10-01
kazakhstan,mobile,mean,2025-11,175.03,27.05,25,28,41,rolling_quarter,2025-09-01,2025-11-01
kazakhstan,mobile,mean,2025-12,178.53,27.66,25,29,43,rolling_quarter,2025-10-01,2025-12-01
kazakhstan,mobile,mean,2026-01,183.59,27.98,25,29,44,rolling_quarter,2025-11-01,2026-01-01
kazakhstan,mobile,mean,2026-02,179.77,27.41,25,29,44,rolling_quarter,2025-12-01,2026-02-01
kazakhstan,mobile,mean,2026-03,172.54,26.79,26,29,46,rolling_quarter,2026-01-01,2026-03-01
kazakhstan,mobile,mean,2026-04,165.51,26.2,26,30,46,rolling_quarter,2026-02-01,2026-04-01
kazakhstan,mobile,mean,2026-05,165.2,26.14,27,31,49,rolling_quarter,2026-03-01,2026-05-01
kazakhstan,mobile,mean,2026-06,168.58,26.02,28,31,46,rolling_quarter,2026-04-01,2026-06-01
kazakhstan,mobile,mean,2026-07,168.09,25.74,29,33,49,rolling_quarter,2026-05-01,2026-07-01
kazakhstan,mobile,median,2023-06,34.07,11.42,21,11,68,month,2023-06-01,2023-06-01
kazakhstan,mobile,median,2023-07,33.91,11.18,22,11,64,month,2023-07-01,2023-07-01
kazakhstan,mobile,median,2023-08,35.81,11.9,21,11,63,month,2023-08-01,2023-08-01
kazakhstan,mobile,median,2023-09,36.03,12.38,21,11,66,month,2023-09-01,2023-09-01
kazakhstan,mobile,median,2023-10,35.9,13.42,21,11,67,month,2023-10-01,2023-10-01
kazakhstan,mobile,median,2023-11,35.49,13.07,21,11,67,month,2023-11-01,2023-11-01
kazakhstan,mobile,median,2023-12,35.07,12.7,21,11,72,month,2023-12-01,2023-12-01
kazakhstan,mobile,median,2024-01,35.21,12.96,21,11,69,month,2024-01-01,2024-01-01
kazakhstan,mobile,median,2024-02,35.71,13.06,21,11,70,month,2024-02-01,2024-02-01
kazakhstan,mobile,median,2024-03,38.04,13.66,21,11,70,month,2024-03-01,2024-03-01
kazakhstan,mobile,median,2024-04,43.62,14.28,20,10,66,month,2024-04-01,2024-04-01
kazakhstan,mobile,median,2024-05,45.34,14.16,21,10,64,month,2024-05-01,2024-05-01
kazakhstan,mobile,median,2024-06,46.63,14.67,21,11,54,rolling_quarter,2024-04-01,2024-06-01
kazakhstan,mobile,median,2024-07,48.31,14.84,21,10,56,rolling_quarter,2024-05-01,2024-07-01
kazakhstan,mobile,median,2024-08,51.25,15.43,20,10,53,rolling_quarter,2024-06-01,2024-08-01
kazakhstan,mobile,median,2024-09,53.26,16.25,19,10,54,rolling_quarter,2024-07-01,2024-09-01
kazakhstan,mobile,median,2024-10,54.12,16.67,19,10,57,rolling_quarter,2024-08-01,2024-10-01
kazakhstan,mobile,median,2024-11,53.69,16.69,19,10,58,rolling_quarter,2024-09-01,2024-11-01
kazakhstan,mobile,median,2024-12,53.76,16.32,19,11,57,rolling_quarter,2024-10-01,2024-12-01
kazakhstan,mobile,median,2025-01,81.56,18.34,18,11,49,rolling_quarter,2024-11-01,2025-01-01
kazakhstan,mobile,median,2025-02,81.49,18.1,18,11,51,rolling_quarter,2024-12-01,2025-02-01
kazakhstan,mobile,median,2025-03,82.37,18.31,18,11,49,rolling_quarter,2025-01-01,2025-03-01
kazakhstan,mobile,median,2025-04,84.2,18.37,18,11,51,rolling_quarter,2025-02-01,2025-04-01
kazakhstan,mobile,median,2025-07,88.8,18.35,18,11,49,rolling_quarter,2025-05-01,2025-07-01
kazakhstan,mobile,median,2025-08,92.11,18.84,18,11,45,rolling_quarter,2025-06-01,2025-08-01
kazakhstan,mobile,median,2025-09,94.24,19.25,18,11,46,rolling_quarter,2025-07-01,2025-09-01
kazakhstan,mobile,median,2025-10,94.54,19.54,18,11,45,rolling_quarter,2025-08-01,2025-10-01
kazakhstan,mobile,median,2025-11,93.07,19.99,18,11,46,rolling_quarter,2025-09-01,2025-11-01
kazakhstan,mobile,median,2025-12,95.32,20.66,18,11,48,rolling_quarter,2025-10-01,2025-12-01
kazakhstan,mobile,median,2026-01,100.2,21.17,18,10,50,rolling_quarter,2025-11-01,2026-01-01
kazakhstan,mobile,median,2026-02,98.78,20.71,18,11,49,rolling_quarter,2025-12-01,2026-02-01
kazakhstan,mobile,median,2026-03,93.68,20.12,19,11,51,rolling_quarter,2026-01-01,2026-03-01
kazakhstan,mobile,median,2026-04,89.16,19.56,19,11,52,rolling_quarter,2026-02-01,2026-04-01
kazakhstan,mobile,median,2026-05,88.11,19.48,19,11,56,rolling_quarter,2026-03-01,2026-05-01
kazakhstan,mobile,median,2026-06,89.7,19.3,19,11,53,rolling_quarter,2026-04-01,2026-06-01
kazakhstan,mobile,median,2026-07,88.05,18.84,20,11,56,rolling_quarter,2026-05-01,2026-07-01
kyrgyzstan,fixed,mean,2023-06,61.22,61.82,11,19,103,month,2023-06-01,2023-06-01
kyrgyzstan,fixed,mean,2023-07,59.19,60.78,11,17,105,month,2023-07-01,2023-07-01
kyrgyzstan,fixed,mean,2023-08,60.32,62.1,11,19,106,month,2023-08-01,2023-08-01
kyrgyzstan,fixed,mean,2023-09,59.09,61.5,12,19,109,month,2023-09-01,2023-09-01
kyrgyzstan,fixed,mean,2023-10,62.98,66.86,9,18,108,month,2023-10-01,2023-10-01
kyrgyzstan,fixed,mean,2023-11,63.25,65.6,10,19,107,month,2023-11-01,2023-11-01
kyrgyzstan,fixed,mean,2023-12,64.8,66.46,9,19,104,month,2023-12-01,2023-12-01
kyrgyzstan,fixed,mean,2024-01,63.25,64.17,9,20,110,month,2024-01-01,2024-01-01
kyrgyzstan,fixed,mean,2024-02,64.03,64.46,10,21,109,month,2024-02-01,2024-02-01
kyrgyzstan,fixed,mean,2024-03,66.7,68.73,9,20,109,month,2024-03-01,2024-03-01
kyrgyzstan,fixed,mean,2024-04,71.77,72.73,9,17,109,month,2024-04-01,2024-04-01
kyrgyzstan,fixed,mean,2024-05,80.11,80.75,9,16,103,month,2024-05-01,2024-05-01
kyrgyzstan,fixed,mean,2024-06,77.4,77.93,9,18,100,rolling_quarter,2024-04-01,2024-06-01
kyrgyzstan,fixed,mean,2024-07,82.04,82.42,9,18,98,rolling_quarter,2024-05-01,2024-07-01
kyrgyzstan,fixed,mean,2024-08,87.2,86.92,10,19,93,rolling_quarter,2024-06-01,2024-08-01
kyrgyzstan,fixed,mean,2024-09,92.63,92.59,9,18,90,rolling_quarter,2024-07-01,2024-09-01
kyrgyzstan,fixed,mean,2024-10,98.69,97.54,9,17,88,rolling_quarter,2024-08-01,2024-10-01
kyrgyzstan,fixed,mean,2024-11,101.51,101.04,8,17,85,rolling_quarter,2024-09-01,2024-11-01
kyrgyzstan,fixed,mean,2024-12,105.16,105.04,8,17,87,rolling_quarter,2024-10-01,2024-12-01
kyrgyzstan,fixed,mean,2025-01,109.43,110.6,9,18,86,rolling_quarter,2024-11-01,2025-01-01
kyrgyzstan,fixed,mean,2025-02,114.21,116.28,9,17,86,rolling_quarter,2024-12-01,2025-02-01
kyrgyzstan,fixed,mean,2025-03,118.92,120.44,8,17,84,rolling_quarter,2025-01-01,2025-03-01
kyrgyzstan,fixed,mean,2025-04,124.02,125.12,8,15,82,rolling_quarter,2025-02-01,2025-04-01
kyrgyzstan,fixed,mean,2025-07,129.73,130.69,9,15,82,rolling_quarter,2025-05-01,2025-07-01
kyrgyzstan,fixed,mean,2025-08,130.51,131.5,9,16,81,rolling_quarter,2025-06-01,2025-08-01
kyrgyzstan,fixed,mean,2025-09,134.26,134.65,9,17,83,rolling_quarter,2025-07-01,2025-09-01
kyrgyzstan,fixed,mean,2025-10,136.73,135.92,9,18,81,rolling_quarter,2025-08-01,2025-10-01
kyrgyzstan,fixed,mean,2025-11,138.99,135.81,9,17,81,rolling_quarter,2025-09-01,2025-11-01
kyrgyzstan,fixed,mean,2025-12,141.1,136.64,9,16,83,rolling_quarter,2025-10-01,2025-12-01
kyrgyzstan,fixed,mean,2026-01,143.21,137.19,9,17,78,rolling_quarter,2025-11-01,2026-01-01
kyrgyzstan,fixed,mean,2026-02,146.66,140.86,9,18,78,rolling_quarter,2025-12-01,2026-02-01
kyrgyzstan,fixed,mean,2026-03,150.15,144.71,9,18,79,rolling_quarter,2026-01-01,2026-03-01
kyrgyzstan,fixed,mean,2026-04,153.58,148.88,9,18,77,rolling_quarter,2026-02-01,2026-04-01
kyrgyzstan,fixed,mean,2026-05,155.67,151.06,9,17,79,rolling_quarter,2026-03-01,2026-05-01
kyrgyzstan,fixed,mean,2026-06,156.93,152.25,9,18,81,rolling_quarter,2026-04-01,2026-06-01
kyrgyzstan,fixed,mean,2026-07,158.58,154.4,9,19,83,rolling_quarter,2026-05-01,2026-07-01
kyrgyzstan,fixed,median,2023-06,53.12,50.45,3,1,84,month,2023-06-01,2023-06-01
kyrgyzstan,fixed,median,2023-07,51.95,50.59,3,1,87,month,2023-07-01,2023-07-01
kyrgyzstan,fixed,median,2023-08,52.77,51.95,3,1,88,month,2023-08-01,2023-08-01
kyrgyzstan,fixed,median,2023-09,52.22,51.72,3,2,93,month,2023-09-01,2023-09-01
kyrgyzstan,fixed,median,2023-10,54.37,53.79,3,1,92,month,2023-10-01,2023-10-01
kyrgyzstan,fixed,median,2023-11,54.55,53.71,3,1,91,month,2023-11-01,2023-11-01
kyrgyzstan,fixed,median,2023-12,55.21,53.63,3,1,91,month,2023-12-01,2023-12-01
kyrgyzstan,fixed,median,2024-01,55.22,53.06,3,2,94,month,2024-01-01,2024-01-01
kyrgyzstan,fixed,median,2024-02,56.13,53.86,3,2,95,month,2024-02-01,2024-02-01
kyrgyzstan,fixed,median,2024-03,57.06,55.02,3,1,95,month,2024-03-01,2024-03-01
kyrgyzstan,fixed,median,2024-04,61.8,56.3,3,1,95,month,2024-04-01,2024-04-01
kyrgyzstan,fixed,median,2024-05,65.26,61.09,3,1,89,month,2024-05-01,2024-05-01
kyrgyzstan,fixed,median,2024-06,63.57,58.83,3,1,88,rolling_quarter,2024-04-01,2024-06-01
kyrgyzstan,fixed,median,2024-07,64.17,60.16,3,1,85,rolling_quarter,2024-05-01,2024-07-01
kyrgyzstan,fixed,median,2024-08,65.44,62.08,3,1,83,rolling_quarter,2024-06-01,2024-08-01
kyrgyzstan,fixed,median,2024-09,67.74,65.56,3,1,81,rolling_quarter,2024-07-01,2024-09-01
kyrgyzstan,fixed,median,2024-10,71.31,70.56,3,1,82,rolling_quarter,2024-08-01,2024-10-01
kyrgyzstan,fixed,median,2024-11,72.95,73.01,3,1,84,rolling_quarter,2024-09-01,2024-11-01
kyrgyzstan,fixed,median,2024-12,73.78,73.78,3,1,87,rolling_quarter,2024-10-01,2024-12-01
kyrgyzstan,fixed,median,2025-01,74.5,72.73,3,1,87,rolling_quarter,2024-11-01,2025-01-01
kyrgyzstan,fixed,median,2025-02,75.87,79.86,3,1,86,rolling_quarter,2024-12-01,2025-02-01
kyrgyzstan,fixed,median,2025-03,78.6,78.2,3,1,85,rolling_quarter,2025-01-01,2025-03-01
kyrgyzstan,fixed,median,2025-04,80.32,80.74,3,1,82,rolling_quarter,2025-02-01,2025-04-01
kyrgyzstan,fixed,median,2025-07,81.55,83.71,3,1,82,rolling_quarter,2025-05-01,2025-07-01
kyrgyzstan,fixed,median,2025-08,82.14,83.7,3,1,78,rolling_quarter,2025-06-01,2025-08-01
kyrgyzstan,fixed,median,2025-09,83.28,85.39,3,1,84,rolling_quarter,2025-07-01,2025-09-01
kyrgyzstan,fixed,median,2025-10,83.87,86.55,3,1,85,rolling_quarter,2025-08-01,2025-10-01
kyrgyzstan,fixed,median,2025-11,85.06,87.25,3,1,87,rolling_quarter,2025-09-01,2025-11-01
kyrgyzstan,fixed,median,2025-12,85.4,87.74,3,1,90,rolling_quarter,2025-10-01,2025-12-01
kyrgyzstan,fixed,median,2026-01,85.41,87.44,3,1,86,rolling_quarter,2025-11-01,2026-01-01
kyrgyzstan,fixed,median,2026-02,86.25,88.42,3,1,86,rolling_quarter,2025-12-01,2026-02-01
kyrgyzstan,fixed,median,2026-03,87.14,89.76,3,1,85,rolling_quarter,2026-01-01,2026-03-01
kyrgyzstan,fixed,median,2026-04,88.36,90.99,3,1,85,rolling_quarter,2026-02-01,2026-04-01
kyrgyzstan,fixed,median,2026-05,89.05,91.65,3,1,88,rolling_quarter,2026-03-01,2026-05-01
kyrgyzstan,fixed,median,2026-06,89.3,91.56,3,1,87,rolling_quarter,2026-04-01,2026-06-01
kyrgyzstan,fixed,median,2026-07,89.21,91.78,3,1,91,rolling_quarter,2026-05-01,2026-07-01
kyrgyzstan,mobile,mean,2023-06,39.28,15.38,27,26,93,month,2023-06-01,2023-06-01
kyrgyzstan,mobile,mean,2023-07,39.36,14.98,27,27,91,month,2023-07-01,2023-07-01
kyrgyzstan,mobile,mean,2023-08,40.63,15.64,28,25,93,month,2023-08-01,2023-08-01
kyrgyzstan,mobile,mean,2023-09,38.53,15.08,26,25,99,month,2023-09-01,2023-09-01
kyrgyzstan,mobile,mean,2023-10,37.82,15.76,26,24,105,month,2023-10-01,2023-10-01
kyrgyzstan,mobile,mean,2023-11,36.61,15.75,27,26,106,month,2023-11-01,2023-11-01
kyrgyzstan,mobile,mean,2023-12,35.98,15.22,27,25,108,month,2023-12-01,2023-12-01
kyrgyzstan,mobile,mean,2024-01,38.39,15.31,26,21,102,month,2024-01-01,2024-01-01
kyrgyzstan,mobile,mean,2024-02,38.74,15.38,26,23,102,month,2024-02-01,2024-02-01
kyrgyzstan,mobile,mean,2024-03,42.58,16.27,28,23,102,month,2024-03-01,2024-03-01
kyrgyzstan,mobile,mean,2024-04,44.18,15.69,26,27,96,month,2024-04-01,2024-04-01
kyrgyzstan,mobile,mean,2024-05,52.61,16.15,27,21,93,month,2024-05-01,2024-05-01
kyrgyzstan,mobile,mean,2024-06,51.65,16.42,26,22,78,rolling_quarter,2024-04-01,2024-06-01
kyrgyzstan,mobile,mean,2024-07,56.55,16.62,26,21,75,rolling_quarter,2024-05-01,2024-07-01
kyrgyzstan,mobile,mean,2024-08,57.7,16.91,25,21,74,rolling_quarter,2024-06-01,2024-08-01
kyrgyzstan,mobile,mean,2024-09,55.86,16.52,25,21,77,rolling_quarter,2024-07-01,2024-09-01
kyrgyzstan,mobile,mean,2024-10,53.37,16.24,25,20,81,rolling_quarter,2024-08-01,2024-10-01
kyrgyzstan,mobile,mean,2024-11,53.06,16.33,24,19,82,rolling_quarter,2024-09-01,2024-11-01
kyrgyzstan,mobile,mean,2024-12,52.42,16.26,24,19,81,rolling_quarter,2024-10-01,2024-12-01
kyrgyzstan,mobile,mean,2025-01,61.89,17.99,23,18,79,rolling_quarter,2024-11-01,2025-01-01
kyrgyzstan,mobile,mean,2025-02,60.63,18.05,23,18,80,rolling_quarter,2024-12-01,2025-02-01
kyrgyzstan,mobile,mean,2025-03,60.87,18.09,23,18,81,rolling_quarter,2025-01-01,2025-03-01
kyrgyzstan,mobile,mean,2025-04,63.03,18.05,23,17,83,rolling_quarter,2025-02-01,2025-04-01
kyrgyzstan,mobile,mean,2025-07,67.99,18.23,25,18,81,rolling_quarter,2025-05-01,2025-07-01
kyrgyzstan,mobile,mean,2025-08,66.53,17.8,24,19,81,rolling_quarter,2025-06-01,2025-08-01
kyrgyzstan,mobile,mean,2025-09,65.84,17.79,24,18,84,rolling_quarter,2025-07-01,2025-09-01
kyrgyzstan,mobile,mean,2025-10,65.48,17.87,24,18,82,rolling_quarter,2025-08-01,2025-10-01
kyrgyzstan,mobile,mean,2025-11,65.53,18.32,24,18,81,rolling_quarter,2025-09-01,2025-11-01
kyrgyzstan,mobile,mean,2025-12,65.7,18.52,24,18,86,rolling_quarter,2025-10-01,2025-12-01
kyrgyzstan,mobile,mean,2026-01,66.3,18.84,24,18,86,rolling_quarter,2025-11-01,2026-01-01
kyrgyzstan,mobile,mean,2026-02,66.76,18.79,24,17,89,rolling_quarter,2025-12-01,2026-02-01
kyrgyzstan,mobile,mean,2026-03,67.92,18.91,24,16,86,rolling_quarter,2026-01-01,2026-03-01
kyrgyzstan,mobile,mean,2026-04,66.97,18.41,24,17,84,rolling_quarter,2026-02-01,2026-04-01
kyrgyzstan,mobile,mean,2026-05,66.39,18.18,24,18,88,rolling_quarter,2026-03-01,2026-05-01
kyrgyzstan,mobile,mean,2026-06,66.09,18.04,24,20,84,rolling_quarter,2026-04-01,2026-06-01
kyrgyzstan,mobile,mean,2026-07,66.6,17.89,25,23,86,rolling_quarter,2026-05-01,2026-07-01
kyrgyzstan,mobile,median,2023-06,27.44,11.08,23,9,82,month,2023-06-01,2023-06-01
kyrgyzstan,mobile,median,2023-07,26.92,10.95,23,9,84,month,2023-07-01,2023-07-01
kyrgyzstan,mobile,median,2023-08,28.45,11.15,23,9,79,month,2023-08-01,2023-08-01
kyrgyzstan,mobile,median,2023-09,26.09,10.84,23,9,88,month,2023-09-01,2023-09-01
kyrgyzstan,mobile,median,2023-10,25.69,12.02,23,9,89,month,2023-10-01,2023-10-01
kyrgyzstan,mobile,median,2023-11,25.47,12.27,23,9,92,month,2023-11-01,2023-11-01
kyrgyzstan,mobile,median,2023-12,24.43,11.29,23,10,100,month,2023-12-01,2023-12-01
kyrgyzstan,mobile,median,2024-01,26.65,11.49,23,9,94,month,2024-01-01,2024-01-01
kyrgyzstan,mobile,median,2024-02,27.25,11.59,23,9,87,month,2024-02-01,2024-02-01
kyrgyzstan,mobile,median,2024-03,29.92,12.08,23,9,87,month,2024-03-01,2024-03-01
kyrgyzstan,mobile,median,2024-04,29.38,11.2,22,9,90,month,2024-04-01,2024-04-01
kyrgyzstan,mobile,median,2024-05,37.21,11.91,22,9,74,month,2024-05-01,2024-05-01
kyrgyzstan,mobile,median,2024-06,36.73,12.39,22,9,66,rolling_quarter,2024-04-01,2024-06-01
kyrgyzstan,mobile,median,2024-07,41.22,12.58,22,9,66,rolling_quarter,2024-05-01,2024-07-01
kyrgyzstan,mobile,median,2024-08,42.82,12.87,22,8,62,rolling_quarter,2024-06-01,2024-08-01
kyrgyzstan,mobile,median,2024-09,41.36,12.44,21,9,66,rolling_quarter,2024-07-01,2024-09-01
kyrgyzstan,mobile,median,2024-10,39.97,12.41,21,8,70,rolling_quarter,2024-08-01,2024-10-01
kyrgyzstan,mobile,median,2024-11,39.71,12.64,20,8,70,rolling_quarter,2024-09-01,2024-11-01
kyrgyzstan,mobile,median,2024-12,39.0,12.56,20,8,70,rolling_quarter,2024-10-01,2024-12-01
kyrgyzstan,mobile,median,2025-01,48.31,14.21,19,8,70,rolling_quarter,2024-11-01,2025-01-01
kyrgyzstan,mobile,median,2025-02,46.76,14.5,19,8,75,rolling_quarter,2024-12-01,2025-02-01
kyrgyzstan,mobile,median,2025-03,46.5,14.53,19,8,78,rolling_quarter,2025-01-01,2025-03-01
kyrgyzstan,mobile,median,2025-04,48.85,14.51,19,8,76,rolling_quarter,2025-02-01,2025-04-01
kyrgyzstan,mobile,median,2025-07,53.46,14.25,20,7,76,rolling_quarter,2025-05-01,2025-07-01
kyrgyzstan,mobile,median,2025-08,52.05,13.77,20,7,76,rolling_quarter,2025-06-01,2025-08-01
kyrgyzstan,mobile,median,2025-09,51.56,13.71,20,7,78,rolling_quarter,2025-07-01,2025-09-01
kyrgyzstan,mobile,median,2025-10,51.0,13.89,20,7,75,rolling_quarter,2025-08-01,2025-10-01
kyrgyzstan,mobile,median,2025-11,51.63,14.77,20,7,71,rolling_quarter,2025-09-01,2025-11-01
kyrgyzstan,mobile,median,2025-12,51.13,15.01,20,7,76,rolling_quarter,2025-10-01,2025-12-01
kyrgyzstan,mobile,median,2026-01,51.48,15.41,20,7,77,rolling_quarter,2025-11-01,2026-01-01
kyrgyzstan,mobile,median,2026-02,51.7,15.03,20,7,79,rolling_quarter,2025-12-01,2026-02-01
kyrgyzstan,mobile,median,2026-03,52.64,15.05,20,7,79,rolling_quarter,2026-01-01,2026-03-01
kyrgyzstan,mobile,median,2026-04,52.04,14.49,20,7,78,rolling_quarter,2026-02-01,2026-04-01
kyrgyzstan,mobile,median,2026-05,51.56,14.13,20,7,82,rolling_quarter,2026-03-01,2026-05-01
kyrgyzstan,mobile,median,2026-06,50.72,13.94,20,8,78,rolling_quarter,2026-04-01,2026-06-01
kyrgyzstan,mobile,median,2026-07,50.22,13.54,20,8,81,rolling_quarter,2026-05-01,2026-07-01
moldova,fixed,mean,2023-06,302.39,270.32,9,9,4,month,2023-06-01,2023-06-01
moldova,fixed,mean,2023-07,297.22,267.16,10,9,5,month,2023-07-01,2023-07-01
moldova,fixed,mean,2023-08,234.71,214.67,10,10,23,month,2023-08-01,2023-08-01
moldova,fixed,mean,2023-09,248.01,233.13,9,10,20,month,2023-09-01,2023-09-01
moldova,fixed,mean,2023-10,236.53,217.37,12,11,24,month,2023-10-01,2023-10-01
moldova,fixed,mean,2023-11,238.4,220.33,10,10,22,month,2023-11-01,2023-11-01
moldova,fixed,mean,2023-12,258.08,246.07,8,10,22,month,2023-12-01,2023-12-01
moldova,fixed,mean,2024-01,256.83,246.18,7,11,23,month,2024-01-01,2024-01-01
moldova,fixed,mean,2024-02,286.02,270.53,7,11,19,month,2024-02-01,2024-02-01
moldova,fixed,mean,2024-03,259.49,238.23,9,11,23,month,2024-03-01,2024-03-01
moldova,fixed,mean,2024-04,241.88,221.96,10,10,27,month,2024-04-01,2024-04-01
moldova,fixed,mean,2024-05,240.43,218.76,10,10,29,month,2024-05-01,2024-05-01
moldova,fixed,mean,2024-06,249.54,228.09,10,10,25,rolling_quarter,2024-04-01,2024-06-01
moldova,fixed,mean,2024-07,249.55,225.6,9,10,26,rolling_quarter,2024-05-01,2024-07-01
moldova,fixed,mean,2024-08,245.81,221.29,9,12,26,rolling_quarter,2024-06-01,2024-08-01
moldova,fixed,mean,2024-09,239.45,210.01,9,12,29,rolling_quarter,2024-07-01,2024-09-01
moldova,fixed,mean,2024-10,241.35,209.37,9,11,31,rolling_quarter,2024-08-01,2024-10-01
moldova,fixed,mean,2024-11,246.42,210.82,9,10,31,rolling_quarter,2024-09-01,2024-11-01
moldova,fixed,mean,2024-12,246.57,210.62,9,10,32,rolling_quarter,2024-10-01,2024-12-01
moldova,fixed,mean,2025-01,250.78,216.89,9,9,32,rolling_quarter,2024-11-01,2025-01-01
moldova,fixed,mean,2025-02,255.91,227.03,8,9,30,rolling_quarter,2024-12-01,2025-02-01
moldova,fixed,mean,2025-03,264.1,241.29,7,9,28,rolling_quarter,2025-01-01,2025-03-01
moldova,fixed,mean,2025-04,265.55,246.97,7,9,29,rolling_quarter,2025-02-01,2025-04-01
moldova,fixed,mean,2025-07,269.91,253.3,7,7,30,rolling_quarter,2025-05-01,2025-07-01
moldova,fixed,mean,2025-08,274.76,256.75,8,8,29,rolling_quarter,2025-06-01,2025-08-01
moldova,fixed,mean,2025-09,283.96,265.79,8,10,29,rolling_quarter,2025-07-01,2025-09-01
moldova,fixed,mean,2025-10,293.58,275.62,9,13,29,rolling_quarter,2025-08-01,2025-10-01
moldova,fixed,mean,2025-11,297.29,280.07,10,14,29,rolling_quarter,2025-09-01,2025-11-01
moldova,fixed,mean,2025-12,297.08,279.05,10,15,29,rolling_quarter,2025-10-01,2025-12-01
moldova,fixed,mean,2026-01,296.78,275.44,11,16,29,rolling_quarter,2025-11-01,2026-01-01
moldova,fixed,mean,2026-02,294.68,270.69,11,17,30,rolling_quarter,2025-12-01,2026-02-01
moldova,fixed,mean,2026-03,296.57,270.21,11,17,32,rolling_quarter,2026-01-01,2026-03-01
moldova,fixed,mean,2026-04,299.47,274.65,12,17,31,rolling_quarter,2026-02-01,2026-04-01
moldova,fixed,mean,2026-05,305.91,280.63,11,17,32,rolling_quarter,2026-03-01,2026-05-01
moldova,fixed,mean,2026-06,305.41,280.34,11,17,32,rolling_quarter,2026-04-01,2026-06-01
moldova,fixed,mean,2026-07,305.12,276.28,10,18,34,rolling_quarter,2026-05-01,2026-07-01
moldova,fixed,median,2023-06,105.45,94.8,3,0,34,month,2023-06-01,2023-06-01
moldova,fixed,median,2023-07,105.82,94.03,4,1,33,month,2023-07-01,2023-07-01
moldova,fixed,median,2023-08,105.92,94.39,4,1,35,month,2023-08-01,2023-08-01
moldova,fixed,median,2023-09,119.89,103.52,3,0,32,month,2023-09-01,2023-09-01
moldova,fixed,median,2023-10,108.2,94.43,4,1,39,month,2023-10-01,2023-10-01
moldova,fixed,median,2023-11,106.0,94.64,4,1,40,month,2023-11-01,2023-11-01
moldova,fixed,median,2023-12,128.87,105.87,3,0,33,month,2023-12-01,2023-12-01
moldova,fixed,median,2024-01,106.13,105.9,3,0,45,month,2024-01-01,2024-01-01
moldova,fixed,median,2024-02,133.47,107.22,3,0,36,month,2024-02-01,2024-02-01
moldova,fixed,median,2024-03,136.91,107.13,3,0,35,month,2024-03-01,2024-03-01
moldova,fixed,median,2024-04,129.01,105.0,3,0,40,month,2024-04-01,2024-04-01
moldova,fixed,median,2024-05,128.39,98.61,4,0,42,month,2024-05-01,2024-05-01
moldova,fixed,median,2024-06,130.46,104.01,4,0,39,rolling_quarter,2024-04-01,2024-06-01
moldova,fixed,median,2024-07,129.68,99.51,4,0,40,rolling_quarter,2024-05-01,2024-07-01
moldova,fixed,median,2024-08,120.73,98.15,4,0,40,rolling_quarter,2024-06-01,2024-08-01
moldova,fixed,median,2024-09,121.78,99.74,4,1,41,rolling_quarter,2024-07-01,2024-09-01
moldova,fixed,median,2024-10,127.34,104.97,4,0,41,rolling_quarter,2024-08-01,2024-10-01
moldova,fixed,median,2024-11,133.96,105.06,4,0,40,rolling_quarter,2024-09-01,2024-11-01
moldova,fixed,median,2024-12,134.52,105.08,4,0,41,rolling_quarter,2024-10-01,2024-12-01
moldova,fixed,median,2025-01,139.5,106.31,4,0,41,rolling_quarter,2024-11-01,2025-01-01
moldova,fixed,median,2025-02,146.48,111.12,3,0,41,rolling_quarter,2024-12-01,2025-02-01
moldova,fixed,median,2025-03,159.06,120.9,3,0,38,rolling_quarter,2025-01-01,2025-03-01
moldova,fixed,median,2025-04,158.4,124.85,3,0,38,rolling_quarter,2025-02-01,2025-04-01
moldova,fixed,median,2025-07,158.55,126.49,3,0,39,rolling_quarter,2025-05-01,2025-07-01
moldova,fixed,median,2025-08,157.1,133.78,4,0,39,rolling_quarter,2025-06-01,2025-08-01
moldova,fixed,median,2025-09,160.21,140.96,4,0,39,rolling_quarter,2025-07-01,2025-09-01
moldova,fixed,median,2025-10,164.43,144.36,4,1,39,rolling_quarter,2025-08-01,2025-10-01
moldova,fixed,median,2025-11,171.08,148.47,4,1,40,rolling_quarter,2025-09-01,2025-11-01
moldova,fixed,median,2025-12,164.98,145.26,4,1,42,rolling_quarter,2025-10-01,2025-12-01
moldova,fixed,median,2026-01,157.57,136.85,4,1,47,rolling_quarter,2025-11-01,2026-01-01
moldova,fixed,median,2026-02,152.49,130.95,4,1,50,rolling_quarter,2025-12-01,2026-02-01
moldova,fixed,median,2026-03,153.46,132.18,4,1,50,rolling_quarter,2026-01-01,2026-03-01
moldova,fixed,median,2026-04,165.66,142.09,4,1,47,rolling_quarter,2026-02-01,2026-04-01
moldova,fixed,median,2026-05,182.92,153.04,4,1,42,rolling_quarter,2026-03-01,2026-05-01
moldova,fixed,median,2026-06,193.0,159.26,4,1,41,rolling_quarter,2026-04-01,2026-06-01
moldova,fixed,median,2026-07,191.01,155.97,4,1,41,rolling_quarter,2026-05-01,2026-07-01
moldova,mobile,mean,2023-06,48.05,15.97,24,22,79,month,2023-06-01,2023-06-01
moldova,mobile,mean,2023-07,47.07,15.08,26,27,81,month,2023-07-01,2023-07-01
moldova,mobile,mean,2023-08,46.75,15.93,26,25,82,month,2023-08-01,2023-08-01
moldova,mobile,mean,2023-09,45.75,16.8,25,22,87,month,2023-09-01,2023-09-01
moldova,mobile,mean,2023-10,44.68,16.3,33,27,89,month,2023-10-01,2023-10-01
moldova,mobile,mean,2023-11,43.03,16.19,22,24,93,month,2023-11-01,2023-11-01
moldova,mobile,mean,2023-12,46.49,16.74,23,22,89,month,2023-12-01,2023-12-01
moldova,mobile,mean,2024-01,47.29,17.01,22,18,88,month,2024-01-01,2024-01-01
moldova,mobile,mean,2024-02,45.24,17.07,22,19,92,month,2024-02-01,2024-02-01
moldova,mobile,mean,2024-03,47.84,17.51,21,21,96,month,2024-03-01,2024-03-01
moldova,mobile,mean,2024-04,53.74,17.43,24,22,92,month,2024-04-01,2024-04-01
moldova,mobile,mean,2024-05,54.24,17.07,22,25,90,month,2024-05-01,2024-05-01
moldova,mobile,mean,2024-06,81.48,19.23,22,23,57,rolling_quarter,2024-04-01,2024-06-01
moldova,mobile,mean,2024-07,112.14,21.27,21,22,44,rolling_quarter,2024-05-01,2024-07-01
moldova,mobile,mean,2024-08,114.77,22.22,21,20,43,rolling_quarter,2024-06-01,2024-08-01
moldova,mobile,mean,2024-09,92.2,22.09,21,19,59,rolling_quarter,2024-07-01,2024-09-01
moldova,mobile,mean,2024-10,70.78,21.36,21,19,72,rolling_quarter,2024-08-01,2024-10-01
moldova,mobile,mean,2024-11,64.15,21.12,21,19,74,rolling_quarter,2024-09-01,2024-11-01
moldova,mobile,mean,2024-12,66.27,20.46,21,20,72,rolling_quarter,2024-10-01,2024-12-01
moldova,mobile,mean,2025-01,72.94,21.31,22,22,75,rolling_quarter,2024-11-01,2025-01-01
moldova,mobile,mean,2025-02,70.09,20.41,22,23,76,rolling_quarter,2024-12-01,2025-02-01
moldova,mobile,mean,2025-03,73.98,21.06,22,22,75,rolling_quarter,2025-01-01,2025-03-01
moldova,mobile,mean,2025-04,77.77,22.02,20,19,76,rolling_quarter,2025-02-01,2025-04-01
moldova,mobile,mean,2025-07,75.09,21.09,22,25,77,rolling_quarter,2025-05-01,2025-07-01
moldova,mobile,mean,2025-08,75.11,21.18,21,23,75,rolling_quarter,2025-06-01,2025-08-01
moldova,mobile,mean,2025-09,76.93,21.65,21,22,79,rolling_quarter,2025-07-01,2025-09-01
moldova,mobile,mean,2025-10,79.38,22.19,20,19,77,rolling_quarter,2025-08-01,2025-10-01
moldova,mobile,mean,2025-11,81.04,22.54,20,19,77,rolling_quarter,2025-09-01,2025-11-01
moldova,mobile,mean,2025-12,82.17,22.53,19,18,79,rolling_quarter,2025-10-01,2025-12-01
moldova,mobile,mean,2026-01,82.78,22.09,20,21,79,rolling_quarter,2025-11-01,2026-01-01
moldova,mobile,mean,2026-02,87.52,22.51,20,20,80,rolling_quarter,2025-12-01,2026-02-01
moldova,mobile,mean,2026-03,86.33,22.19,20,20,81,rolling_quarter,2026-01-01,2026-03-01
moldova,mobile,mean,2026-04,98.11,23.16,20,17,76,rolling_quarter,2026-02-01,2026-04-01
moldova,mobile,mean,2026-05,107.92,24.05,20,17,76,rolling_quarter,2026-03-01,2026-05-01
moldova,mobile,mean,2026-06,120.59,24.75,20,19,67,rolling_quarter,2026-04-01,2026-06-01
moldova,mobile,mean,2026-07,127.48,24.8,21,19,69,rolling_quarter,2026-05-01,2026-07-01
moldova,mobile,median,2023-06,33.56,11.32,20,8,69,month,2023-06-01,2023-06-01
moldova,mobile,median,2023-07,33.71,10.82,20,8,65,month,2023-07-01,2023-07-01
moldova,mobile,median,2023-08,32.78,11.54,21,8,67,month,2023-08-01,2023-08-01
moldova,mobile,median,2023-09,31.14,12.87,21,9,77,month,2023-09-01,2023-09-01
moldova,mobile,median,2023-10,30.72,12.39,22,9,79,month,2023-10-01,2023-10-01
moldova,mobile,median,2023-11,29.51,11.9,19,8,80,month,2023-11-01,2023-11-01
moldova,mobile,median,2023-12,34.75,12.36,19,8,73,month,2023-12-01,2023-12-01
moldova,mobile,median,2024-01,33.97,12.88,18,7,71,month,2024-01-01,2024-01-01
moldova,mobile,median,2024-02,32.18,13.17,19,8,76,month,2024-02-01,2024-02-01
moldova,mobile,median,2024-03,32.92,13.1,19,8,80,month,2024-03-01,2024-03-01
moldova,mobile,median,2024-04,35.98,13.51,19,8,75,month,2024-04-01,2024-04-01
moldova,mobile,median,2024-05,34.47,11.99,19,8,80,month,2024-05-01,2024-05-01
moldova,mobile,median,2024-06,38.99,13.39,19,8,63,rolling_quarter,2024-04-01,2024-06-01
moldova,mobile,median,2024-07,44.39,14.61,18,7,59,rolling_quarter,2024-05-01,2024-07-01
moldova,mobile,median,2024-08,49.71,15.65,18,7,56,rolling_quarter,2024-06-01,2024-08-01
moldova,mobile,median,2024-09,50.78,16.82,18,7,57,rolling_quarter,2024-07-01,2024-09-01
moldova,mobile,median,2024-10,49.02,16.89,18,8,63,rolling_quarter,2024-08-01,2024-10-01
moldova,mobile,median,2024-11,48.29,16.99,18,8,63,rolling_quarter,2024-09-01,2024-11-01
moldova,mobile,median,2024-12,47.18,16.44,18,8,62,rolling_quarter,2024-10-01,2024-12-01
moldova,mobile,median,2025-01,53.3,16.79,17,8,66,rolling_quarter,2024-11-01,2025-01-01
moldova,mobile,median,2025-02,52.46,15.98,17,8,69,rolling_quarter,2024-12-01,2025-02-01
moldova,mobile,median,2025-03,53.28,16.61,17,8,67,rolling_quarter,2025-01-01,2025-03-01
moldova,mobile,median,2025-04,54.5,17.99,17,7,70,rolling_quarter,2025-02-01,2025-04-01
moldova,mobile,median,2025-07,52.59,16.53,17,8,78,rolling_quarter,2025-05-01,2025-07-01
moldova,mobile,median,2025-08,54.07,16.24,17,7,74,rolling_quarter,2025-06-01,2025-08-01
moldova,mobile,median,2025-09,53.78,16.75,17,7,75,rolling_quarter,2025-07-01,2025-09-01
moldova,mobile,median,2025-10,55.44,17.33,17,7,74,rolling_quarter,2025-08-01,2025-10-01
moldova,mobile,median,2025-11,55.71,17.74,17,7,68,rolling_quarter,2025-09-01,2025-11-01
moldova,mobile,median,2025-12,58.27,17.8,17,7,70,rolling_quarter,2025-10-01,2025-12-01
moldova,mobile,median,2026-01,57.89,17.08,17,7,71,rolling_quarter,2025-11-01,2026-01-01
moldova,mobile,median,2026-02,61.71,17.62,17,7,70,rolling_quarter,2025-12-01,2026-02-01
moldova,mobile,median,2026-03,61.14,17.55,17,7,72,rolling_quarter,2026-01-01,2026-03-01
moldova,mobile,median,2026-04,67.1,18.3,17,7,65,rolling_quarter,2026-02-01,2026-04-01
moldova,mobile,median,2026-05,68.64,18.36,17,7,69,rolling_quarter,2026-03-01,2026-05-01
moldova,mobile,median,2026-06,73.05,18.92,17,7,62,rolling_quarter,2026-04-01,2026-06-01
moldova,mobile,median,2026-07,73.24,18.33,17,7,65,rolling_quarter,2026-05-01,2026-07-01
russia,fixed,mean,2023-06,123.27,124.21,11,13,62,month,2023-06-01,2023-06-01
russia,fixed,mean,2023-07,123.49,124.24,12,13,63,month,2023-07-01,2023-07-01
russia,fixed,mean,2023-08,126.0,126.63,11,13,62,month,2023-08-01,2023-08-01
russia,fixed,mean,2023-09,128.19,128.6,11,13,64,month,2023-09-01,2023-09-01
russia,fixed,mean,2023-10,128.14,128.52,11,13,66,month,2023-10-01,2023-10-01
russia,fixed,mean,2023-11,133.25,133.37,11,12,62,month,2023-11-01,2023-11-01
russia,fixed,mean,2023-12,134.93,134.35,11,13,61,month,2023-12-01,2023-12-01
russia,fixed,mean,2024-01,137.05,134.09,10,12,65,month,2024-01-01,2024-01-01
russia,fixed,mean,2024-02,139.75,137.18,11,12,68,month,2024-02-01,2024-02-01
russia,fixed,mean,2024-03,143.41,140.3,10,12,65,month,2024-03-01,2024-03-01
russia,fixed,mean,2024-04,145.34,140.34,10,12,66,month,2024-04-01,2024-04-01
russia,fixed,mean,2024-05,145.24,139.75,10,12,67,month,2024-05-01,2024-05-01
russia,fixed,mean,2024-06,143.04,138.69,11,13,63,rolling_quarter,2024-04-01,2024-06-01
russia,fixed,mean,2024-07,143.28,139.5,11,12,65,rolling_quarter,2024-05-01,2024-07-01
russia,fixed,mean,2024-08,143.35,140.08,11,12,66,rolling_quarter,2024-06-01,2024-08-01
russia,fixed,mean,2024-09,145.15,141.37,11,12,64,rolling_quarter,2024-07-01,2024-09-01
russia,fixed,mean,2024-10,147.9,143.06,11,12,65,rolling_quarter,2024-08-01,2024-10-01
russia,fixed,mean,2024-11,150.87,145.49,12,12,65,rolling_quarter,2024-09-01,2024-11-01
russia,fixed,mean,2024-12,152.78,146.6,12,12,65,rolling_quarter,2024-10-01,2024-12-01
russia,fixed,mean,2025-01,154.34,148.25,11,12,65,rolling_quarter,2024-11-01,2025-01-01
russia,fixed,mean,2025-02,156.35,149.91,11,12,65,rolling_quarter,2024-12-01,2025-02-01
russia,fixed,mean,2025-03,157.93,152.37,11,12,67,rolling_quarter,2025-01-01,2025-03-01
russia,fixed,mean,2025-04,158.89,154.11,12,12,67,rolling_quarter,2025-02-01,2025-04-01
russia,fixed,median,2023-06,79.55,85.76,4,1,56,month,2023-06-01,2023-06-01
russia,fixed,median,2023-07,79.32,85.36,4,1,58,month,2023-07-01,2023-07-01
russia,fixed,median,2023-08,80.52,86.7,4,1,57,month,2023-08-01,2023-08-01
russia,fixed,median,2023-09,81.7,87.81,4,1,58,month,2023-09-01,2023-09-01
russia,fixed,median,2023-10,81.95,88.07,4,1,59,month,2023-10-01,2023-10-01
russia,fixed,median,2023-11,84.74,90.4,4,1,55,month,2023-11-01,2023-11-01
russia,fixed,median,2023-12,85.15,90.55,4,1,58,month,2023-12-01,2023-12-01
russia,fixed,median,2024-01,85.87,90.47,4,1,63,month,2024-01-01,2024-01-01
russia,fixed,median,2024-02,86.0,90.92,4,1,64,month,2024-02-01,2024-02-01
russia,fixed,median,2024-03,87.28,91.49,4,1,65,month,2024-03-01,2024-03-01
russia,fixed,median,2024-04,87.73,91.13,4,1,66,month,2024-04-01,2024-04-01
russia,fixed,median,2024-05,87.71,91.08,4,0,64,month,2024-05-01,2024-05-01
russia,fixed,median,2024-06,87.08,90.8,4,1,60,rolling_quarter,2024-04-01,2024-06-01
russia,fixed,median,2024-07,87.61,91.32,4,0,61,rolling_quarter,2024-05-01,2024-07-01
russia,fixed,median,2024-08,88.08,91.66,4,0,61,rolling_quarter,2024-06-01,2024-08-01
russia,fixed,median,2024-09,88.61,91.95,4,1,60,rolling_quarter,2024-07-01,2024-09-01
russia,fixed,median,2024-10,89.0,92.12,4,1,60,rolling_quarter,2024-08-01,2024-10-01
russia,fixed,median,2024-11,89.39,92.35,4,1,64,rolling_quarter,2024-09-01,2024-11-01
russia,fixed,median,2024-12,89.7,92.43,4,1,66,rolling_quarter,2024-10-01,2024-12-01
russia,fixed,median,2025-01,89.32,91.1,4,1,66,rolling_quarter,2024-11-01,2025-01-01
russia,fixed,median,2025-02,89.73,91.71,4,1,66,rolling_quarter,2024-12-01,2025-02-01
russia,fixed,median,2025-03,89.76,92.1,4,1,69,rolling_quarter,2025-01-01,2025-03-01
russia,fixed,median,2025-04,88.32,92.59,4,1,67,rolling_quarter,2025-02-01,2025-04-01
russia,mobile,mean,2023-06,38.89,11.63,43,31,95,month,2023-06-01,2023-06-01
russia,mobile,mean,2023-07,38.32,11.26,44,33,95,month,2023-07-01,2023-07-01
russia,mobile,mean,2023-08,39.76,11.57,43,31,95,month,2023-08-01,2023-08-01
russia,mobile,mean,2023-09,40.45,11.88,43,29,93,month,2023-09-01,2023-09-01
russia,mobile,mean,2023-10,38.92,11.84,44,30,101,month,2023-10-01,2023-10-01
russia,mobile,mean,2023-11,38.8,12.14,43,29,101,month,2023-11-01,2023-11-01
russia,mobile,mean,2023-12,39.31,12.2,43,28,103,month,2023-12-01,2023-12-01
russia,mobile,mean,2024-01,40.81,12.47,42,25,99,month,2024-01-01,2024-01-01
russia,mobile,mean,2024-02,39.49,12.25,42,27,99,month,2024-02-01,2024-02-01
russia,mobile,mean,2024-03,39.57,12.28,41,27,109,month,2024-03-01,2024-03-01
russia,mobile,mean,2024-04,39.96,12.01,41,29,106,month,2024-04-01,2024-04-01
russia,mobile,mean,2024-05,40.71,11.7,41,29,104,month,2024-05-01,2024-05-01
russia,mobile,mean,2024-06,39.73,11.52,42,30,86,rolling_quarter,2024-04-01,2024-06-01
russia,mobile,mean,2024-07,39.76,11.22,42,32,92,rolling_quarter,2024-05-01,2024-07-01
russia,mobile,mean,2024-08,39.62,11.1,43,33,93,rolling_quarter,2024-06-01,2024-08-01
russia,mobile,mean,2024-09,39.58,11.23,42,33,92,rolling_quarter,2024-07-01,2024-09-01
russia,mobile,mean,2024-10,39.7,11.41,42,32,94,rolling_quarter,2024-08-01,2024-10-01
russia,mobile,mean,2024-11,40.29,11.64,41,32,93,rolling_quarter,2024-09-01,2024-11-01
russia,mobile,mean,2024-12,41.48,11.87,40,30,92,rolling_quarter,2024-10-01,2024-12-01
russia,mobile,mean,2025-01,50.62,13.4,39,28,87,rolling_quarter,2024-11-01,2025-01-01
russia,mobile,mean,2025-02,50.59,13.56,39,28,88,rolling_quarter,2024-12-01,2025-02-01
russia,mobile,mean,2025-03,50.46,13.75,39,29,87,rolling_quarter,2025-01-01,2025-03-01
russia,mobile,mean,2025-04,50.5,13.78,39,30,90,rolling_quarter,2025-02-01,2025-04-01
russia,mobile,median,2023-06,24.32,7.76,33,10,96,month,2023-06-01,2023-06-01
russia,mobile,median,2023-07,23.5,7.35,34,10,99,month,2023-07-01,2023-07-01
russia,mobile,median,2023-08,24.6,7.69,34,10,94,month,2023-08-01,2023-08-01
russia,mobile,median,2023-09,25.17,8.04,33,10,91,month,2023-09-01,2023-09-01
russia,mobile,median,2023-10,24.04,7.99,33,10,99,month,2023-10-01,2023-10-01
russia,mobile,median,2023-11,23.97,8.32,33,10,102,month,2023-11-01,2023-11-01
russia,mobile,median,2023-12,24.47,8.41,33,9,99,month,2023-12-01,2023-12-01
russia,mobile,median,2024-01,25.71,8.67,33,9,99,month,2024-01-01,2024-01-01
russia,mobile,median,2024-02,24.64,8.42,33,9,105,month,2024-02-01,2024-02-01
russia,mobile,median,2024-03,24.88,8.41,33,9,111,month,2024-03-01,2024-03-01
russia,mobile,median,2024-04,25.04,8.12,32,9,105,month,2024-04-01,2024-04-01
russia,mobile,median,2024-05,25.51,7.75,32,10,105,month,2024-05-01,2024-05-01
russia,mobile,median,2024-06,25.63,7.9,33,10,86,rolling_quarter,2024-04-01,2024-06-01
russia,mobile,median,2024-07,25.53,7.56,34,10,91,rolling_quarter,2024-05-01,2024-07-01
russia,mobile,median,2024-08,25.44,7.45,34,11,92,rolling_quarter,2024-06-01,2024-08-01
russia,mobile,median,2024-09,25.49,7.59,34,11,92,rolling_quarter,2024-07-01,2024-09-01
russia,mobile,median,2024-10,25.69,7.82,33,11,92,rolling_quarter,2024-08-01,2024-10-01
russia,mobile,median,2024-11,26.21,8.08,33,11,91,rolling_quarter,2024-09-01,2024-11-01
russia,mobile,median,2024-12,27.34,8.36,32,10,89,rolling_quarter,2024-10-01,2024-12-01
russia,mobile,median,2025-01,36.02,9.68,30,10,87,rolling_quarter,2024-11-01,2025-01-01
russia,mobile,median,2025-02,35.87,9.81,30,10,88,rolling_quarter,2024-12-01,2025-02-01
russia,mobile,median,2025-03,35.71,9.94,30,10,89,rolling_quarter,2025-01-01,2025-03-01
russia,mobile,median,2025-04,36.02,9.98,30,10,91,rolling_quarter,2025-02-01,2025-04-01
tajikistan,fixed,mean,2023-06,38.97,42.42,19,24,124,month,2023-06-01,2023-06-01
tajikistan,fixed,mean,2023-07,37.2,40.51,22,29,131,month,2023-07-01,2023-07-01
tajikistan,fixed,mean,2023-08,40.35,44.71,19,32,129,month,2023-08-01,2023-08-01
tajikistan,fixed,mean,2023-09,47.53,51.63,18,37,118,month,2023-09-01,2023-09-01
tajikistan,fixed,mean,2023-10,41.59,46.71,21,40,128,month,2023-10-01,2023-10-01
tajikistan,fixed,mean,2023-11,46.65,51.49,18,32,121,month,2023-11-01,2023-11-01
tajikistan,fixed,mean,2023-12,46.76,52.82,20,28,123,month,2023-12-01,2023-12-01
tajikistan,fixed,mean,2024-01,45.89,49.41,18,34,124,month,2024-01-01,2024-01-01
tajikistan,fixed,mean,2024-02,44.58,47.94,18,31,128,month,2024-02-01,2024-02-01
tajikistan,fixed,mean,2024-03,47.1,48.77,16,32,127,month,2024-03-01,2024-03-01
tajikistan,fixed,mean,2024-04,53.05,54.85,16,31,125,month,2024-04-01,2024-04-01
tajikistan,fixed,mean,2024-05,59.11,67.25,17,31,119,month,2024-05-01,2024-05-01
tajikistan,fixed,mean,2024-06,59.4,69.33,18,30,112,rolling_quarter,2024-04-01,2024-06-01
tajikistan,fixed,mean,2024-07,61.51,70.36,18,32,112,rolling_quarter,2024-05-01,2024-07-01
tajikistan,fixed,mean,2024-08,58.88,65.53,19,31,115,rolling_quarter,2024-06-01,2024-08-01
tajikistan,fixed,mean,2024-09,55.85,57.23,18,33,117,rolling_quarter,2024-07-01,2024-09-01
tajikistan,fixed,mean,2024-10,54.86,56.67,17,30,117,rolling_quarter,2024-08-01,2024-10-01
tajikistan,fixed,mean,2024-11,54.68,56.98,17,32,117,rolling_quarter,2024-09-01,2024-11-01
tajikistan,fixed,mean,2024-12,57.13,58.83,17,29,117,rolling_quarter,2024-10-01,2024-12-01
tajikistan,fixed,mean,2025-01,56.69,59.6,17,29,115,rolling_quarter,2024-11-01,2025-01-01
tajikistan,fixed,mean,2025-02,57.99,60.66,16,29,115,rolling_quarter,2024-12-01,2025-02-01
tajikistan,fixed,mean,2025-03,58.62,60.86,15,29,117,rolling_quarter,2025-01-01,2025-03-01
tajikistan,fixed,mean,2025-04,63.88,64.63,14,28,114,rolling_quarter,2025-02-01,2025-04-01
tajikistan,fixed,mean,2025-07,67.88,64.17,16,25,114,rolling_quarter,2025-05-01,2025-07-01
tajikistan,fixed,mean,2025-08,66.37,63.21,17,27,115,rolling_quarter,2025-06-01,2025-08-01
tajikistan,fixed,mean,2025-09,64.95,61.48,17,27,116,rolling_quarter,2025-07-01,2025-09-01
tajikistan,fixed,mean,2025-10,65.94,62.74,20,30,118,rolling_quarter,2025-08-01,2025-10-01
tajikistan,fixed,mean,2025-11,69.4,63.35,22,28,118,rolling_quarter,2025-09-01,2025-11-01
tajikistan,fixed,mean,2025-12,71.55,65.36,23,28,115,rolling_quarter,2025-10-01,2025-12-01
tajikistan,fixed,mean,2026-01,71.12,64.74,23,25,112,rolling_quarter,2025-11-01,2026-01-01
tajikistan,fixed,mean,2026-02,74.05,67.31,22,24,112,rolling_quarter,2025-12-01,2026-02-01
tajikistan,fixed,mean,2026-03,74.63,66.0,24,26,112,rolling_quarter,2026-01-01,2026-03-01
tajikistan,fixed,mean,2026-04,80.38,67.89,26,26,111,rolling_quarter,2026-02-01,2026-04-01
tajikistan,fixed,mean,2026-05,80.77,65.17,30,28,112,rolling_quarter,2026-03-01,2026-05-01
tajikistan,fixed,mean,2026-06,83.62,63.58,36,29,111,rolling_quarter,2026-04-01,2026-06-01
tajikistan,fixed,mean,2026-07,83.48,58.35,35,31,112,rolling_quarter,2026-05-01,2026-07-01
tajikistan,fixed,median,2023-06,21.54,19.88,4,4,129,month,2023-06-01,2023-06-01
tajikistan,fixed,median,2023-07,22.01,20.49,5,4,130,month,2023-07-01,2023-07-01
tajikistan,fixed,median,2023-08,20.96,19.93,5,4,133,month,2023-08-01,2023-08-01
tajikistan,fixed,median,2023-09,24.45,23.75,4,3,127,month,2023-09-01,2023-09-01
tajikistan,fixed,median,2023-10,20.77,19.73,5,5,136,month,2023-10-01,2023-10-01
tajikistan,fixed,median,2023-11,26.84,27.02,4,4,125,month,2023-11-01,2023-11-01
tajikistan,fixed,median,2023-12,26.35,27.28,4,3,130,month,2023-12-01,2023-12-01
tajikistan,fixed,median,2024-01,26.02,25.75,4,4,132,month,2024-01-01,2024-01-01
tajikistan,fixed,median,2024-02,24.92,26.01,4,4,131,month,2024-02-01,2024-02-01
tajikistan,fixed,median,2024-03,26.42,26.0,4,4,133,month,2024-03-01,2024-03-01
tajikistan,fixed,median,2024-04,28.89,27.99,4,4,129,month,2024-04-01,2024-04-01
tajikistan,fixed,median,2024-05,29.68,28.69,4,3,129,month,2024-05-01,2024-05-01
tajikistan,fixed,median,2024-06,31.72,31.18,4,3,123,rolling_quarter,2024-04-01,2024-06-01
tajikistan,fixed,median,2024-07,29.39,29.41,4,4,125,rolling_quarter,2024-05-01,2024-07-01
tajikistan,fixed,median,2024-08,29.26,29.34,5,4,124,rolling_quarter,2024-06-01,2024-08-01
tajikistan,fixed,median,2024-09,27.7,28.11,4,4,124,rolling_quarter,2024-07-01,2024-09-01
tajikistan,fixed,median,2024-10,29.74,29.19,4,4,121,rolling_quarter,2024-08-01,2024-10-01
tajikistan,fixed,median,2024-11,30.66,29.83,4,4,121,rolling_quarter,2024-09-01,2024-11-01
tajikistan,fixed,median,2024-12,33.31,32.6,4,3,119,rolling_quarter,2024-10-01,2024-12-01
tajikistan,fixed,median,2025-01,32.95,33.27,4,3,120,rolling_quarter,2024-11-01,2025-01-01
tajikistan,fixed,median,2025-02,33.8,34.15,4,3,118,rolling_quarter,2024-12-01,2025-02-01
tajikistan,fixed,median,2025-03,34.31,33.55,4,4,121,rolling_quarter,2025-01-01,2025-03-01
tajikistan,fixed,median,2025-04,36.96,34.52,4,3,117,rolling_quarter,2025-02-01,2025-04-01
tajikistan,fixed,median,2025-07,39.6,33.17,4,3,114,rolling_quarter,2025-05-01,2025-07-01
tajikistan,fixed,median,2025-08,39.74,33.02,4,3,116,rolling_quarter,2025-06-01,2025-08-01
tajikistan,fixed,median,2025-09,39.92,32.85,4,4,119,rolling_quarter,2025-07-01,2025-09-01
tajikistan,fixed,median,2025-10,39.57,33.68,4,4,121,rolling_quarter,2025-08-01,2025-10-01
tajikistan,fixed,median,2025-11,40.42,33.51,4,4,121,rolling_quarter,2025-09-01,2025-11-01
tajikistan,fixed,median,2025-12,38.9,33.66,4,4,122,rolling_quarter,2025-10-01,2025-12-01
tajikistan,fixed,median,2026-01,39.59,34.46,4,4,118,rolling_quarter,2025-11-01,2026-01-01
tajikistan,fixed,median,2026-02,41.85,36.62,4,3,119,rolling_quarter,2025-12-01,2026-02-01
tajikistan,fixed,median,2026-03,45.1,38.3,4,4,115,rolling_quarter,2026-01-01,2026-03-01
tajikistan,fixed,median,2026-04,48.76,39.11,5,4,112,rolling_quarter,2026-02-01,2026-04-01
tajikistan,fixed,median,2026-05,48.71,35.99,5,4,113,rolling_quarter,2026-03-01,2026-05-01
tajikistan,fixed,median,2026-06,49.92,31.24,6,5,109,rolling_quarter,2026-04-01,2026-06-01
tajikistan,fixed,median,2026-07,49.33,28.48,7,6,115,rolling_quarter,2026-05-01,2026-07-01
tajikistan,mobile,mean,2023-06,18.68,8.51,44,63,131,month,2023-06-01,2023-06-01
tajikistan,mobile,mean,2023-07,19.86,8.51,38,68,134,month,2023-07-01,2023-07-01
tajikistan,mobile,mean,2023-08,20.24,9.25,42,63,134,month,2023-08-01,2023-08-01
tajikistan,mobile,mean,2023-09,22.86,8.82,43,58,127,month,2023-09-01,2023-09-01
tajikistan,mobile,mean,2023-10,22.31,9.22,38,59,131,month,2023-10-01,2023-10-01
tajikistan,mobile,mean,2023-11,21.42,8.93,39,57,134,month,2023-11-01,2023-11-01
tajikistan,mobile,mean,2023-12,20.54,8.78,41,66,135,month,2023-12-01,2023-12-01
tajikistan,mobile,mean,2024-01,18.6,9.02,41,61,138,month,2024-01-01,2024-01-01
tajikistan,mobile,mean,2024-02,21.35,9.19,37,55,133,month,2024-02-01,2024-02-01
tajikistan,mobile,mean,2024-03,22.99,9.56,40,56,137,month,2024-03-01,2024-03-01
tajikistan,mobile,mean,2024-04,19.36,8.05,43,51,138,month,2024-04-01,2024-04-01
tajikistan,mobile,mean,2024-05,26.85,9.48,39,53,129,month,2024-05-01,2024-05-01
tajikistan,mobile,mean,2026-07,108.61,13.52,32,43,74,rolling_quarter,2026-05-01,2026-07-01
tajikistan,mobile,median,2023-06,9.91,5.17,25,16,133,month,2023-06-01,2023-06-01
tajikistan,mobile,median,2023-07,9.73,4.91,24,19,137,month,2023-07-01,2023-07-01
tajikistan,mobile,median,2023-08,9.61,5.71,27,16,139,month,2023-08-01,2023-08-01
tajikistan,mobile,median,2023-09,9.76,5.48,27,16,136,month,2023-09-01,2023-09-01
tajikistan,mobile,median,2023-10,9.67,5.81,24,16,138,month,2023-10-01,2023-10-01
tajikistan,mobile,median,2023-11,9.35,5.39,25,14,139,month,2023-11-01,2023-11-01
tajikistan,mobile,median,2023-12,8.15,5.45,26,17,141,month,2023-12-01,2023-12-01
tajikistan,mobile,median,2024-01,7.58,5.43,27,15,140,month,2024-01-01,2024-01-01
tajikistan,mobile,median,2024-02,8.14,5.83,25,14,140,month,2024-02-01,2024-02-01
tajikistan,mobile,median,2024-03,8.51,5.84,24,13,145,month,2024-03-01,2024-03-01
tajikistan,mobile,median,2024-04,6.9,4.55,25,14,141,month,2024-04-01,2024-04-01
tajikistan,mobile,median,2024-05,9.58,5.96,24,13,144,month,2024-05-01,2024-05-01
tajikistan,mobile,median,2026-07,43.94,10.07,22,14,85,rolling_quarter,2026-05-01,2026-07-01
turkmenistan,fixed,mean,2026-04,26.94,6.57,82,94,147,rolling_quarter,2026-02-01,2026-04-01
turkmenistan,fixed,mean,2026-05,27.46,6.53,81,93,147,rolling_quarter,2026-03-01,2026-05-01
turkmenistan,fixed,median,2026-04,2.19,0.83,65,35,149,rolling_quarter,2026-02-01,2026-04-01
turkmenistan,fixed,median,2026-05,2.2,0.84,64,35,149,rolling_quarter,2026-03-01,2026-05-01
ukraine,fixed,mean,2025-07,167.59,157.8,12,16,64,rolling_quarter,2025-05-01,2025-07-01
ukraine,fixed,mean,2025-08,170.51,160.08,12,17,63,rolling_quarter,2025-06-01,2025-08-01
ukraine,fixed,mean,2025-09,172.68,161.92,13,18,65,rolling_quarter,2025-07-01,2025-09-01
ukraine,fixed,mean,2025-10,177.53,166.56,13,18,63,rolling_quarter,2025-08-01,2025-10-01
ukraine,fixed,mean,2025-11,180.78,169.84,13,19,67,rolling_quarter,2025-09-01,2025-11-01
ukraine,fixed,mean,2025-12,184.37,173.5,12,18,69,rolling_quarter,2025-10-01,2025-12-01
ukraine,fixed,mean,2026-01,187.48,176.01,12,18,64,rolling_quarter,2025-11-01,2026-01-01
ukraine,fixed,mean,2026-02,191.23,179.09,12,18,64,rolling_quarter,2025-12-01,2026-02-01
ukraine,fixed,mean,2026-03,195.84,182.98,12,19,61,rolling_quarter,2026-01-01,2026-03-01
ukraine,fixed,mean,2026-04,198.51,185.46,12,19,61,rolling_quarter,2026-02-01,2026-04-01
ukraine,fixed,mean,2026-05,201.93,188.49,12,19,60,rolling_quarter,2026-03-01,2026-05-01
ukraine,fixed,mean,2026-06,203.57,189.55,12,19,63,rolling_quarter,2026-04-01,2026-06-01
ukraine,fixed,mean,2026-07,205.64,190.65,13,19,61,rolling_quarter,2026-05-01,2026-07-01
ukraine,fixed,median,2025-07,87.47,89.13,4,1,73,rolling_quarter,2025-05-01,2025-07-01
ukraine,fixed,median,2025-08,87.64,90.31,4,2,72,rolling_quarter,2025-06-01,2025-08-01
ukraine,fixed,median,2025-09,87.76,90.19,5,2,73,rolling_quarter,2025-07-01,2025-09-01
ukraine,fixed,median,2025-10,88.92,91.03,5,2,75,rolling_quarter,2025-08-01,2025-10-01
ukraine,fixed,median,2025-11,89.68,92.16,5,2,78,rolling_quarter,2025-09-01,2025-11-01
ukraine,fixed,median,2025-12,91.03,93.14,4,2,80,rolling_quarter,2025-10-01,2025-12-01
ukraine,fixed,median,2026-01,91.38,93.33,4,2,77,rolling_quarter,2025-11-01,2026-01-01
ukraine,fixed,median,2026-02,91.82,93.55,4,2,77,rolling_quarter,2025-12-01,2026-02-01
ukraine,fixed,median,2026-03,92.24,93.74,4,2,79,rolling_quarter,2026-01-01,2026-03-01
ukraine,fixed,median,2026-04,92.43,93.8,4,2,80,rolling_quarter,2026-02-01,2026-04-01
ukraine,fixed,median,2026-05,92.67,93.89,4,2,82,rolling_quarter,2026-03-01,2026-05-01
ukraine,fixed,median,2026-06,92.7,93.9,4,2,80,rolling_quarter,2026-04-01,2026-06-01
ukraine,fixed,median,2026-07,92.81,93.92,4,2,80,rolling_quarter,2026-05-01,2026-07-01
ukraine,mobile,mean,2025-07,70.41,18.56,30,21,78,rolling_quarter,2025-05-01,2025-07-01
ukraine,mobile,mean,2025-08,74.5,18.56,31,21,76,rolling_quarter,2025-06-01,2025-08-01
ukraine,mobile,mean,2025-09,77.31,18.55,31,22,78,rolling_quarter,2025-07-01,2025-09-01
ukraine,mobile,mean,2025-10,76.94,18.17,31,23,80,rolling_quarter,2025-08-01,2025-10-01
ukraine,mobile,mean,2025-11,69.56,17.4,31,26,79,rolling_quarter,2025-09-01,2025-11-01
ukraine,mobile,mean,2025-12,64.97,16.92,31,28,87,rolling_quarter,2025-10-01,2025-12-01
ukraine,mobile,mean,2026-01,69.83,16.74,32,30,84,rolling_quarter,2025-11-01,2026-01-01
ukraine,mobile,mean,2026-02,78.92,16.86,31,30,83,rolling_quarter,2025-12-01,2026-02-01
ukraine,mobile,mean,2026-03,93.34,17.8,31,28,79,rolling_quarter,2026-01-01,2026-03-01
ukraine,mobile,mean,2026-04,104.37,18.95,29,24,73,rolling_quarter,2026-02-01,2026-04-01
ukraine,mobile,mean,2026-05,114.45,20.03,29,21,73,rolling_quarter,2026-03-01,2026-05-01
ukraine,mobile,mean,2026-06,111.94,19.57,29,22,72,rolling_quarter,2026-04-01,2026-06-01
ukraine,mobile,mean,2026-07,155.34,22.57,28,23,54,rolling_quarter,2026-05-01,2026-07-01
ukraine,mobile,median,2025-07,55.9,14.05,26,7,73,rolling_quarter,2025-05-01,2025-07-01
ukraine,mobile,median,2025-08,58.8,14.03,26,7,67,rolling_quarter,2025-06-01,2025-08-01
ukraine,mobile,median,2025-09,59.88,13.9,26,7,68,rolling_quarter,2025-07-01,2025-09-01
ukraine,mobile,median,2025-10,58.52,13.49,26,7,70,rolling_quarter,2025-08-01,2025-10-01
ukraine,mobile,median,2025-11,50.53,12.77,27,8,73,rolling_quarter,2025-09-01,2025-11-01
ukraine,mobile,median,2025-12,46.19,12.35,27,8,78,rolling_quarter,2025-10-01,2025-12-01
ukraine,mobile,median,2026-01,43.3,12.14,27,9,86,rolling_quarter,2025-11-01,2026-01-01
ukraine,mobile,median,2026-02,44.98,12.21,27,9,85,rolling_quarter,2025-12-01,2026-02-01
ukraine,mobile,median,2026-03,51.61,12.86,26,8,80,rolling_quarter,2026-01-01,2026-03-01
ukraine,mobile,median,2026-04,60.88,13.79,25,7,71,rolling_quarter,2026-02-01,2026-04-01
ukraine,mobile,median,2026-05,70.14,14.71,24,7,66,rolling_quarter,2026-03-01,2026-05-01
ukraine,mobile,median,2026-06,70.2,14.15,24,7,64,rolling_quarter,2026-04-01,2026-06-01
ukraine,mobile,median,2026-07,82.22,15.73,23,7,59,rolling_quarter,2026-05-01,2026-07-01
uzbekistan,fixed,mean,2023-06,70.68,91.98,17,21,94,month,2023-06-01,2023-06-01
uzbekistan,fixed,mean,2023-07,71.17,95.54,17,20,96,month,2023-07-01,2023-07-01
uzbekistan,fixed,mean,2023-08,71.99,96.18,16,20,97,month,2023-08-01,2023-08-01
uzbekistan,fixed,mean,2023-09,74.17,95.26,16,21,96,month,2023-09-01,2023-09-01
uzbekistan,fixed,mean,2023-10,74.57,97.21,16,22,97,month,2023-10-01,2023-10-01
uzbekistan,fixed,mean,2023-11,102.1,104.02,16,21,82,month,2023-11-01,2023-11-01
uzbekistan,fixed,mean,2023-12,91.6,107.3,17,20,87,month,2023-12-01,2023-12-01
uzbekistan,fixed,mean,2024-01,84.57,99.01,16,21,94,month,2024-01-01,2024-01-01
uzbekistan,fixed,mean,2024-02,91.33,105.82,16,21,93,month,2024-02-01,2024-02-01
uzbekistan,fixed,mean,2024-03,90.09,107.97,16,21,94,month,2024-03-01,2024-03-01
uzbekistan,fixed,mean,2024-04,92.58,108.13,17,21,93,month,2024-04-01,2024-04-01
uzbekistan,fixed,mean,2024-05,92.2,108.0,16,22,95,month,2024-05-01,2024-05-01
uzbekistan,fixed,mean,2024-06,92.9,109.86,17,22,90,rolling_quarter,2024-04-01,2024-06-01
uzbekistan,fixed,mean,2024-07,105.05,113.2,17,22,82,rolling_quarter,2024-05-01,2024-07-01
uzbekistan,fixed,mean,2024-08,120.95,117.91,17,22,75,rolling_quarter,2024-06-01,2024-08-01
uzbekistan,fixed,mean,2024-09,136.61,123.18,16,21,69,rolling_quarter,2024-07-01,2024-09-01
uzbekistan,fixed,mean,2024-10,142.78,127.99,16,20,69,rolling_quarter,2024-08-01,2024-10-01
uzbekistan,fixed,mean,2024-11,147.88,131.85,15,19,66,rolling_quarter,2024-09-01,2024-11-01
uzbekistan,fixed,mean,2024-12,150.24,133.79,15,19,66,rolling_quarter,2024-10-01,2024-12-01
uzbekistan,fixed,mean,2025-01,150.77,134.55,15,19,68,rolling_quarter,2024-11-01,2025-01-01
uzbekistan,fixed,mean,2025-02,153.08,137.47,15,20,68,rolling_quarter,2024-12-01,2025-02-01
uzbekistan,fixed,mean,2025-03,157.79,141.26,15,19,68,rolling_quarter,2025-01-01,2025-03-01
uzbekistan,fixed,mean,2025-04,166.45,146.89,15,18,60,rolling_quarter,2025-02-01,2025-04-01
uzbekistan,fixed,mean,2025-07,182.47,154.15,14,15,57,rolling_quarter,2025-05-01,2025-07-01
uzbekistan,fixed,mean,2025-08,176.55,150.27,15,17,59,rolling_quarter,2025-06-01,2025-08-01
uzbekistan,fixed,mean,2025-09,181.63,154.31,15,19,60,rolling_quarter,2025-07-01,2025-09-01
uzbekistan,fixed,mean,2025-10,185.08,156.62,15,18,60,rolling_quarter,2025-08-01,2025-10-01
uzbekistan,fixed,mean,2025-11,191.45,161.08,14,18,61,rolling_quarter,2025-09-01,2025-11-01
uzbekistan,fixed,mean,2025-12,194.62,164.26,15,17,58,rolling_quarter,2025-10-01,2025-12-01
uzbekistan,fixed,mean,2026-01,200.92,168.83,15,17,56,rolling_quarter,2025-11-01,2026-01-01
uzbekistan,fixed,mean,2026-02,210.16,173.58,15,17,54,rolling_quarter,2025-12-01,2026-02-01
uzbekistan,fixed,mean,2026-03,218.41,174.99,15,18,54,rolling_quarter,2026-01-01,2026-03-01
uzbekistan,fixed,mean,2026-04,227.83,183.07,15,18,54,rolling_quarter,2026-02-01,2026-04-01
uzbekistan,fixed,mean,2026-05,228.99,185.82,15,19,55,rolling_quarter,2026-03-01,2026-05-01
uzbekistan,fixed,mean,2026-06,232.93,195.42,15,18,53,rolling_quarter,2026-04-01,2026-06-01
uzbekistan,fixed,mean,2026-07,231.57,193.42,15,18,52,rolling_quarter,2026-05-01,2026-07-01
uzbekistan,fixed,median,2023-06,51.57,51.95,8,2,85,month,2023-06-01,2023-06-01
uzbekistan,fixed,median,2023-07,51.95,52.45,8,2,86,month,2023-07-01,2023-07-01
uzbekistan,fixed,median,2023-08,52.35,52.9,8,2,89,month,2023-08-01,2023-08-01
uzbekistan,fixed,median,2023-09,53.48,53.87,8,2,91,month,2023-09-01,2023-09-01
uzbekistan,fixed,median,2023-10,54.53,55.22,7,2,91,month,2023-10-01,2023-10-01
uzbekistan,fixed,median,2023-11,55.45,56.56,9,2,90,month,2023-11-01,2023-11-01
uzbekistan,fixed,median,2023-12,55.48,59.29,10,2,90,month,2023-12-01,2023-12-01
uzbekistan,fixed,median,2024-01,59.36,53.72,9,2,89,month,2024-01-01,2024-01-01
uzbekistan,fixed,median,2024-02,66.38,61.57,10,2,82,month,2024-02-01,2024-02-01
uzbekistan,fixed,median,2024-03,62.75,59.67,10,2,90,month,2024-03-01,2024-03-01
uzbekistan,fixed,median,2024-04,64.5,58.23,10,2,89,month,2024-04-01,2024-04-01
uzbekistan,fixed,median,2024-05,64.85,60.65,9,2,90,month,2024-05-01,2024-05-01
uzbekistan,fixed,median,2024-06,65.42,62.17,9,2,83,rolling_quarter,2024-04-01,2024-06-01
uzbekistan,fixed,median,2024-07,66.77,64.09,9,2,82,rolling_quarter,2024-05-01,2024-07-01
uzbekistan,fixed,median,2024-08,69.37,66.84,8,2,80,rolling_quarter,2024-06-01,2024-08-01
uzbekistan,fixed,median,2024-09,72.99,70.17,8,2,75,rolling_quarter,2024-07-01,2024-09-01
uzbekistan,fixed,median,2024-10,76.12,74.28,8,2,74,rolling_quarter,2024-08-01,2024-10-01
uzbekistan,fixed,median,2024-11,79.06,77.51,8,2,73,rolling_quarter,2024-09-01,2024-11-01
uzbekistan,fixed,median,2024-12,80.84,78.99,8,2,74,rolling_quarter,2024-10-01,2024-12-01
uzbekistan,fixed,median,2025-01,81.42,79.79,9,2,75,rolling_quarter,2024-11-01,2025-01-01
uzbekistan,fixed,median,2025-02,80.16,80.76,9,2,79,rolling_quarter,2024-12-01,2025-02-01
uzbekistan,fixed,median,2025-03,82.76,82.26,9,2,79,rolling_quarter,2025-01-01,2025-03-01
uzbekistan,fixed,median,2025-04,83.61,84.13,9,2,76,rolling_quarter,2025-02-01,2025-04-01
uzbekistan,fixed,median,2025-07,88.41,86.18,9,2,72,rolling_quarter,2025-05-01,2025-07-01
uzbekistan,fixed,median,2025-08,87.09,85.05,9,2,73,rolling_quarter,2025-06-01,2025-08-01
uzbekistan,fixed,median,2025-09,88.03,87.01,9,2,72,rolling_quarter,2025-07-01,2025-09-01
uzbekistan,fixed,median,2025-10,89.25,88.67,8,2,74,rolling_quarter,2025-08-01,2025-10-01
uzbekistan,fixed,median,2025-11,90.29,89.91,8,2,77,rolling_quarter,2025-09-01,2025-11-01
uzbekistan,fixed,median,2025-12,90.97,90.97,8,2,81,rolling_quarter,2025-10-01,2025-12-01
uzbekistan,fixed,median,2026-01,91.81,92.13,9,2,75,rolling_quarter,2025-11-01,2026-01-01
uzbekistan,fixed,median,2026-02,92.82,93.07,9,2,76,rolling_quarter,2025-12-01,2026-02-01
uzbekistan,fixed,median,2026-03,93.35,93.41,9,2,75,rolling_quarter,2026-01-01,2026-03-01
uzbekistan,fixed,median,2026-04,93.84,93.7,9,2,75,rolling_quarter,2026-02-01,2026-04-01
uzbekistan,fixed,median,2026-05,93.98,93.78,9,2,76,rolling_quarter,2026-03-01,2026-05-01
uzbekistan,fixed,median,2026-06,94.14,93.92,9,2,74,rolling_quarter,2026-04-01,2026-06-01
uzbekistan,fixed,median,2026-07,94.23,93.95,9,2,76,rolling_quarter,2026-05-01,2026-07-01
uzbekistan,mobile,mean,2023-06,45.26,14.81,29,29,82,month,2023-06-01,2023-06-01
uzbekistan,mobile,mean,2023-07,40.57,14.46,30,28,90,month,2023-07-01,2023-07-01
uzbekistan,mobile,mean,2023-08,43.81,16.03,28,29,88,month,2023-08-01,2023-08-01
uzbekistan,mobile,mean,2023-09,47.18,16.14,29,29,86,month,2023-09-01,2023-09-01
uzbekistan,mobile,mean,2023-10,56.48,16.2,28,29,79,month,2023-10-01,2023-10-01
uzbekistan,mobile,mean,2023-11,59.87,16.77,28,28,76,month,2023-11-01,2023-11-01
uzbekistan,mobile,mean,2023-12,60.53,16.5,29,29,78,month,2023-12-01,2023-12-01
uzbekistan,mobile,mean,2024-01,65.9,15.69,29,26,73,month,2024-01-01,2024-01-01
uzbekistan,mobile,mean,2024-02,62.39,15.3,27,26,78,month,2024-02-01,2024-02-01
uzbekistan,mobile,mean,2024-03,62.04,15.76,28,25,76,month,2024-03-01,2024-03-01
uzbekistan,mobile,mean,2024-04,64.41,15.84,28,23,77,month,2024-04-01,2024-04-01
uzbekistan,mobile,mean,2024-05,61.54,15.25,28,25,82,month,2024-05-01,2024-05-01
uzbekistan,mobile,mean,2024-06,63.62,15.74,28,24,67,rolling_quarter,2024-04-01,2024-06-01
uzbekistan,mobile,mean,2024-07,68.38,16.37,27,25,67,rolling_quarter,2024-05-01,2024-07-01
uzbekistan,mobile,mean,2024-08,79.31,17.81,27,24,61,rolling_quarter,2024-06-01,2024-08-01
uzbekistan,mobile,mean,2024-09,85.86,18.5,27,23,61,rolling_quarter,2024-07-01,2024-09-01
uzbekistan,mobile,mean,2024-10,85.78,18.56,27,24,63,rolling_quarter,2024-08-01,2024-10-01
uzbekistan,mobile,mean,2024-11,84.07,18.19,27,25,65,rolling_quarter,2024-09-01,2024-11-01
uzbekistan,mobile,mean,2024-12,83.4,17.81,27,25,64,rolling_quarter,2024-10-01,2024-12-01
uzbekistan,mobile,mean,2025-01,112.75,20.02,26,24,59,rolling_quarter,2024-11-01,2025-01-01
uzbekistan,mobile,mean,2025-02,110.49,20.02,26,23,64,rolling_quarter,2024-12-01,2025-02-01
uzbekistan,mobile,mean,2025-03,112.23,20.61,26,22,59,rolling_quarter,2025-01-01,2025-03-01
uzbekistan,mobile,mean,2025-04,112.51,20.48,26,21,62,rolling_quarter,2025-02-01,2025-04-01
uzbekistan,mobile,mean,2025-07,116.22,20.66,25,20,61,rolling_quarter,2025-05-01,2025-07-01
uzbekistan,mobile,mean,2025-08,115.37,20.74,25,19,59,rolling_quarter,2025-06-01,2025-08-01
uzbekistan,mobile,mean,2025-09,116.07,20.86,25,19,64,rolling_quarter,2025-07-01,2025-09-01
uzbekistan,mobile,mean,2025-10,117.0,20.97,25,20,62,rolling_quarter,2025-08-01,2025-10-01
uzbekistan,mobile,mean,2025-11,115.73,20.77,25,20,63,rolling_quarter,2025-09-01,2025-11-01
uzbekistan,mobile,mean,2025-12,114.62,20.68,25,20,66,rolling_quarter,2025-10-01,2025-12-01
uzbekistan,mobile,mean,2026-01,115.28,20.62,25,20,66,rolling_quarter,2025-11-01,2026-01-01
uzbekistan,mobile,mean,2026-02,113.66,20.35,25,19,68,rolling_quarter,2025-12-01,2026-02-01
uzbekistan,mobile,mean,2026-03,116.69,20.46,24,19,69,rolling_quarter,2026-01-01,2026-03-01
uzbekistan,mobile,mean,2026-04,118.29,20.4,24,19,66,rolling_quarter,2026-02-01,2026-04-01
uzbekistan,mobile,mean,2026-05,121.49,20.15,25,19,69,rolling_quarter,2026-03-01,2026-05-01
uzbekistan,mobile,mean,2026-06,122.86,19.58,25,19,66,rolling_quarter,2026-04-01,2026-06-01
uzbekistan,mobile,mean,2026-07,125.27,19.46,25,20,70,rolling_quarter,2026-05-01,2026-07-01
uzbekistan,mobile,median,2023-06,20.95,10.79,24,9,107,month,2023-06-01,2023-06-01
uzbekistan,mobile,median,2023-07,20.33,10.29,24,9,112,month,2023-07-01,2023-07-01
uzbekistan,mobile,median,2023-08,23.25,12.16,24,9,101,month,2023-08-01,2023-08-01
uzbekistan,mobile,median,2023-09,23.63,12.6,23,9,100,month,2023-09-01,2023-09-01
uzbekistan,mobile,median,2023-10,23.69,12.06,23,9,100,month,2023-10-01,2023-10-01
uzbekistan,mobile,median,2023-11,24.7,12.66,24,9,99,month,2023-11-01,2023-11-01
uzbekistan,mobile,median,2023-12,25.2,12.46,24,9,95,month,2023-12-01,2023-12-01
uzbekistan,mobile,median,2024-01,26.97,11.25,24,9,91,month,2024-01-01,2024-01-01
uzbekistan,mobile,median,2024-02,26.24,11.08,24,9,94,month,2024-02-01,2024-02-01
uzbekistan,mobile,median,2024-03,28.25,11.79,24,9,93,month,2024-03-01,2024-03-01
uzbekistan,mobile,median,2024-04,29.93,12.04,23,9,88,month,2024-04-01,2024-04-01
uzbekistan,mobile,median,2024-05,29.5,11.4,23,9,89,month,2024-05-01,2024-05-01
uzbekistan,mobile,median,2024-06,30.34,12.09,23,9,77,rolling_quarter,2024-04-01,2024-06-01
uzbekistan,mobile,median,2024-07,32.01,12.62,23,9,74,rolling_quarter,2024-05-01,2024-07-01
uzbekistan,mobile,median,2024-08,36.19,14.05,23,9,71,rolling_quarter,2024-06-01,2024-08-01
uzbekistan,mobile,median,2024-09,38.96,14.76,23,9,68,rolling_quarter,2024-07-01,2024-09-01
uzbekistan,mobile,median,2024-10,38.97,14.93,23,9,72,rolling_quarter,2024-08-01,2024-10-01
uzbekistan,mobile,median,2024-11,37.82,14.46,23,9,73,rolling_quarter,2024-09-01,2024-11-01
uzbekistan,mobile,median,2024-12,37.03,14.06,23,9,73,rolling_quarter,2024-10-01,2024-12-01
uzbekistan,mobile,median,2025-01,50.9,16.09,22,9,68,rolling_quarter,2024-11-01,2025-01-01
uzbekistan,mobile,median,2025-02,49.79,16.19,22,9,70,rolling_quarter,2024-12-01,2025-02-01
uzbekistan,mobile,median,2025-03,51.8,16.65,22,8,71,rolling_quarter,2025-01-01,2025-03-01
uzbekistan,mobile,median,2025-04,53.33,16.47,22,8,72,rolling_quarter,2025-02-01,2025-04-01
uzbekistan,mobile,median,2025-07,54.74,16.54,22,7,74,rolling_quarter,2025-05-01,2025-07-01
uzbekistan,mobile,median,2025-08,56.16,16.62,21,7,72,rolling_quarter,2025-06-01,2025-08-01
uzbekistan,mobile,median,2025-09,56.34,16.77,21,7,72,rolling_quarter,2025-07-01,2025-09-01
uzbekistan,mobile,median,2025-10,56.71,16.8,21,7,72,rolling_quarter,2025-08-01,2025-10-01
uzbekistan,mobile,median,2025-11,54.27,16.71,21,7,70,rolling_quarter,2025-09-01,2025-11-01
uzbekistan,mobile,median,2025-12,52.84,16.56,21,7,73,rolling_quarter,2025-10-01,2025-12-01
uzbekistan,mobile,median,2026-01,52.47,16.35,21,7,76,rolling_quarter,2025-11-01,2026-01-01
uzbekistan,mobile,median,2026-02,52.49,16.0,21,7,77,rolling_quarter,2025-12-01,2026-02-01
uzbekistan,mobile,median,2026-03,55.19,16.04,20,7,77,rolling_quarter,2026-01-01,2026-03-01
uzbekistan,mobile,median,2026-04,57.77,16.03,20,7,76,rolling_quarter,2026-02-01,2026-04-01
uzbekistan,mobile,median,2026-05,61.03,15.66,20,7,77,rolling_quarter,2026-03-01,2026-05-01
uzbekistan,mobile,median,2026-06,62.87,15.08,20,7,73,rolling_quarter,2026-04-01,2026-06-01
uzbekistan,mobile,median,2026-07,62.42,14.71,21,7,75,rolling_quarter,2026-05-01,2026-07-01
